property_id,block,street_name,town
406 ANG MO KIO AVE 10,406,ANG MO KIO AVE 10,ANG MO KIO
108 ANG MO KIO AVE 4,108,ANG MO KIO AVE 4,ANG MO KIO
602 ANG MO KIO AVE 5,602,ANG MO KIO AVE 5,ANG MO KIO
465 ANG MO KIO AVE 10,465,ANG MO KIO AVE 10,ANG MO KIO
601 ANG MO KIO AVE 5,601,ANG MO KIO AVE 5,ANG MO KIO
150 ANG MO KIO AVE 5,150,ANG MO KIO AVE 5,ANG MO KIO
447 ANG MO KIO AVE 10,447,ANG MO KIO AVE 10,ANG MO KIO
218 ANG MO KIO AVE 1,218,ANG MO KIO AVE 1,ANG MO KIO
571 ANG MO KIO AVE 3,571,ANG MO KIO AVE 3,ANG MO KIO
534 ANG MO KIO AVE 10,534,ANG MO KIO AVE 10,ANG MO KIO
233 ANG MO KIO AVE 3,233,ANG MO KIO AVE 3,ANG MO KIO
235 ANG MO KIO AVE 3,235,ANG MO KIO AVE 3,ANG MO KIO
219 ANG MO KIO AVE 1,219,ANG MO KIO AVE 1,ANG MO KIO
536 ANG MO KIO AVE 10,536,ANG MO KIO AVE 10,ANG MO KIO
230 ANG MO KIO AVE 3,230,ANG MO KIO AVE 3,ANG MO KIO
570 ANG MO KIO AVE 3,570,ANG MO KIO AVE 3,ANG MO KIO
624 ANG MO KIO AVE 4,624,ANG MO KIO AVE 4,ANG MO KIO
441 ANG MO KIO AVE 10,441,ANG MO KIO AVE 10,ANG MO KIO
625 ANG MO KIO AVE 9,625,ANG MO KIO AVE 9,ANG MO KIO
119 ANG MO KIO AVE 3,119,ANG MO KIO AVE 3,ANG MO KIO
255 ANG MO KIO AVE 4,255,ANG MO KIO AVE 4,ANG MO KIO
432 ANG MO KIO AVE 10,432,ANG MO KIO AVE 10,ANG MO KIO
211 ANG MO KIO AVE 3,211,ANG MO KIO AVE 3,ANG MO KIO
584 ANG MO KIO AVE 3,584,ANG MO KIO AVE 3,ANG MO KIO
118 ANG MO KIO AVE 4,118,ANG MO KIO AVE 4,ANG MO KIO
333 ANG MO KIO AVE 1,333,ANG MO KIO AVE 1,ANG MO KIO
256 ANG MO KIO AVE 4,256,ANG MO KIO AVE 4,ANG MO KIO
330 ANG MO KIO AVE 1,330,ANG MO KIO AVE 1,ANG MO KIO
557 ANG MO KIO AVE 10,557,ANG MO KIO AVE 10,ANG MO KIO
302 ANG MO KIO AVE 3,302,ANG MO KIO AVE 3,ANG MO KIO
575 ANG MO KIO AVE 10,575,ANG MO KIO AVE 10,ANG MO KIO
509 ANG MO KIO AVE 8,509,ANG MO KIO AVE 8,ANG MO KIO
472 ANG MO KIO AVE 10,472,ANG MO KIO AVE 10,ANG MO KIO
475 ANG MO KIO AVE 10,475,ANG MO KIO AVE 10,ANG MO KIO
629 ANG MO KIO AVE 4,629,ANG MO KIO AVE 4,ANG MO KIO
546 ANG MO KIO AVE 10,546,ANG MO KIO AVE 10,ANG MO KIO
131 ANG MO KIO AVE 3,131,ANG MO KIO AVE 3,ANG MO KIO
254 ANG MO KIO AVE 4,254,ANG MO KIO AVE 4,ANG MO KIO
470 ANG MO KIO AVE 10,470,ANG MO KIO AVE 10,ANG MO KIO
463 ANG MO KIO AVE 10,463,ANG MO KIO AVE 10,ANG MO KIO
207 ANG MO KIO AVE 1,207,ANG MO KIO AVE 1,ANG MO KIO
304 ANG MO KIO AVE 1,304,ANG MO KIO AVE 1,ANG MO KIO
646 ANG MO KIO AVE 6,646,ANG MO KIO AVE 6,ANG MO KIO
328 ANG MO KIO AVE 3,328,ANG MO KIO AVE 3,ANG MO KIO
588C ANG MO KIO ST 52,588C,ANG MO KIO ST 52,ANG MO KIO
588D ANG MO KIO ST 52,588D,ANG MO KIO ST 52,ANG MO KIO
101 ANG MO KIO AVE 3,101,ANG MO KIO AVE 3,ANG MO KIO
430 ANG MO KIO AVE 3,430,ANG MO KIO AVE 3,ANG MO KIO
520 ANG MO KIO AVE 5,520,ANG MO KIO AVE 5,ANG MO KIO
716 ANG MO KIO AVE 6,716,ANG MO KIO AVE 6,ANG MO KIO
588A ANG MO KIO ST 52,588A,ANG MO KIO ST 52,ANG MO KIO
310A ANG MO KIO AVE 1,310A,ANG MO KIO AVE 1,ANG MO KIO
613 ANG MO KIO AVE 4,613,ANG MO KIO AVE 4,ANG MO KIO
101 BEDOK NTH AVE 4,101,BEDOK NTH AVE 4,BEDOK
548 BEDOK NTH AVE 1,548,BEDOK NTH AVE 1,BEDOK
75 BEDOK NTH RD,75,BEDOK NTH RD,BEDOK
550 BEDOK NTH AVE 1,550,BEDOK NTH AVE 1,BEDOK
1 BEDOK STH AVE 1,1,BEDOK STH AVE 1,BEDOK
151 BEDOK RESERVOIR RD,151,BEDOK RESERVOIR RD,BEDOK
54 CHAI CHEE ST,54,CHAI CHEE ST,BEDOK
50 CHAI CHEE ST,50,CHAI CHEE ST,BEDOK
105 BEDOK RESERVOIR RD,105,BEDOK RESERVOIR RD,BEDOK
528 BEDOK NTH ST 3,528,BEDOK NTH ST 3,BEDOK
534 BEDOK NTH ST 3,534,BEDOK NTH ST 3,BEDOK
77 BEDOK NTH RD,77,BEDOK NTH RD,BEDOK
116 BEDOK RESERVOIR RD,116,BEDOK RESERVOIR RD,BEDOK
18 BEDOK STH RD,18,BEDOK STH RD,BEDOK
40 CHAI CHEE AVE,40,CHAI CHEE AVE,BEDOK
57 NEW UPP CHANGI RD,57,NEW UPP CHANGI RD,BEDOK
105 BEDOK NTH AVE 4,105,BEDOK NTH AVE 4,BEDOK
709 BEDOK RESERVOIR RD,709,BEDOK RESERVOIR RD,BEDOK
42 CHAI CHEE ST,42,CHAI CHEE ST,BEDOK
55 CHAI CHEE DR,55,CHAI CHEE DR,BEDOK
2 BEDOK STH AVE 1,2,BEDOK STH AVE 1,BEDOK
37 CHAI CHEE AVE,37,CHAI CHEE AVE,BEDOK
425 BEDOK NTH RD,425,BEDOK NTH RD,BEDOK
117 BEDOK NTH RD,117,BEDOK NTH RD,BEDOK
423 BEDOK NTH AVE 1,423,BEDOK NTH AVE 1,BEDOK
533 BEDOK NTH ST 3,533,BEDOK NTH ST 3,BEDOK
149 BEDOK RESERVOIR RD,149,BEDOK RESERVOIR RD,BEDOK
35 BEDOK STH AVE 2,35,BEDOK STH AVE 2,BEDOK
42 BEDOK STH RD,42,BEDOK STH RD,BEDOK
34 BEDOK STH AVE 2,34,BEDOK STH AVE 2,BEDOK
7 BEDOK STH AVE 2,7,BEDOK STH AVE 2,BEDOK
8 BEDOK STH AVE 2,8,BEDOK STH AVE 2,BEDOK
80 BEDOK NTH RD,80,BEDOK NTH RD,BEDOK
78 BEDOK NTH RD,78,BEDOK NTH RD,BEDOK
135 BEDOK RESERVOIR RD,135,BEDOK RESERVOIR RD,BEDOK
148 BEDOK RESERVOIR RD,148,BEDOK RESERVOIR RD,BEDOK
81 BEDOK NTH RD,81,BEDOK NTH RD,BEDOK
142 BEDOK RESERVOIR RD,142,BEDOK RESERVOIR RD,BEDOK
124 BEDOK NTH RD,124,BEDOK NTH RD,BEDOK
705 BEDOK NTH RD,705,BEDOK NTH RD,BEDOK
554 BEDOK NTH ST 3,554,BEDOK NTH ST 3,BEDOK
602 BEDOK RESERVOIR RD,602,BEDOK RESERVOIR RD,BEDOK
508 BEDOK NTH AVE 3,508,BEDOK NTH AVE 3,BEDOK
720 BEDOK RESERVOIR RD,720,BEDOK RESERVOIR RD,BEDOK
765 BEDOK RESERVOIR VIEW,765,BEDOK RESERVOIR VIEW,BEDOK
10 CHAI CHEE RD,10,CHAI CHEE RD,BEDOK
185 BEDOK NTH RD,185,BEDOK NTH RD,BEDOK
111 LENGKONG TIGA,111,LENGKONG TIGA,BEDOK
220B BEDOK CTRL,220B,BEDOK CTRL,BEDOK
603 BEDOK RESERVOIR RD,603,BEDOK RESERVOIR RD,BEDOK
21 CHAI CHEE RD,21,CHAI CHEE RD,BEDOK
672 JLN DAMAI,672,JLN DAMAI,BEDOK
415 BEDOK NTH AVE 2,415,BEDOK NTH AVE 2,BEDOK
763 BEDOK RESERVOIR VIEW,763,BEDOK RESERVOIR VIEW,BEDOK
805 CHAI CHEE RD,805,CHAI CHEE RD,BEDOK
723 BEDOK RESERVOIR RD,723,BEDOK RESERVOIR RD,BEDOK
722 BEDOK RESERVOIR RD,722,BEDOK RESERVOIR RD,BEDOK
219C BEDOK CTRL,219C,BEDOK CTRL,BEDOK
640 BEDOK RESERVOIR RD,640,BEDOK RESERVOIR RD,BEDOK
160 BEDOK STH AVE 3,160,BEDOK STH AVE 3,BEDOK
94C BEDOK NTH AVE 4,94C,BEDOK NTH AVE 4,BEDOK
22 SIN MING RD,22,SIN MING RD,BISHAN
407 SIN MING AVE,407,SIN MING AVE,BISHAN
105 BISHAN ST 12,105,BISHAN ST 12,BISHAN
167 BISHAN ST 13,167,BISHAN ST 13,BISHAN
111 BISHAN ST 12,111,BISHAN ST 12,BISHAN
181 BISHAN ST 13,181,BISHAN ST 13,BISHAN
166 BISHAN ST 13,166,BISHAN ST 13,BISHAN
109 BISHAN ST 12,109,BISHAN ST 12,BISHAN
115 BISHAN ST 12,115,BISHAN ST 12,BISHAN
260 BISHAN ST 22,260,BISHAN ST 22,BISHAN
275A BISHAN ST 24,275A,BISHAN ST 24,BISHAN
214 BISHAN ST 23,214,BISHAN ST 23,BISHAN
182 BISHAN ST 13,182,BISHAN ST 13,BISHAN
448 BRIGHT HILL DR,448,BRIGHT HILL DR,BISHAN
402 SIN MING AVE,402,SIN MING AVE,BISHAN
128 BISHAN ST 12,128,BISHAN ST 12,BISHAN
303 SHUNFU RD,303,SHUNFU RD,BISHAN
231 BISHAN ST 23,231,BISHAN ST 23,BISHAN
134 BISHAN ST 12,134,BISHAN ST 12,BISHAN
342 BT BATOK ST 34,342,BT BATOK ST 34,BUKIT BATOK
530 BT BATOK ST 51,530,BT BATOK ST 51,BUKIT BATOK
145 BT BATOK ST 11,145,BT BATOK ST 11,BUKIT BATOK
528 BT BATOK ST 51,528,BT BATOK ST 51,BUKIT BATOK
537 BT BATOK ST 52,537,BT BATOK ST 52,BUKIT BATOK
213 BT BATOK ST 21,213,BT BATOK ST 21,BUKIT BATOK
219 BT BATOK ST 21,219,BT BATOK ST 21,BUKIT BATOK
235 BT BATOK EAST AVE 5,235,BT BATOK EAST AVE 5,BUKIT BATOK
130 BT BATOK WEST AVE 6,130,BT BATOK WEST AVE 6,BUKIT BATOK
212 BT BATOK ST 21,212,BT BATOK ST 21,BUKIT BATOK
346 BT BATOK ST 34,346,BT BATOK ST 34,BUKIT BATOK
226 BT BATOK CTRL,226,BT BATOK CTRL,BUKIT BATOK
247 BT BATOK EAST AVE 5,247,BT BATOK EAST AVE 5,BUKIT BATOK
169 BT BATOK WEST AVE 8,169,BT BATOK WEST AVE 8,BUKIT BATOK
154 BT BATOK ST 11,154,BT BATOK ST 11,BUKIT BATOK
260 BT BATOK EAST AVE 4,260,BT BATOK EAST AVE 4,BUKIT BATOK
360 BT BATOK ST 31,360,BT BATOK ST 31,BUKIT BATOK
217 BT BATOK ST 21,217,BT BATOK ST 21,BUKIT BATOK
178 BT BATOK WEST AVE 8,178,BT BATOK WEST AVE 8,BUKIT BATOK
265 BT BATOK EAST AVE 4,265,BT BATOK EAST AVE 4,BUKIT BATOK
134 BT BATOK WEST AVE 6,134,BT BATOK WEST AVE 6,BUKIT BATOK
301 BT BATOK ST 31,301,BT BATOK ST 31,BUKIT BATOK
289E BT BATOK ST 25,289E,BT BATOK ST 25,BUKIT BATOK
244 BT BATOK EAST AVE 5,244,BT BATOK EAST AVE 5,BUKIT BATOK
248 BT BATOK EAST AVE 5,248,BT BATOK EAST AVE 5,BUKIT BATOK
290D BT BATOK EAST AVE 3,290D,BT BATOK EAST AVE 3,BUKIT BATOK
395 BT BATOK WEST AVE 5,395,BT BATOK WEST AVE 5,BUKIT BATOK
642 BT BATOK CTRL,642,BT BATOK CTRL,BUKIT BATOK
185 BT BATOK WEST AVE 6,185,BT BATOK WEST AVE 6,BUKIT BATOK
106 BT BATOK CTRL,106,BT BATOK CTRL,BUKIT BATOK
210 BT BATOK ST 21,210,BT BATOK ST 21,BUKIT BATOK
386 BT BATOK WEST AVE 5,386,BT BATOK WEST AVE 5,BUKIT BATOK
394 BT BATOK WEST AVE 5,394,BT BATOK WEST AVE 5,BUKIT BATOK
190 BT BATOK WEST AVE 6,190,BT BATOK WEST AVE 6,BUKIT BATOK
206 BT BATOK ST 21,206,BT BATOK ST 21,BUKIT BATOK
211 BT BATOK ST 21,211,BT BATOK ST 21,BUKIT BATOK
391 BT BATOK WEST AVE 5,391,BT BATOK WEST AVE 5,BUKIT BATOK
205 BT BATOK ST 21,205,BT BATOK ST 21,BUKIT BATOK
193 BT BATOK WEST AVE 6,193,BT BATOK WEST AVE 6,BUKIT BATOK
624 BT BATOK CTRL,624,BT BATOK CTRL,BUKIT BATOK
290A BT BATOK ST 24,290A,BT BATOK ST 24,BUKIT BATOK
141 BT BATOK ST 11,141,BT BATOK ST 11,BUKIT BATOK
120 BT BATOK CTRL,120,BT BATOK CTRL,BUKIT BATOK
289A BT BATOK ST 25,289A,BT BATOK ST 25,BUKIT BATOK
10 JLN BT HO SWEE,10,JLN BT HO SWEE,BUKIT MERAH
2 JLN BT HO SWEE,2,JLN BT HO SWEE,BUKIT MERAH
45 TELOK BLANGAH DR,45,TELOK BLANGAH DR,BUKIT MERAH
36 BEO CRES,36,BEO CRES,BUKIT MERAH
20 TELOK BLANGAH CRES,20,TELOK BLANGAH CRES,BUKIT MERAH
16 TAMAN HO SWEE,16,TAMAN HO SWEE,BUKIT MERAH
32 TELOK BLANGAH RISE,32,TELOK BLANGAH RISE,BUKIT MERAH
33 TELOK BLANGAH WAY,33,TELOK BLANGAH WAY,BUKIT MERAH
142 JLN BT MERAH,142,JLN BT MERAH,BUKIT MERAH
131 JLN BT MERAH,131,JLN BT MERAH,BUKIT MERAH
30 JLN KLINIK,30,JLN KLINIK,BUKIT MERAH
63 TELOK BLANGAH HTS,63,TELOK BLANGAH HTS,BUKIT MERAH
61 TELOK BLANGAH HTS,61,TELOK BLANGAH HTS,BUKIT MERAH
116 BT MERAH VIEW,116,BT MERAH VIEW,BUKIT MERAH
44 TELOK BLANGAH DR,44,TELOK BLANGAH DR,BUKIT MERAH
24 BEO CRES,24,BEO CRES,BUKIT MERAH
78 INDUS RD,78,INDUS RD,BUKIT MERAH
55 TELOK BLANGAH DR,55,TELOK BLANGAH DR,BUKIT MERAH
130 BT MERAH VIEW,130,BT MERAH VIEW,BUKIT MERAH
122 BT MERAH LANE 1,122,BT MERAH LANE 1,BUKIT MERAH
80C TELOK BLANGAH ST 31,80C,TELOK BLANGAH ST 31,BUKIT MERAH
50 MOH GUAN TER,50,MOH GUAN TER,BUKIT MERAH
47 MOH GUAN TER,47,MOH GUAN TER,BUKIT MERAH
54 HAVELOCK RD,54,HAVELOCK RD,BUKIT MERAH
101 HENDERSON CRES,101,HENDERSON CRES,BUKIT MERAH
23 TELOK BLANGAH CRES,23,TELOK BLANGAH CRES,BUKIT MERAH
106 HENDERSON CRES,106,HENDERSON CRES,BUKIT MERAH
115 BT PURMEI RD,115,BT PURMEI RD,BUKIT MERAH
108 BT PURMEI RD,108,BT PURMEI RD,BUKIT MERAH
129 KIM TIAN RD,129,KIM TIAN RD,BUKIT MERAH
106B DEPOT RD,106B,DEPOT RD,BUKIT MERAH
38 JLN RUMAH TINGGI,38,JLN RUMAH TINGGI,BUKIT MERAH
3 DELTA AVE,3,DELTA AVE,BUKIT MERAH
134 JLN BT MERAH,134,JLN BT MERAH,BUKIT MERAH
80A TELOK BLANGAH ST 31,80A,TELOK BLANGAH ST 31,BUKIT MERAH
27A JLN MEMBINA,27A,JLN MEMBINA,BUKIT MERAH
75A REDHILL RD,75A,REDHILL RD,BUKIT MERAH
77A REDHILL RD,77A,REDHILL RD,BUKIT MERAH
57 HAVELOCK RD,57,HAVELOCK RD,BUKIT MERAH
48 LENGKOK BAHRU,48,LENGKOK BAHRU,BUKIT MERAH
35 JLN RUMAH TINGGI,35,JLN RUMAH TINGGI,BUKIT MERAH
46 LENGKOK BAHRU,46,LENGKOK BAHRU,BUKIT MERAH
67 TELOK BLANGAH DR,67,TELOK BLANGAH DR,BUKIT MERAH
87 ZION RD,87,ZION RD,BUKIT MERAH
1 DELTA AVE,1,DELTA AVE,BUKIT MERAH
214 PETIR RD,214,PETIR RD,BUKIT PANJANG
123 PENDING RD,123,PENDING RD,BUKIT PANJANG
249 BANGKIT RD,249,BANGKIT RD,BUKIT PANJANG
458 SEGAR RD,458,SEGAR RD,BUKIT PANJANG
506 JELAPANG RD,506,JELAPANG RD,BUKIT PANJANG
621 SENJA RD,621,SENJA RD,BUKIT PANJANG
402 FAJAR RD,402,FAJAR RD,BUKIT PANJANG
419 FAJAR RD,419,FAJAR RD,BUKIT PANJANG
526 JELAPANG RD,526,JELAPANG RD,BUKIT PANJANG
623 SENJA RD,623,SENJA RD,BUKIT PANJANG
128 PENDING RD,128,PENDING RD,BUKIT PANJANG
204 PETIR RD,204,PETIR RD,BUKIT PANJANG
473 SEGAR RD,473,SEGAR RD,BUKIT PANJANG
237 BT PANJANG RING RD,237,BT PANJANG RING RD,BUKIT PANJANG
539 BT PANJANG RING RD,539,BT PANJANG RING RD,BUKIT PANJANG
516 JELAPANG RD,516,JELAPANG RD,BUKIT PANJANG
217 PETIR RD,217,PETIR RD,BUKIT PANJANG
218 PETIR RD,218,PETIR RD,BUKIT PANJANG
517 JELAPANG RD,517,JELAPANG RD,BUKIT PANJANG
652 SENJA LINK,652,SENJA LINK,BUKIT PANJANG
624 SENJA RD,624,SENJA RD,BUKIT PANJANG
629 SENJA RD,629,SENJA RD,BUKIT PANJANG
455 SEGAR RD,455,SEGAR RD,BUKIT PANJANG
176 LOMPANG RD,176,LOMPANG RD,BUKIT PANJANG
418 FAJAR RD,418,FAJAR RD,BUKIT PANJANG
484 SEGAR RD,484,SEGAR RD,BUKIT PANJANG
140 PETIR RD,140,PETIR RD,BUKIT PANJANG
152 GANGSA RD,152,GANGSA RD,BUKIT PANJANG
537 BT PANJANG RING RD,537,BT PANJANG RING RD,BUKIT PANJANG
401 FAJAR RD,401,FAJAR RD,BUKIT PANJANG
242 BT PANJANG RING RD,242,BT PANJANG RING RD,BUKIT PANJANG
613 BT PANJANG RING RD,613,BT PANJANG RING RD,BUKIT PANJANG
654 SENJA RD,654,SENJA RD,BUKIT PANJANG
536 JELAPANG RD,536,JELAPANG RD,BUKIT PANJANG
154 GANGSA RD,154,GANGSA RD,BUKIT PANJANG
174 LOMPANG RD,174,LOMPANG RD,BUKIT PANJANG
177 LOMPANG RD,177,LOMPANG RD,BUKIT PANJANG
606 SENJA RD,606,SENJA RD,BUKIT PANJANG
650 SENJA LINK,650,SENJA LINK,BUKIT PANJANG
228 PENDING RD,228,PENDING RD,BUKIT PANJANG
151 PETIR RD,151,PETIR RD,BUKIT PANJANG
4 TOH YI DR,4,TOH YI DR,BUKIT TIMAH
5 FARRER RD,5,FARRER RD,BUKIT TIMAH
15 TOH YI DR,15,TOH YI DR,BUKIT TIMAH
9 JLN KUKOH,9,JLN KUKOH,CENTRAL AREA
640 ROWELL RD,640,ROWELL RD,CENTRAL AREA
264 WATERLOO ST,264,WATERLOO ST,CENTRAL AREA
32 NEW MKT RD,32,NEW MKT RD,CENTRAL AREA
5 TG PAGAR PLAZA,5,TG PAGAR PLAZA,CENTRAL AREA
271 QUEEN ST,271,QUEEN ST,CENTRAL AREA
232 BAIN ST,232,BAIN ST,CENTRAL AREA
1C CANTONMENT RD,1C,CANTONMENT RD,CENTRAL AREA
1F CANTONMENT RD,1F,CANTONMENT RD,CENTRAL AREA
1B CANTONMENT RD,1B,CANTONMENT RD,CENTRAL AREA
111 TECK WHYE LANE,111,TECK WHYE LANE,CHOA CHU KANG
114 TECK WHYE LANE,114,TECK WHYE LANE,CHOA CHU KANG
460 CHOA CHU KANG AVE 4,460,CHOA CHU KANG AVE 4,CHOA CHU KANG
121 TECK WHYE LANE,121,TECK WHYE LANE,CHOA CHU KANG
404 CHOA CHU KANG AVE 3,404,CHOA CHU KANG AVE 3,CHOA CHU KANG
692B CHOA CHU KANG CRES,692B,CHOA CHU KANG CRES,CHOA CHU KANG
115 TECK WHYE LANE,115,TECK WHYE LANE,CHOA CHU KANG
422 CHOA CHU KANG AVE 4,422,CHOA CHU KANG AVE 4,CHOA CHU KANG
680 CHOA CHU KANG CRES,680,CHOA CHU KANG CRES,CHOA CHU KANG
771 CHOA CHU KANG ST 54,771,CHOA CHU KANG ST 54,CHOA CHU KANG
229 CHOA CHU KANG CTRL,229,CHOA CHU KANG CTRL,CHOA CHU KANG
237 CHOA CHU KANG CTRL,237,CHOA CHU KANG CTRL,CHOA CHU KANG
157 JLN TECK WHYE,157,JLN TECK WHYE,CHOA CHU KANG
416 CHOA CHU KANG AVE 4,416,CHOA CHU KANG AVE 4,CHOA CHU KANG
414 CHOA CHU KANG AVE 4,414,CHOA CHU KANG AVE 4,CHOA CHU KANG
239 CHOA CHU KANG CTRL,239,CHOA CHU KANG CTRL,CHOA CHU KANG
423 CHOA CHU KANG AVE 4,423,CHOA CHU KANG AVE 4,CHOA CHU KANG
621 CHOA CHU KANG ST 62,621,CHOA CHU KANG ST 62,CHOA CHU KANG
657 CHOA CHU KANG CRES,657,CHOA CHU KANG CRES,CHOA CHU KANG
418 CHOA CHU KANG AVE 4,418,CHOA CHU KANG AVE 4,CHOA CHU KANG
608 CHOA CHU KANG ST 62,608,CHOA CHU KANG ST 62,CHOA CHU KANG
412 CHOA CHU KANG AVE 3,412,CHOA CHU KANG AVE 3,CHOA CHU KANG
635 CHOA CHU KANG NTH 6,635,CHOA CHU KANG NTH 6,CHOA CHU KANG
353 CHOA CHU KANG CTRL,353,CHOA CHU KANG CTRL,CHOA CHU KANG
453 CHOA CHU KANG AVE 4,453,CHOA CHU KANG AVE 4,CHOA CHU KANG
689A CHOA CHU KANG DR,689A,CHOA CHU KANG DR,CHOA CHU KANG
692A CHOA CHU KANG CRES,692A,CHOA CHU KANG CRES,CHOA CHU KANG
689B CHOA CHU KANG DR,689B,CHOA CHU KANG DR,CHOA CHU KANG
760 CHOA CHU KANG NTH 5,760,CHOA CHU KANG NTH 5,CHOA CHU KANG
544 CHOA CHU KANG ST 52,544,CHOA CHU KANG ST 52,CHOA CHU KANG
690A CHOA CHU KANG CRES,690A,CHOA CHU KANG CRES,CHOA CHU KANG
474 CHOA CHU KANG AVE 3,474,CHOA CHU KANG AVE 3,CHOA CHU KANG
248 CHOA CHU KANG AVE 2,248,CHOA CHU KANG AVE 2,CHOA CHU KANG
626 CHOA CHU KANG ST 62,626,CHOA CHU KANG ST 62,CHOA CHU KANG
789 CHOA CHU KANG NTH 6,789,CHOA CHU KANG NTH 6,CHOA CHU KANG
671 CHOA CHU KANG CRES,671,CHOA CHU KANG CRES,CHOA CHU KANG
296B CHOA CHU KANG AVE 2,296B,CHOA CHU KANG AVE 2,CHOA CHU KANG
604 CHOA CHU KANG ST 62,604,CHOA CHU KANG ST 62,CHOA CHU KANG
663 CHOA CHU KANG CRES,663,CHOA CHU KANG CRES,CHOA CHU KANG
101 TECK WHYE LANE,101,TECK WHYE LANE,CHOA CHU KANG
715 CLEMENTI WEST ST 2,715,CLEMENTI WEST ST 2,CLEMENTI
702 WEST COAST RD,702,WEST COAST RD,CLEMENTI
607 CLEMENTI WEST ST 1,607,CLEMENTI WEST ST 1,CLEMENTI
374 CLEMENTI AVE 4,374,CLEMENTI AVE 4,CLEMENTI
346 CLEMENTI AVE 5,346,CLEMENTI AVE 5,CLEMENTI
109 CLEMENTI ST 11,109,CLEMENTI ST 11,CLEMENTI
339 CLEMENTI AVE 5,339,CLEMENTI AVE 5,CLEMENTI
351 CLEMENTI AVE 2,351,CLEMENTI AVE 2,CLEMENTI
334 CLEMENTI AVE 2,334,CLEMENTI AVE 2,CLEMENTI
305 CLEMENTI AVE 4,305,CLEMENTI AVE 4,CLEMENTI
364 CLEMENTI AVE 2,364,CLEMENTI AVE 2,CLEMENTI
371 CLEMENTI AVE 4,371,CLEMENTI AVE 4,CLEMENTI
449 CLEMENTI AVE 3,449,CLEMENTI AVE 3,CLEMENTI
418 CLEMENTI AVE 1,418,CLEMENTI AVE 1,CLEMENTI
730 CLEMENTI WEST ST 2,730,CLEMENTI WEST ST 2,CLEMENTI
716 CLEMENTI WEST ST 2,716,CLEMENTI WEST ST 2,CLEMENTI
709 CLEMENTI WEST ST 2,709,CLEMENTI WEST ST 2,CLEMENTI
611 CLEMENTI WEST ST 1,611,CLEMENTI WEST ST 1,CLEMENTI
348 CLEMENTI AVE 5,348,CLEMENTI AVE 5,CLEMENTI
411 C'WEALTH AVE WEST,411,C'WEALTH AVE WEST,CLEMENTI
324 CLEMENTI AVE 5,324,CLEMENTI AVE 5,CLEMENTI
307 CLEMENTI AVE 4,307,CLEMENTI AVE 4,CLEMENTI
461 CLEMENTI AVE 3,461,CLEMENTI AVE 3,CLEMENTI
723 CLEMENTI WEST ST 2,723,CLEMENTI WEST ST 2,CLEMENTI
724 CLEMENTI WEST ST 2,724,CLEMENTI WEST ST 2,CLEMENTI
46 CIRCUIT RD,46,CIRCUIT RD,GEYLANG
43 CIRCUIT RD,43,CIRCUIT RD,GEYLANG
30 BALAM RD,30,BALAM RD,GEYLANG
21 BALAM RD,21,BALAM RD,GEYLANG
22 BALAM RD,22,BALAM RD,GEYLANG
47 CIRCUIT RD,47,CIRCUIT RD,GEYLANG
67 CIRCUIT RD,67,CIRCUIT RD,GEYLANG
82 MACPHERSON LANE,82,MACPHERSON LANE,GEYLANG
37 CIRCUIT RD,37,CIRCUIT RD,GEYLANG
24 BALAM RD,24,BALAM RD,GEYLANG
65 CIRCUIT RD,65,CIRCUIT RD,GEYLANG
49 CIRCUIT RD,49,CIRCUIT RD,GEYLANG
24 EUNOS CRES,24,EUNOS CRES,GEYLANG
302 UBI AVE 1,302,UBI AVE 1,GEYLANG
4 HAIG RD,4,HAIG RD,GEYLANG
95 OLD AIRPORT RD,95,OLD AIRPORT RD,GEYLANG
36 CIRCUIT RD,36,CIRCUIT RD,GEYLANG
10 HAIG RD,10,HAIG RD,GEYLANG
128 GEYLANG EAST AVE 1,128,GEYLANG EAST AVE 1,GEYLANG
33 EUNOS CRES,33,EUNOS CRES,GEYLANG
344 UBI AVE 1,344,UBI AVE 1,GEYLANG
40 SIMS DR,40,SIMS DR,GEYLANG
54 PIPIT RD,54,PIPIT RD,GEYLANG
42 SIMS DR,42,SIMS DR,GEYLANG
42 CIRCUIT RD,42,CIRCUIT RD,GEYLANG
120 GEYLANG EAST CTRL,120,GEYLANG EAST CTRL,GEYLANG
5 HAIG RD,5,HAIG RD,GEYLANG
134 GEYLANG EAST AVE 1,134,GEYLANG EAST AVE 1,GEYLANG
411 EUNOS RD 5,411,EUNOS RD 5,GEYLANG
30 CASSIA CRES,30,CASSIA CRES,GEYLANG
986A BUANGKOK CRES,986A,BUANGKOK CRES,HOUGANG
22 HOUGANG AVE 3,22,HOUGANG AVE 3,HOUGANG
644 HOUGANG AVE 8,644,HOUGANG AVE 8,HOUGANG
24 HOUGANG AVE 3,24,HOUGANG AVE 3,HOUGANG
108 HOUGANG AVE 1,108,HOUGANG AVE 1,HOUGANG
619 HOUGANG AVE 8,619,HOUGANG AVE 8,HOUGANG
623 HOUGANG AVE 8,623,HOUGANG AVE 8,HOUGANG
311 HOUGANG AVE 5,311,HOUGANG AVE 5,HOUGANG
501 HOUGANG AVE 8,501,HOUGANG AVE 8,HOUGANG
698 HOUGANG ST 61,698,HOUGANG ST 61,HOUGANG
307 HOUGANG AVE 5,307,HOUGANG AVE 5,HOUGANG
21 HOUGANG AVE 3,21,HOUGANG AVE 3,HOUGANG
322 HOUGANG AVE 5,322,HOUGANG AVE 5,HOUGANG
308 HOUGANG AVE 5,308,HOUGANG AVE 5,HOUGANG
154 HOUGANG ST 11,154,HOUGANG ST 11,HOUGANG
339 HOUGANG AVE 7,339,HOUGANG AVE 7,HOUGANG
681 HOUGANG AVE 8,681,HOUGANG AVE 8,HOUGANG
314 HOUGANG AVE 5,314,HOUGANG AVE 5,HOUGANG
336 HOUGANG AVE 7,336,HOUGANG AVE 7,HOUGANG
321 HOUGANG AVE 5,321,HOUGANG AVE 5,HOUGANG
602 HOUGANG AVE 4,602,HOUGANG AVE 4,HOUGANG
709 HOUGANG AVE 2,709,HOUGANG AVE 2,HOUGANG
674 HOUGANG AVE 8,674,HOUGANG AVE 8,HOUGANG
165 HOUGANG AVE 1,165,HOUGANG AVE 1,HOUGANG
332 HOUGANG AVE 5,332,HOUGANG AVE 5,HOUGANG
135 LOR AH SOO,135,LOR AH SOO,HOUGANG
419 HOUGANG AVE 8,419,HOUGANG AVE 8,HOUGANG
938 HOUGANG ST 92,938,HOUGANG ST 92,HOUGANG
435 HOUGANG AVE 8,435,HOUGANG AVE 8,HOUGANG
699B HOUGANG ST 52,699B,HOUGANG ST 52,HOUGANG
155 HOUGANG ST 11,155,HOUGANG ST 11,HOUGANG
445 HOUGANG AVE 8,445,HOUGANG AVE 8,HOUGANG
617 HOUGANG AVE 8,617,HOUGANG AVE 8,HOUGANG
411 HOUGANG AVE 10,411,HOUGANG AVE 10,HOUGANG
448 HOUGANG AVE 10,448,HOUGANG AVE 10,HOUGANG
142 LOR AH SOO,142,LOR AH SOO,HOUGANG
557 HOUGANG ST 51,557,HOUGANG ST 51,HOUGANG
465 UPP SERANGOON RD,465,UPP SERANGOON RD,HOUGANG
835 HOUGANG CTRL,835,HOUGANG CTRL,HOUGANG
922 HOUGANG ST 91,922,HOUGANG ST 91,HOUGANG
912 HOUGANG ST 91,912,HOUGANG ST 91,HOUGANG
971 HOUGANG ST 91,971,HOUGANG ST 91,HOUGANG
941 HOUGANG ST 92,941,HOUGANG ST 92,HOUGANG
984D BUANGKOK LINK,984D,BUANGKOK LINK,HOUGANG
978D BUANGKOK CRES,978D,BUANGKOK CRES,HOUGANG
572 HOUGANG ST 51,572,HOUGANG ST 51,HOUGANG
915 HOUGANG ST 91,915,HOUGANG ST 91,HOUGANG
570 HOUGANG ST 51,570,HOUGANG ST 51,HOUGANG
919 HOUGANG AVE 4,919,HOUGANG AVE 4,HOUGANG
610 HOUGANG AVE 8,610,HOUGANG AVE 8,HOUGANG
958 HOUGANG ST 91,958,HOUGANG ST 91,HOUGANG
929 HOUGANG ST 91,929,HOUGANG ST 91,HOUGANG
456 HOUGANG AVE 10,456,HOUGANG AVE 10,HOUGANG
171 HOUGANG AVE 1,171,HOUGANG AVE 1,HOUGANG
136 LOR AH SOO,136,LOR AH SOO,HOUGANG
466 HOUGANG AVE 8,466,HOUGANG AVE 8,HOUGANG
372 HOUGANG ST 31,372,HOUGANG ST 31,HOUGANG
461 HOUGANG AVE 10,461,HOUGANG AVE 10,HOUGANG
940 HOUGANG ST 92,940,HOUGANG ST 92,HOUGANG
538 HOUGANG ST 52,538,HOUGANG ST 52,HOUGANG
628 HOUGANG AVE 8,628,HOUGANG AVE 8,HOUGANG
407 HOUGANG AVE 10,407,HOUGANG AVE 10,HOUGANG
705 HOUGANG AVE 2,705,HOUGANG AVE 2,HOUGANG
410 PANDAN GDNS,410,PANDAN GDNS,JURONG EAST
37 TEBAN GDNS RD,37,TEBAN GDNS RD,JURONG EAST
247 JURONG EAST ST 24,247,JURONG EAST ST 24,JURONG EAST
250 JURONG EAST ST 24,250,JURONG EAST ST 24,JURONG EAST
231 JURONG EAST ST 21,231,JURONG EAST ST 21,JURONG EAST
330 JURONG EAST AVE 1,330,JURONG EAST AVE 1,JURONG EAST
264 JURONG EAST ST 24,264,JURONG EAST ST 24,JURONG EAST
411 PANDAN GDNS,411,PANDAN GDNS,JURONG EAST
253 JURONG EAST ST 24,253,JURONG EAST ST 24,JURONG EAST
207 JURONG EAST ST 21,207,JURONG EAST ST 21,JURONG EAST
115 JURONG EAST ST 13,115,JURONG EAST ST 13,JURONG EAST
101 JURONG EAST ST 13,101,JURONG EAST ST 13,JURONG EAST
211 JURONG EAST ST 21,211,JURONG EAST ST 21,JURONG EAST
339 JURONG EAST AVE 1,339,JURONG EAST AVE 1,JURONG EAST
62 TEBAN GDNS RD,62,TEBAN GDNS RD,JURONG EAST
311 JURONG EAST ST 32,311,JURONG EAST ST 32,JURONG EAST
112 JURONG EAST ST 13,112,JURONG EAST ST 13,JURONG EAST
283 TOH GUAN RD,283,TOH GUAN RD,JURONG EAST
310 JURONG EAST ST 32,310,JURONG EAST ST 32,JURONG EAST
329 JURONG EAST AVE 1,329,JURONG EAST AVE 1,JURONG EAST
312 JURONG EAST ST 32,312,JURONG EAST ST 32,JURONG EAST
22 TEBAN GDNS RD,22,TEBAN GDNS RD,JURONG EAST
265 TOH GUAN RD,265,TOH GUAN RD,JURONG EAST
272 TOH GUAN RD,272,TOH GUAN RD,JURONG EAST
268 TOH GUAN RD,268,TOH GUAN RD,JURONG EAST
288E JURONG EAST ST 21,288E,JURONG EAST ST 21,JURONG EAST
307 JURONG EAST ST 32,307,JURONG EAST ST 32,JURONG EAST
405 PANDAN GDNS,405,PANDAN GDNS,JURONG EAST
111 JURONG EAST ST 13,111,JURONG EAST ST 13,JURONG EAST
314 JURONG EAST ST 32,314,JURONG EAST ST 32,JURONG EAST
227 JURONG EAST ST 21,227,JURONG EAST ST 21,JURONG EAST
45 TEBAN GDNS RD,45,TEBAN GDNS RD,JURONG EAST
990A JURONG WEST ST 93,990A,JURONG WEST ST 93,JURONG WEST
990B JURONG WEST ST 93,990B,JURONG WEST ST 93,JURONG WEST
185 BOON LAY AVE,185,BOON LAY AVE,JURONG WEST
119 HO CHING RD,119,HO CHING RD,JURONG WEST
174 BOON LAY DR,174,BOON LAY DR,JURONG WEST
113 TAO CHING RD,113,TAO CHING RD,JURONG WEST
176 BOON LAY DR,176,BOON LAY DR,JURONG WEST
120 HO CHING RD,120,HO CHING RD,JURONG WEST
914 JURONG WEST ST 91,914,JURONG WEST ST 91,JURONG WEST
421 JURONG WEST ST 42,421,JURONG WEST ST 42,JURONG WEST
908 JURONG WEST ST 91,908,JURONG WEST ST 91,JURONG WEST
915 JURONG WEST ST 91,915,JURONG WEST ST 91,JURONG WEST
926 JURONG WEST ST 92,926,JURONG WEST ST 92,JURONG WEST
211 BOON LAY PL,211,BOON LAY PL,JURONG WEST
517 JURONG WEST ST 52,517,JURONG WEST ST 52,JURONG WEST
337A TAH CHING RD,337A,TAH CHING RD,JURONG WEST
530 JURONG WEST ST 52,530,JURONG WEST ST 52,JURONG WEST
518 JURONG WEST ST 52,518,JURONG WEST ST 52,JURONG WEST
511 JURONG WEST ST 52,511,JURONG WEST ST 52,JURONG WEST
514 JURONG WEST ST 52,514,JURONG WEST ST 52,JURONG WEST
524 JURONG WEST ST 52,524,JURONG WEST ST 52,JURONG WEST
813 JURONG WEST ST 81,813,JURONG WEST ST 81,JURONG WEST
178 YUNG SHENG RD,178,YUNG SHENG RD,JURONG WEST
854 JURONG WEST ST 81,854,JURONG WEST ST 81,JURONG WEST
276A JURONG WEST ST 25,276A,JURONG WEST ST 25,JURONG WEST
733 JURONG WEST ST 73,733,JURONG WEST ST 73,JURONG WEST
730 JURONG WEST ST 72,730,JURONG WEST ST 72,JURONG WEST
273B JURONG WEST AVE 3,273B,JURONG WEST AVE 3,JURONG WEST
936 JURONG WEST ST 91,936,JURONG WEST ST 91,JURONG WEST
844 JURONG WEST ST 81,844,JURONG WEST ST 81,JURONG WEST
720 JURONG WEST AVE 5,720,JURONG WEST AVE 5,JURONG WEST
750 JURONG WEST ST 73,750,JURONG WEST ST 73,JURONG WEST
848 JURONG WEST ST 81,848,JURONG WEST ST 81,JURONG WEST
943 JURONG WEST ST 91,943,JURONG WEST ST 91,JURONG WEST
153 YUNG HO RD,153,YUNG HO RD,JURONG WEST
833 JURONG WEST ST 81,833,JURONG WEST ST 81,JURONG WEST
545 JURONG WEST ST 42,545,JURONG WEST ST 42,JURONG WEST
950 JURONG WEST ST 91,950,JURONG WEST ST 91,JURONG WEST
747 JURONG WEST ST 73,747,JURONG WEST ST 73,JURONG WEST
179 YUNG SHENG RD,179,YUNG SHENG RD,JURONG WEST
756 JURONG WEST ST 74,756,JURONG WEST ST 74,JURONG WEST
406 JURONG WEST ST 42,406,JURONG WEST ST 42,JURONG WEST
430 JURONG WEST AVE 1,430,JURONG WEST AVE 1,JURONG WEST
713 JURONG WEST ST 71,713,JURONG WEST ST 71,JURONG WEST
259 BOON LAY DR,259,BOON LAY DR,JURONG WEST
450 JURONG WEST ST 42,450,JURONG WEST ST 42,JURONG WEST
722 JURONG WEST AVE 5,722,JURONG WEST AVE 5,JURONG WEST
540 JURONG WEST AVE 1,540,JURONG WEST AVE 1,JURONG WEST
452 JURONG WEST ST 42,452,JURONG WEST ST 42,JURONG WEST
648D JURONG WEST ST 61,648D,JURONG WEST ST 61,JURONG WEST
988A JURONG WEST ST 93,988A,JURONG WEST ST 93,JURONG WEST
674B JURONG WEST ST 65,674B,JURONG WEST ST 65,JURONG WEST
330 TAH CHING RD,330,TAH CHING RD,JURONG WEST
655B JURONG WEST ST 61,655B,JURONG WEST ST 61,JURONG WEST
682C JURONG WEST CTRL 1,682C,JURONG WEST CTRL 1,JURONG WEST
619 JURONG WEST ST 65,619,JURONG WEST ST 65,JURONG WEST
657A JURONG WEST ST 65,657A,JURONG WEST ST 65,JURONG WEST
257 BOON LAY DR,257,BOON LAY DR,JURONG WEST
640 JURONG WEST ST 61,640,JURONG WEST ST 61,JURONG WEST
664A JURONG WEST ST 64,664A,JURONG WEST ST 64,JURONG WEST
648B JURONG WEST ST 61,648B,JURONG WEST ST 61,JURONG WEST
668D JURONG WEST ST 64,668D,JURONG WEST ST 64,JURONG WEST
663C JURONG WEST ST 65,663C,JURONG WEST ST 65,JURONG WEST
602 JURONG WEST ST 62,602,JURONG WEST ST 62,JURONG WEST
663D JURONG WEST ST 65,663D,JURONG WEST ST 65,JURONG WEST
476 JURONG WEST ST 41,476,JURONG WEST ST 41,JURONG WEST
681C JURONG WEST CTRL 1,681C,JURONG WEST CTRL 1,JURONG WEST
987C JURONG WEST ST 93,987C,JURONG WEST ST 93,JURONG WEST
934 JURONG WEST ST 91,934,JURONG WEST ST 91,JURONG WEST
271B JURONG WEST ST 24,271B,JURONG WEST ST 24,JURONG WEST
902 JURONG WEST ST 91,902,JURONG WEST ST 91,JURONG WEST
273C JURONG WEST AVE 3,273C,JURONG WEST AVE 3,JURONG WEST
272A JURONG WEST ST 24,272A,JURONG WEST ST 24,JURONG WEST
821 JURONG WEST ST 81,821,JURONG WEST ST 81,JURONG WEST
818 JURONG WEST ST 81,818,JURONG WEST ST 81,JURONG WEST
843 JURONG WEST ST 81,843,JURONG WEST ST 81,JURONG WEST
673C JURONG WEST ST 65,673C,JURONG WEST ST 65,JURONG WEST
676B JURONG WEST ST 64,676B,JURONG WEST ST 64,JURONG WEST
198 BOON LAY DR,198,BOON LAY DR,JURONG WEST
401 JURONG WEST ST 42,401,JURONG WEST ST 42,JURONG WEST
675B JURONG WEST ST 64,675B,JURONG WEST ST 64,JURONG WEST
605 JURONG WEST ST 62,605,JURONG WEST ST 62,JURONG WEST
659A JURONG WEST ST 65,659A,JURONG WEST ST 65,JURONG WEST
656A JURONG WEST ST 61,656A,JURONG WEST ST 61,JURONG WEST
653A JURONG WEST ST 61,653A,JURONG WEST ST 61,JURONG WEST
610 JURONG WEST ST 65,610,JURONG WEST ST 65,JURONG WEST
659B JURONG WEST ST 65,659B,JURONG WEST ST 65,JURONG WEST
683C JURONG WEST ST 64,683C,JURONG WEST ST 64,JURONG WEST
517C JURONG WEST ST 52,517C,JURONG WEST ST 52,JURONG WEST
274A JURONG WEST AVE 3,274A,JURONG WEST AVE 3,JURONG WEST
906 JURONG WEST ST 91,906,JURONG WEST ST 91,JURONG WEST
714 JURONG WEST ST 71,714,JURONG WEST ST 71,JURONG WEST
671C JURONG WEST ST 65,671C,JURONG WEST ST 65,JURONG WEST
558 JURONG WEST ST 42,558,JURONG WEST ST 42,JURONG WEST
685A JURONG WEST ST 64,685A,JURONG WEST ST 64,JURONG WEST
628 JURONG WEST ST 65,628,JURONG WEST ST 65,JURONG WEST
609 JURONG WEST ST 65,609,JURONG WEST ST 65,JURONG WEST
666B JURONG WEST ST 65,666B,JURONG WEST ST 65,JURONG WEST
683A JURONG WEST CTRL 1,683A,JURONG WEST CTRL 1,JURONG WEST
7 JLN BATU,7,JLN BATU,KALLANG/WHAMPOA
27 JLN BAHAGIA,27,JLN BAHAGIA,KALLANG/WHAMPOA
76 LOR LIMAU,76,LOR LIMAU,KALLANG/WHAMPOA
3 ST. GEORGE'S RD,3,ST. GEORGE'S RD,KALLANG/WHAMPOA
67 KALLANG BAHRU,67,KALLANG BAHRU,KALLANG/WHAMPOA
49 DORSET RD,49,DORSET RD,KALLANG/WHAMPOA
57 GEYLANG BAHRU,57,GEYLANG BAHRU,KALLANG/WHAMPOA
30 BENDEMEER RD,30,BENDEMEER RD,KALLANG/WHAMPOA
6 JLN BATU,6,JLN BATU,KALLANG/WHAMPOA
74 WHAMPOA DR,74,WHAMPOA DR,KALLANG/WHAMPOA
11 UPP BOON KENG RD,11,UPP BOON KENG RD,KALLANG/WHAMPOA
93 GEYLANG BAHRU,93,GEYLANG BAHRU,KALLANG/WHAMPOA
685 RACE COURSE RD,685,RACE COURSE RD,KALLANG/WHAMPOA
46 OWEN RD,46,OWEN RD,KALLANG/WHAMPOA
16 UPP BOON KENG RD,16,UPP BOON KENG RD,KALLANG/WHAMPOA
468 NTH BRIDGE RD,468,NTH BRIDGE RD,KALLANG/WHAMPOA
107 TOWNER RD,107,TOWNER RD,KALLANG/WHAMPOA
105 TOWNER RD,105,TOWNER RD,KALLANG/WHAMPOA
12 FARRER PK RD,12,FARRER PK RD,KALLANG/WHAMPOA
5A UPP BOON KENG RD,5A,UPP BOON KENG RD,KALLANG/WHAMPOA
95 WHAMPOA DR,95,WHAMPOA DR,KALLANG/WHAMPOA
123 MCNAIR RD,123,MCNAIR RD,KALLANG/WHAMPOA
18 JLN TENTERAM,18,JLN TENTERAM,KALLANG/WHAMPOA
38C BENDEMEER RD,38C,BENDEMEER RD,KALLANG/WHAMPOA
3C UPP BOON KENG RD,3C,UPP BOON KENG RD,KALLANG/WHAMPOA
38D BENDEMEER RD,38D,BENDEMEER RD,KALLANG/WHAMPOA
108B MCNAIR RD,108B,MCNAIR RD,KALLANG/WHAMPOA
21 ST. GEORGE'S RD,21,ST. GEORGE'S RD,KALLANG/WHAMPOA
48A DORSET RD,48A,DORSET RD,KALLANG/WHAMPOA
55 GEYLANG BAHRU,55,GEYLANG BAHRU,KALLANG/WHAMPOA
59B GEYLANG BAHRU,59B,GEYLANG BAHRU,KALLANG/WHAMPOA
9 BOON KENG RD,9,BOON KENG RD,KALLANG/WHAMPOA
7 BOON KENG RD,7,BOON KENG RD,KALLANG/WHAMPOA
105 JLN RAJAH,105,JLN RAJAH,KALLANG/WHAMPOA
66 MARINE DR,66,MARINE DR,MARINE PARADE
32 MARINE CRES,32,MARINE CRES,MARINE PARADE
55 MARINE TER,55,MARINE TER,MARINE PARADE
62 MARINE DR,62,MARINE DR,MARINE PARADE
5 CHANGI VILLAGE RD,5,CHANGI VILLAGE RD,PASIR RIS
753 PASIR RIS ST 71,753,PASIR RIS ST 71,PASIR RIS
743 PASIR RIS ST 71,743,PASIR RIS ST 71,PASIR RIS
109 PASIR RIS ST 11,109,PASIR RIS ST 11,PASIR RIS
632 PASIR RIS DR 3,632,PASIR RIS DR 3,PASIR RIS
742 PASIR RIS ST 71,742,PASIR RIS ST 71,PASIR RIS
473 PASIR RIS DR 6,473,PASIR RIS DR 6,PASIR RIS
121 PASIR RIS ST 11,121,PASIR RIS ST 11,PASIR RIS
773 PASIR RIS ST 71,773,PASIR RIS ST 71,PASIR RIS
474 PASIR RIS DR 6,474,PASIR RIS DR 6,PASIR RIS
124 PASIR RIS ST 11,124,PASIR RIS ST 11,PASIR RIS
215 PASIR RIS ST 21,215,PASIR RIS ST 21,PASIR RIS
484 PASIR RIS DR 4,484,PASIR RIS DR 4,PASIR RIS
185 PASIR RIS ST 11,185,PASIR RIS ST 11,PASIR RIS
570 PASIR RIS ST 53,570,PASIR RIS ST 53,PASIR RIS
701 PASIR RIS DR 10,701,PASIR RIS DR 10,PASIR RIS
416 PASIR RIS DR 6,416,PASIR RIS DR 6,PASIR RIS
519 PASIR RIS ST 52,519,PASIR RIS ST 52,PASIR RIS
198 PASIR RIS ST 12,198,PASIR RIS ST 12,PASIR RIS
564 PASIR RIS ST 51,564,PASIR RIS ST 51,PASIR RIS
231 PASIR RIS DR 4,231,PASIR RIS DR 4,PASIR RIS
720 PASIR RIS ST 72,720,PASIR RIS ST 72,PASIR RIS
747 PASIR RIS ST 71,747,PASIR RIS ST 71,PASIR RIS
520 PASIR RIS ST 52,520,PASIR RIS ST 52,PASIR RIS
515 PASIR RIS ST 52,515,PASIR RIS ST 52,PASIR RIS
633 PASIR RIS DR 3,633,PASIR RIS DR 3,PASIR RIS
199 PASIR RIS ST 12,199,PASIR RIS ST 12,PASIR RIS
553 PASIR RIS ST 51,553,PASIR RIS ST 51,PASIR RIS
514 PASIR RIS ST 52,514,PASIR RIS ST 52,PASIR RIS
419 PASIR RIS DR 6,419,PASIR RIS DR 6,PASIR RIS
239 PASIR RIS ST 21,239,PASIR RIS ST 21,PASIR RIS
116 PASIR RIS ST 11,116,PASIR RIS ST 11,PASIR RIS
237 PASIR RIS ST 21,237,PASIR RIS ST 21,PASIR RIS
108 PASIR RIS ST 12,108,PASIR RIS ST 12,PASIR RIS
531 PASIR RIS DR 1,531,PASIR RIS DR 1,PASIR RIS
203B PUNGGOL FIELD,203B,PUNGGOL FIELD,PUNGGOL
132 EDGEDALE PLAINS,132,EDGEDALE PLAINS,PUNGGOL
128A PUNGGOL FIELD WALK,128A,PUNGGOL FIELD WALK,PUNGGOL
106B PUNGGOL FIELD,106B,PUNGGOL FIELD,PUNGGOL
614A EDGEFIELD PLAINS,614A,EDGEFIELD PLAINS,PUNGGOL
195E PUNGGOL RD,195E,PUNGGOL RD,PUNGGOL
168B PUNGGOL EAST,168B,PUNGGOL EAST,PUNGGOL
270A PUNGGOL FIELD,270A,PUNGGOL FIELD,PUNGGOL
195D PUNGGOL RD,195D,PUNGGOL RD,PUNGGOL
613A PUNGGOL DR,613A,PUNGGOL DR,PUNGGOL
615B EDGEFIELD PLAINS,615B,EDGEFIELD PLAINS,PUNGGOL
293 PUNGGOL CTRL,293,PUNGGOL CTRL,PUNGGOL
602A PUNGGOL CTRL,602A,PUNGGOL CTRL,PUNGGOL
613D PUNGGOL DR,613D,PUNGGOL DR,PUNGGOL
269C PUNGGOL FIELD,269C,PUNGGOL FIELD,PUNGGOL
601A PUNGGOL CTRL,601A,PUNGGOL CTRL,PUNGGOL
614B EDGEFIELD PLAINS,614B,EDGEFIELD PLAINS,PUNGGOL
601C PUNGGOL CTRL,601C,PUNGGOL CTRL,PUNGGOL
268D PUNGGOL FIELD,268D,PUNGGOL FIELD,PUNGGOL
305D PUNGGOL DR,305D,PUNGGOL DR,PUNGGOL
289B PUNGGOL PL,289B,PUNGGOL PL,PUNGGOL
289A PUNGGOL PL,289A,PUNGGOL PL,PUNGGOL
274C PUNGGOL PL,274C,PUNGGOL PL,PUNGGOL
269B PUNGGOL FIELD,269B,PUNGGOL FIELD,PUNGGOL
302A PUNGGOL PL,302A,PUNGGOL PL,PUNGGOL
172C EDGEDALE PLAINS,172C,EDGEDALE PLAINS,PUNGGOL
637A PUNGGOL DR,637A,PUNGGOL DR,PUNGGOL
118 EDGEFIELD PLAINS,118,EDGEFIELD PLAINS,PUNGGOL
161B PUNGGOL CTRL,161B,PUNGGOL CTRL,PUNGGOL
105A EDGEFIELD PLAINS,105A,EDGEFIELD PLAINS,PUNGGOL
106A PUNGGOL FIELD,106A,PUNGGOL FIELD,PUNGGOL
102C PUNGGOL FIELD,102C,PUNGGOL FIELD,PUNGGOL
196C PUNGGOL FIELD,196C,PUNGGOL FIELD,PUNGGOL
104B EDGEFIELD PLAINS,104B,EDGEFIELD PLAINS,PUNGGOL
199B PUNGGOL FIELD,199B,PUNGGOL FIELD,PUNGGOL
201A PUNGGOL FIELD,201A,PUNGGOL FIELD,PUNGGOL
171C EDGEDALE PLAINS,171C,EDGEDALE PLAINS,PUNGGOL
166B PUNGGOL CTRL,166B,PUNGGOL CTRL,PUNGGOL
163A PUNGGOL CTRL,163A,PUNGGOL CTRL,PUNGGOL
617C PUNGGOL DR,617C,PUNGGOL DR,PUNGGOL
295 PUNGGOL CTRL,295,PUNGGOL CTRL,PUNGGOL
617B PUNGGOL DR,617B,PUNGGOL DR,PUNGGOL
299 PUNGGOL CTRL,299,PUNGGOL CTRL,PUNGGOL
270B PUNGGOL FIELD,270B,PUNGGOL FIELD,PUNGGOL
273C PUNGGOL PL,273C,PUNGGOL PL,PUNGGOL
268A PUNGGOL FIELD,268A,PUNGGOL FIELD,PUNGGOL
267B PUNGGOL FIELD,267B,PUNGGOL FIELD,PUNGGOL
270C PUNGGOL FIELD,270C,PUNGGOL FIELD,PUNGGOL
83 C'WEALTH CL,83,C'WEALTH CL,QUEENSTOWN
171 STIRLING RD,171,STIRLING RD,QUEENSTOWN
153 MEI LING ST,153,MEI LING ST,QUEENSTOWN
81 C'WEALTH CL,81,C'WEALTH CL,QUEENSTOWN
169 STIRLING RD,169,STIRLING RD,QUEENSTOWN
109 C'WEALTH CRES,109,C'WEALTH CRES,QUEENSTOWN
94 C'WEALTH DR,94,C'WEALTH DR,QUEENSTOWN
111 C'WEALTH CRES,111,C'WEALTH CRES,QUEENSTOWN
82 C'WEALTH CL,82,C'WEALTH CL,QUEENSTOWN
3 GHIM MOH RD,3,GHIM MOH RD,QUEENSTOWN
1 DOVER RD,1,DOVER RD,QUEENSTOWN
170 STIRLING RD,170,STIRLING RD,QUEENSTOWN
1 GHIM MOH RD,1,GHIM MOH RD,QUEENSTOWN
6 GHIM MOH RD,6,GHIM MOH RD,QUEENSTOWN
8 HOLLAND AVE,8,HOLLAND AVE,QUEENSTOWN
86 C'WEALTH CL,86,C'WEALTH CL,QUEENSTOWN
60 STRATHMORE AVE,60,STRATHMORE AVE,QUEENSTOWN
11 HOLLAND DR,11,HOLLAND DR,QUEENSTOWN
2 HOLLAND AVE,2,HOLLAND AVE,QUEENSTOWN
23 GHIM MOH LINK,23,GHIM MOH LINK,QUEENSTOWN
52 STRATHMORE AVE,52,STRATHMORE AVE,QUEENSTOWN
130 CLARENCE LANE,130,CLARENCE LANE,QUEENSTOWN
7 GHIM MOH RD,7,GHIM MOH RD,QUEENSTOWN
21 HOLLAND DR,21,HOLLAND DR,QUEENSTOWN
18 DOVER CRES,18,DOVER CRES,QUEENSTOWN
477 SEMBAWANG DR,477,SEMBAWANG DR,SEMBAWANG
322 SEMBAWANG CL,322,SEMBAWANG CL,SEMBAWANG
335 SEMBAWANG CL,335,SEMBAWANG CL,SEMBAWANG
504B MONTREAL DR,504B,MONTREAL DR,SEMBAWANG
489 ADMIRALTY LINK,489,ADMIRALTY LINK,SEMBAWANG
467 ADMIRALTY DR,467,ADMIRALTY DR,SEMBAWANG
413 SEMBAWANG DR,413,SEMBAWANG DR,SEMBAWANG
357 ADMIRALTY DR,357,ADMIRALTY DR,SEMBAWANG
341 SEMBAWANG CL,341,SEMBAWANG CL,SEMBAWANG
327 SEMBAWANG CRES,327,SEMBAWANG CRES,SEMBAWANG
420 CANBERRA RD,420,CANBERRA RD,SEMBAWANG
338 SEMBAWANG CRES,338,SEMBAWANG CRES,SEMBAWANG
334 SEMBAWANG CL,334,SEMBAWANG CL,SEMBAWANG
357A ADMIRALTY DR,357A,ADMIRALTY DR,SEMBAWANG
353B ADMIRALTY DR,353B,ADMIRALTY DR,SEMBAWANG
311 CANBERRA RD,311,CANBERRA RD,SEMBAWANG
351B CANBERRA RD,351B,CANBERRA RD,SEMBAWANG
589A MONTREAL DR,589A,MONTREAL DR,SEMBAWANG
351C CANBERRA RD,351C,CANBERRA RD,SEMBAWANG
303 CANBERRA RD,303,CANBERRA RD,SEMBAWANG
588B MONTREAL DR,588B,MONTREAL DR,SEMBAWANG
333 SEMBAWANG CL,333,SEMBAWANG CL,SEMBAWANG
337 SEMBAWANG CRES,337,SEMBAWANG CRES,SEMBAWANG
441B FERNVALE RD,441B,FERNVALE RD,SENGKANG
441A FERNVALE RD,441A,FERNVALE RD,SENGKANG
445B FERNVALE RD,445B,FERNVALE RD,SENGKANG
445A FERNVALE RD,445A,FERNVALE RD,SENGKANG
211D COMPASSVALE LANE,211D,COMPASSVALE LANE,SENGKANG
211C COMPASSVALE LANE,211C,COMPASSVALE LANE,SENGKANG
308C ANCHORVALE RD,308C,ANCHORVALE RD,SENGKANG
124B RIVERVALE DR,124B,RIVERVALE DR,SENGKANG
185C RIVERVALE CRES,185C,RIVERVALE CRES,SENGKANG
184C RIVERVALE CRES,184C,RIVERVALE CRES,SENGKANG
324D SENGKANG EAST WAY,324D,SENGKANG EAST WAY,SENGKANG
183D RIVERVALE CRES,183D,RIVERVALE CRES,SENGKANG
131 RIVERVALE ST,131,RIVERVALE ST,SENGKANG
158C RIVERVALE CRES,158C,RIVERVALE CRES,SENGKANG
130 RIVERVALE ST,130,RIVERVALE ST,SENGKANG
108 RIVERVALE WALK,108,RIVERVALE WALK,SENGKANG
121 RIVERVALE DR,121,RIVERVALE DR,SENGKANG
404A FERNVALE LANE,404A,FERNVALE LANE,SENGKANG
303C ANCHORVALE LINK,303C,ANCHORVALE LINK,SENGKANG
128 RIVERVALE ST,128,RIVERVALE ST,SENGKANG
257A COMPASSVALE RD,257A,COMPASSVALE RD,SENGKANG
123D RIVERVALE DR,123D,RIVERVALE DR,SENGKANG
296C COMPASSVALE CRES,296C,COMPASSVALE CRES,SENGKANG
195 RIVERVALE DR,195,RIVERVALE DR,SENGKANG
211A COMPASSVALE LANE,211A,COMPASSVALE LANE,SENGKANG
446C JLN KAYU,446C,JLN KAYU,SENGKANG
235 COMPASSVALE WALK,235,COMPASSVALE WALK,SENGKANG
201C COMPASSVALE DR,201C,COMPASSVALE DR,SENGKANG
208A COMPASSVALE LANE,208A,COMPASSVALE LANE,SENGKANG
224D COMPASSVALE WALK,224D,COMPASSVALE WALK,SENGKANG
238 COMPASSVALE WALK,238,COMPASSVALE WALK,SENGKANG
434A FERNVALE RD,434A,FERNVALE RD,SENGKANG
410B FERNVALE RD,410B,FERNVALE RD,SENGKANG
269A COMPASSVALE LINK,269A,COMPASSVALE LINK,SENGKANG
210C COMPASSVALE LANE,210C,COMPASSVALE LANE,SENGKANG
213B COMPASSVALE LANE,213B,COMPASSVALE LANE,SENGKANG
436B FERNVALE RD,436B,FERNVALE RD,SENGKANG
411B FERNVALE RD,411B,FERNVALE RD,SENGKANG
212B COMPASSVALE DR,212B,COMPASSVALE DR,SENGKANG
210A COMPASSVALE LANE,210A,COMPASSVALE LANE,SENGKANG
264E COMPASSVALE BOW,264E,COMPASSVALE BOW,SENGKANG
272D SENGKANG CTRL,272D,SENGKANG CTRL,SENGKANG
272B SENGKANG CTRL,272B,SENGKANG CTRL,SENGKANG
271C SENGKANG CTRL,271C,SENGKANG CTRL,SENGKANG
275B COMPASSVALE LINK,275B,COMPASSVALE LINK,SENGKANG
273D COMPASSVALE LINK,273D,COMPASSVALE LINK,SENGKANG
193 RIVERVALE DR,193,RIVERVALE DR,SENGKANG
311A ANCHORVALE LANE,311A,ANCHORVALE LANE,SENGKANG
121A RIVERVALE DR,121A,RIVERVALE DR,SENGKANG
305A ANCHORVALE LINK,305A,ANCHORVALE LINK,SENGKANG
320D ANCHORVALE DR,320D,ANCHORVALE DR,SENGKANG
192C RIVERVALE DR,192C,RIVERVALE DR,SENGKANG
205C COMPASSVALE LANE,205C,COMPASSVALE LANE,SENGKANG
305D ANCHORVALE LINK,305D,ANCHORVALE LINK,SENGKANG
304A ANCHORVALE LINK,304A,ANCHORVALE LINK,SENGKANG
298A COMPASSVALE ST,298A,COMPASSVALE ST,SENGKANG
299C COMPASSVALE ST,299C,COMPASSVALE ST,SENGKANG
290B COMPASSVALE CRES,290B,COMPASSVALE CRES,SENGKANG
406C FERNVALE RD,406C,FERNVALE RD,SENGKANG
112 RIVERVALE WALK,112,RIVERVALE WALK,SENGKANG
323B SENGKANG EAST WAY,323B,SENGKANG EAST WAY,SENGKANG
435A FERNVALE RD,435A,FERNVALE RD,SENGKANG
307B ANCHORVALE RD,307B,ANCHORVALE RD,SENGKANG
203D COMPASSVALE RD,203D,COMPASSVALE RD,SENGKANG
120C RIVERVALE DR,120C,RIVERVALE DR,SENGKANG
299B COMPASSVALE ST,299B,COMPASSVALE ST,SENGKANG
250B COMPASSVALE ST,250B,COMPASSVALE ST,SENGKANG
119A RIVERVALE DR,119A,RIVERVALE DR,SENGKANG
262B COMPASSVALE ST,262B,COMPASSVALE ST,SENGKANG
225 SERANGOON AVE 4,225,SERANGOON AVE 4,SERANGOON
4 LOR LEW LIAN,4,LOR LEW LIAN,SERANGOON
219 SERANGOON AVE 4,219,SERANGOON AVE 4,SERANGOON
311 SERANGOON AVE 2,311,SERANGOON AVE 2,SERANGOON
221 SERANGOON AVE 4,221,SERANGOON AVE 4,SERANGOON
2 LOR LEW LIAN,2,LOR LEW LIAN,SERANGOON
101 SERANGOON NTH AVE 1,101,SERANGOON NTH AVE 1,SERANGOON
144 SERANGOON NTH AVE 1,144,SERANGOON NTH AVE 1,SERANGOON
109 SERANGOON NTH AVE 1,109,SERANGOON NTH AVE 1,SERANGOON
222 SERANGOON AVE 4,222,SERANGOON AVE 4,SERANGOON
307 SERANGOON AVE 2,307,SERANGOON AVE 2,SERANGOON
401 SERANGOON AVE 1,401,SERANGOON AVE 1,SERANGOON
407 SERANGOON AVE 1,407,SERANGOON AVE 1,SERANGOON
420 SERANGOON CTRL,420,SERANGOON CTRL,SERANGOON
506 SERANGOON NTH AVE 4,506,SERANGOON NTH AVE 4,SERANGOON
542 SERANGOON NTH AVE 4,542,SERANGOON NTH AVE 4,SERANGOON
537 SERANGOON NTH AVE 4,537,SERANGOON NTH AVE 4,SERANGOON
525 SERANGOON NTH AVE 4,525,SERANGOON NTH AVE 4,SERANGOON
299A TAMPINES ST 22,299A,TAMPINES ST 22,TAMPINES
403 TAMPINES ST 41,403,TAMPINES ST 41,TAMPINES
802 TAMPINES AVE 4,802,TAMPINES AVE 4,TAMPINES
410 TAMPINES ST 41,410,TAMPINES ST 41,TAMPINES
462 TAMPINES ST 44,462,TAMPINES ST 44,TAMPINES
419 TAMPINES ST 41,419,TAMPINES ST 41,TAMPINES
827 TAMPINES ST 81,827,TAMPINES ST 81,TAMPINES
105 TAMPINES ST 11,105,TAMPINES ST 11,TAMPINES
211 TAMPINES ST 23,211,TAMPINES ST 23,TAMPINES
287 TAMPINES ST 22,287,TAMPINES ST 22,TAMPINES
467 TAMPINES ST 44,467,TAMPINES ST 44,TAMPINES
826 TAMPINES ST 81,826,TAMPINES ST 81,TAMPINES
924 TAMPINES ST 91,924,TAMPINES ST 91,TAMPINES
261 TAMPINES ST 21,261,TAMPINES ST 21,TAMPINES
885 TAMPINES ST 83,885,TAMPINES ST 83,TAMPINES
806 TAMPINES AVE 4,806,TAMPINES AVE 4,TAMPINES
270 TAMPINES ST 21,270,TAMPINES ST 21,TAMPINES
828 TAMPINES ST 81,828,TAMPINES ST 81,TAMPINES
810 TAMPINES AVE 4,810,TAMPINES AVE 4,TAMPINES
236 TAMPINES ST 21,236,TAMPINES ST 21,TAMPINES
458 TAMPINES ST 42,458,TAMPINES ST 42,TAMPINES
714 TAMPINES ST 71,714,TAMPINES ST 71,TAMPINES
489A TAMPINES ST 45,489A,TAMPINES ST 45,TAMPINES
369 TAMPINES ST 34,369,TAMPINES ST 34,TAMPINES
832 TAMPINES ST 82,832,TAMPINES ST 82,TAMPINES
487B TAMPINES ST 45,487B,TAMPINES ST 45,TAMPINES
489B TAMPINES ST 45,489B,TAMPINES ST 45,TAMPINES
870 TAMPINES ST 83,870,TAMPINES ST 83,TAMPINES
272 TAMPINES ST 22,272,TAMPINES ST 22,TAMPINES
421 TAMPINES ST 41,421,TAMPINES ST 41,TAMPINES
448 TAMPINES ST 42,448,TAMPINES ST 42,TAMPINES
811 TAMPINES AVE 4,811,TAMPINES AVE 4,TAMPINES
486B TAMPINES AVE 9,486B,TAMPINES AVE 9,TAMPINES
104 TAMPINES ST 11,104,TAMPINES ST 11,TAMPINES
227 TAMPINES ST 23,227,TAMPINES ST 23,TAMPINES
734 TAMPINES ST 71,734,TAMPINES ST 71,TAMPINES
498L TAMPINES ST 45,498L,TAMPINES ST 45,TAMPINES
721 TAMPINES ST 71,721,TAMPINES ST 71,TAMPINES
295 TAMPINES ST 22,295,TAMPINES ST 22,TAMPINES
497B TAMPINES ST 45,497B,TAMPINES ST 45,TAMPINES
497H TAMPINES ST 45,497H,TAMPINES ST 45,TAMPINES
731 TAMPINES ST 71,731,TAMPINES ST 71,TAMPINES
726 TAMPINES ST 71,726,TAMPINES ST 71,TAMPINES
724 TAMPINES ST 71,724,TAMPINES ST 71,TAMPINES
116 SIMEI ST 1,116,SIMEI ST 1,TAMPINES
732 TAMPINES ST 71,732,TAMPINES ST 71,TAMPINES
888 TAMPINES ST 81,888,TAMPINES ST 81,TAMPINES
246 SIMEI ST 5,246,SIMEI ST 5,TAMPINES
253 TAMPINES ST 21,253,TAMPINES ST 21,TAMPINES
486A TAMPINES AVE 9,486A,TAMPINES AVE 9,TAMPINES
491G TAMPINES ST 45,491G,TAMPINES ST 45,TAMPINES
741 TAMPINES ST 72,741,TAMPINES ST 72,TAMPINES
233 TAMPINES ST 21,233,TAMPINES ST 21,TAMPINES
491H TAMPINES ST 45,491H,TAMPINES ST 45,TAMPINES
491B TAMPINES AVE 9,491B,TAMPINES AVE 9,TAMPINES
216 TAMPINES ST 23,216,TAMPINES ST 23,TAMPINES
498B TAMPINES ST 45,498B,TAMPINES ST 45,TAMPINES
135 SIMEI ST 1,135,SIMEI ST 1,TAMPINES
716 TAMPINES ST 71,716,TAMPINES ST 71,TAMPINES
723 TAMPINES ST 72,723,TAMPINES ST 72,TAMPINES
871A TAMPINES ST 84,871A,TAMPINES ST 84,TAMPINES
729 TAMPINES ST 71,729,TAMPINES ST 71,TAMPINES
889A TAMPINES ST 81,889A,TAMPINES ST 81,TAMPINES
141 SIMEI ST 2,141,SIMEI ST 2,TAMPINES
518A TAMPINES CTRL 7,518A,TAMPINES CTRL 7,TAMPINES
518B TAMPINES CTRL 7,518B,TAMPINES CTRL 7,TAMPINES
315 TAMPINES ST 33,315,TAMPINES ST 33,TAMPINES
497D TAMPINES ST 45,497D,TAMPINES ST 45,TAMPINES
895A TAMPINES ST 81,895A,TAMPINES ST 81,TAMPINES
313 TAMPINES ST 33,313,TAMPINES ST 33,TAMPINES
327 TAMPINES ST 32,327,TAMPINES ST 32,TAMPINES
860 TAMPINES AVE 5,860,TAMPINES AVE 5,TAMPINES
856B TAMPINES ST 82,856B,TAMPINES ST 82,TAMPINES
55 LOR 5 TOA PAYOH,55,LOR 5 TOA PAYOH,TOA PAYOH
9 LOR 7 TOA PAYOH,9,LOR 7 TOA PAYOH,TOA PAYOH
66 LOR 4 TOA PAYOH,66,LOR 4 TOA PAYOH,TOA PAYOH
163 LOR 1 TOA PAYOH,163,LOR 1 TOA PAYOH,TOA PAYOH
13 LOR 7 TOA PAYOH,13,LOR 7 TOA PAYOH,TOA PAYOH
108 LOR 1 TOA PAYOH,108,LOR 1 TOA PAYOH,TOA PAYOH
20 LOR 7 TOA PAYOH,20,LOR 7 TOA PAYOH,TOA PAYOH
25 TOA PAYOH EAST,25,TOA PAYOH EAST,TOA PAYOH
119 POTONG PASIR AVE 1,119,POTONG PASIR AVE 1,TOA PAYOH
203 TOA PAYOH NTH,203,TOA PAYOH NTH,TOA PAYOH
34 LOR 5 TOA PAYOH,34,LOR 5 TOA PAYOH,TOA PAYOH
114 LOR 1 TOA PAYOH,114,LOR 1 TOA PAYOH,TOA PAYOH
232 LOR 8 TOA PAYOH,232,LOR 8 TOA PAYOH,TOA PAYOH
199 TOA PAYOH NTH,199,TOA PAYOH NTH,TOA PAYOH
91 LOR 3 TOA PAYOH,91,LOR 3 TOA PAYOH,TOA PAYOH
123 LOR 1 TOA PAYOH,123,LOR 1 TOA PAYOH,TOA PAYOH
53 LOR 5 TOA PAYOH,53,LOR 5 TOA PAYOH,TOA PAYOH
109 POTONG PASIR AVE 1,109,POTONG PASIR AVE 1,TOA PAYOH
142 POTONG PASIR AVE 3,142,POTONG PASIR AVE 3,TOA PAYOH
157 LOR 1 TOA PAYOH,157,LOR 1 TOA PAYOH,TOA PAYOH
101 POTONG PASIR AVE 1,101,POTONG PASIR AVE 1,TOA PAYOH
18 JOO SENG RD,18,JOO SENG RD,TOA PAYOH
143 LOR 2 TOA PAYOH,143,LOR 2 TOA PAYOH,TOA PAYOH
81A LOR 4 TOA PAYOH,81A,LOR 4 TOA PAYOH,TOA PAYOH
121 LOR 2 TOA PAYOH,121,LOR 2 TOA PAYOH,TOA PAYOH
144 LOR 2 TOA PAYOH,144,LOR 2 TOA PAYOH,TOA PAYOH
145 LOR 2 TOA PAYOH,145,LOR 2 TOA PAYOH,TOA PAYOH
79E TOA PAYOH CTRL,79E,TOA PAYOH CTRL,TOA PAYOH
79C TOA PAYOH CTRL,79C,TOA PAYOH CTRL,TOA PAYOH
223 LOR 8 TOA PAYOH,223,LOR 8 TOA PAYOH,TOA PAYOH
141 LOR 2 TOA PAYOH,141,LOR 2 TOA PAYOH,TOA PAYOH
81 LOR 4 TOA PAYOH,81,LOR 4 TOA PAYOH,TOA PAYOH
129 POTONG PASIR AVE 1,129,POTONG PASIR AVE 1,TOA PAYOH
23 MARSILING DR,23,MARSILING DR,WOODLANDS
30 MARSILING DR,30,MARSILING DR,WOODLANDS
1 MARSILING DR,1,MARSILING DR,WOODLANDS
103 WOODLANDS ST 13,103,WOODLANDS ST 13,WOODLANDS
201 MARSILING DR,201,MARSILING DR,WOODLANDS
620 WOODLANDS DR 52,620,WOODLANDS DR 52,WOODLANDS
5A MARSILING DR,5A,MARSILING DR,WOODLANDS
436 WOODLANDS ST 41,436,WOODLANDS ST 41,WOODLANDS
428 WOODLANDS ST 41,428,WOODLANDS ST 41,WOODLANDS
217 MARSILING CRES,217,MARSILING CRES,WOODLANDS
108 WOODLANDS ST 13,108,WOODLANDS ST 13,WOODLANDS
854 WOODLANDS ST 83,854,WOODLANDS ST 83,WOODLANDS
742 WOODLANDS CIRCLE,742,WOODLANDS CIRCLE,WOODLANDS
106 WOODLANDS ST 13,106,WOODLANDS ST 13,WOODLANDS
702 WOODLANDS DR 40,702,WOODLANDS DR 40,WOODLANDS
421 WOODLANDS ST 41,421,WOODLANDS ST 41,WOODLANDS
317 WOODLANDS ST 31,317,WOODLANDS ST 31,WOODLANDS
577 WOODLANDS DR 16,577,WOODLANDS DR 16,WOODLANDS
824 WOODLANDS ST 81,824,WOODLANDS ST 81,WOODLANDS
628A WOODLANDS RING RD,628A,WOODLANDS RING RD,WOODLANDS
668 WOODLANDS RING RD,668,WOODLANDS RING RD,WOODLANDS
110 WOODLANDS ST 13,110,WOODLANDS ST 13,WOODLANDS
408 WOODLANDS ST 41,408,WOODLANDS ST 41,WOODLANDS
554 WOODLANDS DR 53,554,WOODLANDS DR 53,WOODLANDS
684C WOODLANDS DR 62,684C,WOODLANDS DR 62,WOODLANDS
633 WOODLANDS RING RD,633,WOODLANDS RING RD,WOODLANDS
644 WOODLANDS RING RD,644,WOODLANDS RING RD,WOODLANDS
667 WOODLANDS RING RD,667,WOODLANDS RING RD,WOODLANDS
540 WOODLANDS DR 16,540,WOODLANDS DR 16,WOODLANDS
588 WOODLANDS DR 16,588,WOODLANDS DR 16,WOODLANDS
711 WOODLANDS DR 70,711,WOODLANDS DR 70,WOODLANDS
162 WOODLANDS ST 13,162,WOODLANDS ST 13,WOODLANDS
707 WOODLANDS DR 40,707,WOODLANDS DR 40,WOODLANDS
734 WOODLANDS CIRCLE,734,WOODLANDS CIRCLE,WOODLANDS
604 WOODLANDS DR 42,604,WOODLANDS DR 42,WOODLANDS
716 WOODLANDS DR 70,716,WOODLANDS DR 70,WOODLANDS
894D WOODLANDS DR 50,894D,WOODLANDS DR 50,WOODLANDS
897B WOODLANDS DR 50,897B,WOODLANDS DR 50,WOODLANDS
792 WOODLANDS AVE 6,792,WOODLANDS AVE 6,WOODLANDS
522 WOODLANDS DR 14,522,WOODLANDS DR 14,WOODLANDS
369 WOODLANDS AVE 1,369,WOODLANDS AVE 1,WOODLANDS
651 WOODLANDS RING RD,651,WOODLANDS RING RD,WOODLANDS
364 WOODLANDS AVE 5,364,WOODLANDS AVE 5,WOODLANDS
509 WOODLANDS DR 14,509,WOODLANDS DR 14,WOODLANDS
511 WOODLANDS DR 14,511,WOODLANDS DR 14,WOODLANDS
35 MARSILING DR,35,MARSILING DR,WOODLANDS
425 WOODLANDS ST 41,425,WOODLANDS ST 41,WOODLANDS
587 WOODLANDS DR 16,587,WOODLANDS DR 16,WOODLANDS
681C WOODLANDS DR 62,681C,WOODLANDS DR 62,WOODLANDS
120 MARSILING RISE,120,MARSILING RISE,WOODLANDS
787E WOODLANDS CRES,787E,WOODLANDS CRES,WOODLANDS
686C WOODLANDS DR 73,686C,WOODLANDS DR 73,WOODLANDS
416 WOODLANDS ST 41,416,WOODLANDS ST 41,WOODLANDS
551 WOODLANDS DR 44,551,WOODLANDS DR 44,WOODLANDS
717 WOODLANDS DR 70,717,WOODLANDS DR 70,WOODLANDS
518 WOODLANDS DR 14,518,WOODLANDS DR 14,WOODLANDS
777 WOODLANDS CRES,777,WOODLANDS CRES,WOODLANDS
576 WOODLANDS DR 16,576,WOODLANDS DR 16,WOODLANDS
631 WOODLANDS RING RD,631,WOODLANDS RING RD,WOODLANDS
173 WOODLANDS ST 13,173,WOODLANDS ST 13,WOODLANDS
680 WOODLANDS AVE 6,680,WOODLANDS AVE 6,WOODLANDS
525 WOODLANDS DR 14,525,WOODLANDS DR 14,WOODLANDS
503 WOODLANDS DR 14,503,WOODLANDS DR 14,WOODLANDS
538 WOODLANDS DR 16,538,WOODLANDS DR 16,WOODLANDS
549 WOODLANDS DR 44,549,WOODLANDS DR 44,WOODLANDS
726 WOODLANDS CIRCLE,726,WOODLANDS CIRCLE,WOODLANDS
683C WOODLANDS DR 62,683C,WOODLANDS DR 62,WOODLANDS
727 WOODLANDS CIRCLE,727,WOODLANDS CIRCLE,WOODLANDS
515 WOODLANDS DR 14,515,WOODLANDS DR 14,WOODLANDS
650 WOODLANDS RING RD,650,WOODLANDS RING RD,WOODLANDS
865 WOODLANDS ST 83,865,WOODLANDS ST 83,WOODLANDS
893D WOODLANDS DR 50,893D,WOODLANDS DR 50,WOODLANDS
516 WOODLANDS DR 14,516,WOODLANDS DR 14,WOODLANDS
893A WOODLANDS DR 50,893A,WOODLANDS DR 50,WOODLANDS
451 YISHUN RING RD,451,YISHUN RING RD,YISHUN
773 YISHUN AVE 3,773,YISHUN AVE 3,YISHUN
774 YISHUN AVE 3,774,YISHUN AVE 3,YISHUN
618 YISHUN RING RD,618,YISHUN RING RD,YISHUN
126 YISHUN ST 11,126,YISHUN ST 11,YISHUN
661 YISHUN AVE 4,661,YISHUN AVE 4,YISHUN
273 YISHUN ST 22,273,YISHUN ST 22,YISHUN
725 YISHUN ST 71,725,YISHUN ST 71,YISHUN
117 YISHUN RING RD,117,YISHUN RING RD,YISHUN
147 YISHUN ST 11,147,YISHUN ST 11,YISHUN
354 YISHUN RING RD,354,YISHUN RING RD,YISHUN
160 YISHUN ST 11,160,YISHUN ST 11,YISHUN
701 YISHUN AVE 5,701,YISHUN AVE 5,YISHUN
107 YISHUN RING RD,107,YISHUN RING RD,YISHUN
621 YISHUN RING RD,621,YISHUN RING RD,YISHUN
849 YISHUN RING RD,849,YISHUN RING RD,YISHUN
217 YISHUN ST 21,217,YISHUN ST 21,YISHUN
242 YISHUN RING RD,242,YISHUN RING RD,YISHUN
861 YISHUN AVE 4,861,YISHUN AVE 4,YISHUN
454 YISHUN ST 41,454,YISHUN ST 41,YISHUN
216 YISHUN ST 21,216,YISHUN ST 21,YISHUN
853 YISHUN RING RD,853,YISHUN RING RD,YISHUN
636 YISHUN ST 61,636,YISHUN ST 61,YISHUN
646 YISHUN ST 61,646,YISHUN ST 61,YISHUN
435 YISHUN AVE 6,435,YISHUN AVE 6,YISHUN
167 YISHUN RING RD,167,YISHUN RING RD,YISHUN
252 YISHUN RING RD,252,YISHUN RING RD,YISHUN
262 YISHUN ST 22,262,YISHUN ST 22,YISHUN
439 YISHUN AVE 11,439,YISHUN AVE 11,YISHUN
662 YISHUN AVE 4,662,YISHUN AVE 4,YISHUN
645 YISHUN ST 61,645,YISHUN ST 61,YISHUN
302 YISHUN CTRL,302,YISHUN CTRL,YISHUN
641 YISHUN ST 61,641,YISHUN ST 61,YISHUN
868 YISHUN ST 81,868,YISHUN ST 81,YISHUN
425 YISHUN AVE 11,425,YISHUN AVE 11,YISHUN
738 YISHUN ST 72,738,YISHUN ST 72,YISHUN
330 YISHUN RING RD,330,YISHUN RING RD,YISHUN
237 YISHUN RING RD,237,YISHUN RING RD,YISHUN
264 YISHUN ST 22,264,YISHUN ST 22,YISHUN
443 YISHUN AVE 11,443,YISHUN AVE 11,YISHUN
778 YISHUN AVE 2,778,YISHUN AVE 2,YISHUN
756 YISHUN ST 72,756,YISHUN ST 72,YISHUN
871 YISHUN ST 81,871,YISHUN ST 81,YISHUN
139 YISHUN RING RD,139,YISHUN RING RD,YISHUN
450 YISHUN RING RD,450,YISHUN RING RD,YISHUN
825 YISHUN ST 81,825,YISHUN ST 81,YISHUN
873 YISHUN ST 81,873,YISHUN ST 81,YISHUN
222 YISHUN ST 21,222,YISHUN ST 21,YISHUN
617 YISHUN RING RD,617,YISHUN RING RD,YISHUN
449 YISHUN RING RD,449,YISHUN RING RD,YISHUN
238 YISHUN RING RD,238,YISHUN RING RD,YISHUN
288 YISHUN AVE 6,288,YISHUN AVE 6,YISHUN
613 YISHUN ST 61,613,YISHUN ST 61,YISHUN
717 YISHUN ST 71,717,YISHUN ST 71,YISHUN
149 YISHUN ST 11,149,YISHUN ST 11,YISHUN
412 YISHUN RING RD,412,YISHUN RING RD,YISHUN
625 YISHUN ST 61,625,YISHUN ST 61,YISHUN
322 YISHUN CTRL,322,YISHUN CTRL,YISHUN
608 YISHUN ST 61,608,YISHUN ST 61,YISHUN
812 YISHUN RING RD,812,YISHUN RING RD,YISHUN
328 YISHUN RING RD,328,YISHUN RING RD,YISHUN
387 YISHUN RING RD,387,YISHUN RING RD,YISHUN
877 YISHUN ST 81,877,YISHUN ST 81,YISHUN
836 YISHUN ST 81,836,YISHUN ST 81,YISHUN
633A YISHUN ST 61,633A,YISHUN ST 61,YISHUN
709 YISHUN AVE 5,709,YISHUN AVE 5,YISHUN
323 ANG MO KIO AVE 3,323,ANG MO KIO AVE 3,ANG MO KIO
510 ANG MO KIO AVE 8,510,ANG MO KIO AVE 8,ANG MO KIO
180 ANG MO KIO AVE 5,180,ANG MO KIO AVE 5,ANG MO KIO
608 ANG MO KIO AVE 5,608,ANG MO KIO AVE 5,ANG MO KIO
605 ANG MO KIO AVE 5,605,ANG MO KIO AVE 5,ANG MO KIO
202 ANG MO KIO AVE 3,202,ANG MO KIO AVE 3,ANG MO KIO
133 ANG MO KIO AVE 3,133,ANG MO KIO AVE 3,ANG MO KIO
564 ANG MO KIO AVE 3,564,ANG MO KIO AVE 3,ANG MO KIO
577 ANG MO KIO AVE 10,577,ANG MO KIO AVE 10,ANG MO KIO
556 ANG MO KIO AVE 10,556,ANG MO KIO AVE 10,ANG MO KIO
319 ANG MO KIO AVE 1,319,ANG MO KIO AVE 1,ANG MO KIO
110 ANG MO KIO AVE 4,110,ANG MO KIO AVE 4,ANG MO KIO
126 ANG MO KIO AVE 3,126,ANG MO KIO AVE 3,ANG MO KIO
120 ANG MO KIO AVE 3,120,ANG MO KIO AVE 3,ANG MO KIO
106 ANG MO KIO AVE 4,106,ANG MO KIO AVE 4,ANG MO KIO
345 ANG MO KIO AVE 3,345,ANG MO KIO AVE 3,ANG MO KIO
329 ANG MO KIO AVE 3,329,ANG MO KIO AVE 3,ANG MO KIO
424 ANG MO KIO AVE 3,424,ANG MO KIO AVE 3,ANG MO KIO
308B ANG MO KIO AVE 1,308B,ANG MO KIO AVE 1,ANG MO KIO
322 ANG MO KIO AVE 3,322,ANG MO KIO AVE 3,ANG MO KIO
310C ANG MO KIO AVE 1,310C,ANG MO KIO AVE 1,ANG MO KIO
543 ANG MO KIO AVE 10,543,ANG MO KIO AVE 10,ANG MO KIO
633 ANG MO KIO AVE 6,633,ANG MO KIO AVE 6,ANG MO KIO
222 ANG MO KIO AVE 1,222,ANG MO KIO AVE 1,ANG MO KIO
512 ANG MO KIO AVE 8,512,ANG MO KIO AVE 8,ANG MO KIO
427 ANG MO KIO AVE 3,427,ANG MO KIO AVE 3,ANG MO KIO
351 ANG MO KIO ST 32,351,ANG MO KIO ST 32,ANG MO KIO
596A ANG MO KIO ST 52,596A,ANG MO KIO ST 52,ANG MO KIO
596D ANG MO KIO ST 52,596D,ANG MO KIO ST 52,ANG MO KIO
459 ANG MO KIO AVE 10,459,ANG MO KIO AVE 10,ANG MO KIO
729 ANG MO KIO AVE 6,729,ANG MO KIO AVE 6,ANG MO KIO
317 ANG MO KIO ST 31,317,ANG MO KIO ST 31,ANG MO KIO
541 BEDOK NTH ST 3,541,BEDOK NTH ST 3,BEDOK
617 BEDOK RESERVOIR RD,617,BEDOK RESERVOIR RD,BEDOK
501 BEDOK NTH ST 3,501,BEDOK NTH ST 3,BEDOK
540 BEDOK NTH ST 3,540,BEDOK NTH ST 3,BEDOK
20 CHAI CHEE RD,20,CHAI CHEE RD,BEDOK
102 BEDOK RESERVOIR RD,102,BEDOK RESERVOIR RD,BEDOK
529 BEDOK NTH ST 3,529,BEDOK NTH ST 3,BEDOK
134 BEDOK NTH ST 2,134,BEDOK NTH ST 2,BEDOK
713 BEDOK RESERVOIR RD,713,BEDOK RESERVOIR RD,BEDOK
41 CHAI CHEE ST,41,CHAI CHEE ST,BEDOK
23 BEDOK STH AVE 1,23,BEDOK STH AVE 1,BEDOK
28 NEW UPP CHANGI RD,28,NEW UPP CHANGI RD,BEDOK
126 BEDOK NTH ST 2,126,BEDOK NTH ST 2,BEDOK
536 BEDOK NTH ST 3,536,BEDOK NTH ST 3,BEDOK
122 BEDOK NTH ST 2,122,BEDOK NTH ST 2,BEDOK
712 BEDOK RESERVOIR RD,712,BEDOK RESERVOIR RD,BEDOK
740 BEDOK RESERVOIR RD,740,BEDOK RESERVOIR RD,BEDOK
107 BEDOK NTH RD,107,BEDOK NTH RD,BEDOK
545 BEDOK NTH ST 3,545,BEDOK NTH ST 3,BEDOK
214 BEDOK NTH ST 1,214,BEDOK NTH ST 1,BEDOK
525 BEDOK NTH ST 3,525,BEDOK NTH ST 3,BEDOK
526 BEDOK NTH ST 3,526,BEDOK NTH ST 3,BEDOK
201 BEDOK NTH ST 1,201,BEDOK NTH ST 1,BEDOK
420 BEDOK NTH ST 1,420,BEDOK NTH ST 1,BEDOK
219D BEDOK CTRL,219D,BEDOK CTRL,BEDOK
43 BEDOK STH RD,43,BEDOK STH RD,BEDOK
95 BEDOK NTH AVE 4,95,BEDOK NTH AVE 4,BEDOK
150 BEDOK RESERVOIR RD,150,BEDOK RESERVOIR RD,BEDOK
156 BEDOK STH AVE 3,156,BEDOK STH AVE 3,BEDOK
51 NEW UPP CHANGI RD,51,NEW UPP CHANGI RD,BEDOK
524 BEDOK NTH ST 3,524,BEDOK NTH ST 3,BEDOK
421 BEDOK NTH RD,421,BEDOK NTH RD,BEDOK
404 BEDOK NTH AVE 3,404,BEDOK NTH AVE 3,BEDOK
609 BEDOK RESERVOIR RD,609,BEDOK RESERVOIR RD,BEDOK
648 JLN TENAGA,648,JLN TENAGA,BEDOK
646 JLN TENAGA,646,JLN TENAGA,BEDOK
761 BEDOK RESERVOIR VIEW,761,BEDOK RESERVOIR VIEW,BEDOK
654 JLN TENAGA,654,JLN TENAGA,BEDOK
181 BEDOK NTH RD,181,BEDOK NTH RD,BEDOK
180 BEDOK NTH RD,180,BEDOK NTH RD,BEDOK
101 BEDOK RESERVOIR RD,101,BEDOK RESERVOIR RD,BEDOK
601 BEDOK RESERVOIR RD,601,BEDOK RESERVOIR RD,BEDOK
613 BEDOK RESERVOIR RD,613,BEDOK RESERVOIR RD,BEDOK
613B BEDOK RESERVOIR RD,613B,BEDOK RESERVOIR RD,BEDOK
607 BEDOK RESERVOIR RD,607,BEDOK RESERVOIR RD,BEDOK
52 CHAI CHEE ST,52,CHAI CHEE ST,BEDOK
91 BEDOK NTH ST 4,91,BEDOK NTH ST 4,BEDOK
549 BEDOK NTH AVE 1,549,BEDOK NTH AVE 1,BEDOK
767 BEDOK RESERVOIR VIEW,767,BEDOK RESERVOIR VIEW,BEDOK
60 NEW UPP CHANGI RD,60,NEW UPP CHANGI RD,BEDOK
405 BEDOK NTH AVE 3,405,BEDOK NTH AVE 3,BEDOK
31 BEDOK STH AVE 2,31,BEDOK STH AVE 2,BEDOK
10B BEDOK STH AVE 2,10B,BEDOK STH AVE 2,BEDOK
176 BISHAN ST 13,176,BISHAN ST 13,BISHAN
110 BISHAN ST 12,110,BISHAN ST 12,BISHAN
308 SHUNFU RD,308,SHUNFU RD,BISHAN
106 BISHAN ST 12,106,BISHAN ST 12,BISHAN
254 BISHAN ST 22,254,BISHAN ST 22,BISHAN
250 BISHAN ST 22,250,BISHAN ST 22,BISHAN
441 SIN MING AVE,441,SIN MING AVE,BISHAN
230 BISHAN ST 23,230,BISHAN ST 23,BISHAN
265 BISHAN ST 24,265,BISHAN ST 24,BISHAN
293 BISHAN ST 22,293,BISHAN ST 22,BISHAN
263 BISHAN ST 22,263,BISHAN ST 22,BISHAN
204 BISHAN ST 23,204,BISHAN ST 23,BISHAN
241 BISHAN ST 22,241,BISHAN ST 22,BISHAN
273A BISHAN ST 24,273A,BISHAN ST 24,BISHAN
310 SHUNFU RD,310,SHUNFU RD,BISHAN
220 BISHAN ST 23,220,BISHAN ST 23,BISHAN
447 BRIGHT HILL DR,447,BRIGHT HILL DR,BISHAN
161 BISHAN ST 13,161,BISHAN ST 13,BISHAN
190 BISHAN ST 13,190,BISHAN ST 13,BISHAN
405 SIN MING AVE,405,SIN MING AVE,BISHAN
168 BISHAN ST 13,168,BISHAN ST 13,BISHAN
291 BISHAN ST 24,291,BISHAN ST 24,BISHAN
288 BISHAN ST 24,288,BISHAN ST 24,BISHAN
215 BISHAN ST 23,215,BISHAN ST 23,BISHAN
292 BISHAN ST 22,292,BISHAN ST 22,BISHAN
273B BISHAN ST 24,273B,BISHAN ST 24,BISHAN
159 BISHAN ST 13,159,BISHAN ST 13,BISHAN
167 BT BATOK WEST AVE 8,167,BT BATOK WEST AVE 8,BUKIT BATOK
533 BT BATOK ST 51,533,BT BATOK ST 51,BUKIT BATOK
505 BT BATOK ST 52,505,BT BATOK ST 52,BUKIT BATOK
173 BT BATOK WEST AVE 8,173,BT BATOK WEST AVE 8,BUKIT BATOK
239 BT BATOK EAST AVE 5,239,BT BATOK EAST AVE 5,BUKIT BATOK
411 BT BATOK WEST AVE 4,411,BT BATOK WEST AVE 4,BUKIT BATOK
136 BT BATOK WEST AVE 6,136,BT BATOK WEST AVE 6,BUKIT BATOK
138 BT BATOK WEST AVE 6,138,BT BATOK WEST AVE 6,BUKIT BATOK
163 BT BATOK ST 11,163,BT BATOK ST 11,BUKIT BATOK
162 BT BATOK ST 11,162,BT BATOK ST 11,BUKIT BATOK
501 BT BATOK ST 52,501,BT BATOK ST 52,BUKIT BATOK
340 BT BATOK ST 34,340,BT BATOK ST 34,BUKIT BATOK
288E BT BATOK ST 25,288E,BT BATOK ST 25,BUKIT BATOK
202 BT BATOK ST 21,202,BT BATOK ST 21,BUKIT BATOK
393 BT BATOK WEST AVE 5,393,BT BATOK WEST AVE 5,BUKIT BATOK
288A BT BATOK ST 25,288A,BT BATOK ST 25,BUKIT BATOK
117 BT BATOK WEST AVE 6,117,BT BATOK WEST AVE 6,BUKIT BATOK
103 BT BATOK CTRL,103,BT BATOK CTRL,BUKIT BATOK
221 BT BATOK EAST AVE 3,221,BT BATOK EAST AVE 3,BUKIT BATOK
137 JLN BT MERAH,137,JLN BT MERAH,BUKIT MERAH
109 BT PURMEI RD,109,BT PURMEI RD,BUKIT MERAH
28 JLN BT MERAH,28,JLN BT MERAH,BUKIT MERAH
2 JLN BT MERAH,2,JLN BT MERAH,BUKIT MERAH
60 TELOK BLANGAH HTS,60,TELOK BLANGAH HTS,BUKIT MERAH
26 JLN KLINIK,26,JLN KLINIK,BUKIT MERAH
103 BT PURMEI RD,103,BT PURMEI RD,BUKIT MERAH
119 BT MERAH VIEW,119,BT MERAH VIEW,BUKIT MERAH
40 BEO CRES,40,BEO CRES,BUKIT MERAH
129 BT MERAH VIEW,129,BT MERAH VIEW,BUKIT MERAH
64 TELOK BLANGAH DR,64,TELOK BLANGAH DR,BUKIT MERAH
22 HAVELOCK RD,22,HAVELOCK RD,BUKIT MERAH
12 CANTONMENT CL,12,CANTONMENT CL,BUKIT MERAH
24 TELOK BLANGAH CRES,24,TELOK BLANGAH CRES,BUKIT MERAH
51 TELOK BLANGAH DR,51,TELOK BLANGAH DR,BUKIT MERAH
102 HENDERSON CRES,102,HENDERSON CRES,BUKIT MERAH
111 BT PURMEI RD,111,BT PURMEI RD,BUKIT MERAH
128 KIM TIAN RD,128,KIM TIAN RD,BUKIT MERAH
43 LENGKOK BAHRU,43,LENGKOK BAHRU,BUKIT MERAH
6B BOON TIONG RD,6B,BOON TIONG RD,BUKIT MERAH
21 JLN MEMBINA,21,JLN MEMBINA,BUKIT MERAH
23 JLN MEMBINA,23,JLN MEMBINA,BUKIT MERAH
52 HAVELOCK RD,52,HAVELOCK RD,BUKIT MERAH
4B BOON TIONG RD,4B,BOON TIONG RD,BUKIT MERAH
104B DEPOT RD,104B,DEPOT RD,BUKIT MERAH
110 SPOTTISWOODE PK RD,110,SPOTTISWOODE PK RD,BUKIT MERAH
87 REDHILL CL,87,REDHILL CL,BUKIT MERAH
123 KIM TIAN RD,123,KIM TIAN RD,BUKIT MERAH
121A KIM TIAN PL,121A,KIM TIAN PL,BUKIT MERAH
68 REDHILL CL,68,REDHILL CL,BUKIT MERAH
56 HAVELOCK RD,56,HAVELOCK RD,BUKIT MERAH
19 JLN MEMBINA,19,JLN MEMBINA,BUKIT MERAH
53 HAVELOCK RD,53,HAVELOCK RD,BUKIT MERAH
206 PETIR RD,206,PETIR RD,BUKIT PANJANG
112 PENDING RD,112,PENDING RD,BUKIT PANJANG
149 PETIR RD,149,PETIR RD,BUKIT PANJANG
447 BT PANJANG RING RD,447,BT PANJANG RING RD,BUKIT PANJANG
479 SEGAR RD,479,SEGAR RD,BUKIT PANJANG
618 SENJA RD,618,SENJA RD,BUKIT PANJANG
509 JELAPANG RD,509,JELAPANG RD,BUKIT PANJANG
534 JELAPANG RD,534,JELAPANG RD,BUKIT PANJANG
626 SENJA RD,626,SENJA RD,BUKIT PANJANG
538 JELAPANG RD,538,JELAPANG RD,BUKIT PANJANG
631 SENJA RD,631,SENJA RD,BUKIT PANJANG
167 PETIR RD,167,PETIR RD,BUKIT PANJANG
466 SEGAR RD,466,SEGAR RD,BUKIT PANJANG
622 SENJA RD,622,SENJA RD,BUKIT PANJANG
244 BT PANJANG RING RD,244,BT PANJANG RING RD,BUKIT PANJANG
121 PENDING RD,121,PENDING RD,BUKIT PANJANG
612 SENJA RD,612,SENJA RD,BUKIT PANJANG
605 SENJA RD,605,SENJA RD,BUKIT PANJANG
422 FAJAR RD,422,FAJAR RD,BUKIT PANJANG
107 GANGSA RD,107,GANGSA RD,BUKIT PANJANG
133 CASHEW RD,133,CASHEW RD,BUKIT PANJANG
4 QUEEN'S RD,4,QUEEN'S RD,BUKIT TIMAH
17 TOH YI DR,17,TOH YI DR,BUKIT TIMAH
5 TOH YI DR,5,TOH YI DR,BUKIT TIMAH
7 TOH YI DR,7,TOH YI DR,BUKIT TIMAH
668 CHANDER RD,668,CHANDER RD,CENTRAL AREA
28 KELANTAN RD,28,KELANTAN RD,CENTRAL AREA
4 SAGO LANE,4,SAGO LANE,CENTRAL AREA
4 TG PAGAR PLAZA,4,TG PAGAR PLAZA,CENTRAL AREA
532 UPP CROSS ST,532,UPP CROSS ST,CENTRAL AREA
53 CHIN SWEE RD,53,CHIN SWEE RD,CENTRAL AREA
335B SMITH ST,335B,SMITH ST,CENTRAL AREA
1E CANTONMENT RD,1E,CANTONMENT RD,CENTRAL AREA
1D CANTONMENT RD,1D,CANTONMENT RD,CENTRAL AREA
19 TECK WHYE LANE,19,TECK WHYE LANE,CHOA CHU KANG
106 TECK WHYE LANE,106,TECK WHYE LANE,CHOA CHU KANG
4 TECK WHYE AVE,4,TECK WHYE AVE,CHOA CHU KANG
26 TECK WHYE LANE,26,TECK WHYE LANE,CHOA CHU KANG
688C CHOA CHU KANG CRES,688C,CHOA CHU KANG CRES,CHOA CHU KANG
25 TECK WHYE LANE,25,TECK WHYE LANE,CHOA CHU KANG
686A CHOA CHU KANG CRES,686A,CHOA CHU KANG CRES,CHOA CHU KANG
289 CHOA CHU KANG AVE 3,289,CHOA CHU KANG AVE 3,CHOA CHU KANG
504 CHOA CHU KANG ST 51,504,CHOA CHU KANG ST 51,CHOA CHU KANG
102 TECK WHYE LANE,102,TECK WHYE LANE,CHOA CHU KANG
152 JLN TECK WHYE,152,JLN TECK WHYE,CHOA CHU KANG
506 CHOA CHU KANG ST 51,506,CHOA CHU KANG ST 51,CHOA CHU KANG
406 CHOA CHU KANG AVE 3,406,CHOA CHU KANG AVE 3,CHOA CHU KANG
444 CHOA CHU KANG AVE 4,444,CHOA CHU KANG AVE 4,CHOA CHU KANG
216 CHOA CHU KANG CTRL,216,CHOA CHU KANG CTRL,CHOA CHU KANG
613 CHOA CHU KANG ST 62,613,CHOA CHU KANG ST 62,CHOA CHU KANG
790 CHOA CHU KANG NTH 6,790,CHOA CHU KANG NTH 6,CHOA CHU KANG
765 CHOA CHU KANG NTH 5,765,CHOA CHU KANG NTH 5,CHOA CHU KANG
401 CHOA CHU KANG AVE 3,401,CHOA CHU KANG AVE 3,CHOA CHU KANG
476B CHOA CHU KANG AVE 5,476B,CHOA CHU KANG AVE 5,CHOA CHU KANG
476C CHOA CHU KANG AVE 5,476C,CHOA CHU KANG AVE 5,CHOA CHU KANG
634 CHOA CHU KANG NTH 6,634,CHOA CHU KANG NTH 6,CHOA CHU KANG
227 CHOA CHU KANG CTRL,227,CHOA CHU KANG CTRL,CHOA CHU KANG
483 CHOA CHU KANG AVE 5,483,CHOA CHU KANG AVE 5,CHOA CHU KANG
516 CHOA CHU KANG ST 51,516,CHOA CHU KANG ST 51,CHOA CHU KANG
686B CHOA CHU KANG CRES,686B,CHOA CHU KANG CRES,CHOA CHU KANG
297B CHOA CHU KANG AVE 2,297B,CHOA CHU KANG AVE 2,CHOA CHU KANG
18 TECK WHYE LANE,18,TECK WHYE LANE,CHOA CHU KANG
674 CHOA CHU KANG CRES,674,CHOA CHU KANG CRES,CHOA CHU KANG
677 CHOA CHU KANG CRES,677,CHOA CHU KANG CRES,CHOA CHU KANG
691A CHOA CHU KANG CRES,691A,CHOA CHU KANG CRES,CHOA CHU KANG
461 CHOA CHU KANG AVE 4,461,CHOA CHU KANG AVE 4,CHOA CHU KANG
684D CHOA CHU KANG CRES,684D,CHOA CHU KANG CRES,CHOA CHU KANG
213 CHOA CHU KANG CTRL,213,CHOA CHU KANG CTRL,CHOA CHU KANG
130 CHOA CHU KANG AVE 1,130,CHOA CHU KANG AVE 1,CHOA CHU KANG
531 CHOA CHU KANG ST 51,531,CHOA CHU KANG ST 51,CHOA CHU KANG
163 JLN TECK WHYE,163,JLN TECK WHYE,CHOA CHU KANG
120 TECK WHYE LANE,120,TECK WHYE LANE,CHOA CHU KANG
207 CHOA CHU KANG CTRL,207,CHOA CHU KANG CTRL,CHOA CHU KANG
704 WEST COAST RD,704,WEST COAST RD,CLEMENTI
705 CLEMENTI WEST ST 2,705,CLEMENTI WEST ST 2,CLEMENTI
507 WEST COAST DR,507,WEST COAST DR,CLEMENTI
602 CLEMENTI WEST ST 1,602,CLEMENTI WEST ST 1,CLEMENTI
362 CLEMENTI AVE 2,362,CLEMENTI AVE 2,CLEMENTI
303 CLEMENTI AVE 4,303,CLEMENTI AVE 4,CLEMENTI
430 CLEMENTI AVE 3,430,CLEMENTI AVE 3,CLEMENTI
433 CLEMENTI AVE 3,433,CLEMENTI AVE 3,CLEMENTI
363 CLEMENTI AVE 2,363,CLEMENTI AVE 2,CLEMENTI
375 CLEMENTI AVE 4,375,CLEMENTI AVE 4,CLEMENTI
511 WEST COAST DR,511,WEST COAST DR,CLEMENTI
410 C'WEALTH AVE WEST,410,C'WEALTH AVE WEST,CLEMENTI
350 CLEMENTI AVE 2,350,CLEMENTI AVE 2,CLEMENTI
333 CLEMENTI AVE 2,333,CLEMENTI AVE 2,CLEMENTI
315 CLEMENTI AVE 4,315,CLEMENTI AVE 4,CLEMENTI
327 CLEMENTI AVE 5,327,CLEMENTI AVE 5,CLEMENTI
462 CLEMENTI AVE 3,462,CLEMENTI AVE 3,CLEMENTI
68 CIRCUIT RD,68,CIRCUIT RD,GEYLANG
44 CIRCUIT RD,44,CIRCUIT RD,GEYLANG
91 PAYA LEBAR WAY,91,PAYA LEBAR WAY,GEYLANG
45 CIRCUIT RD,45,CIRCUIT RD,GEYLANG
57 CIRCUIT RD,57,CIRCUIT RD,GEYLANG
66 CIRCUIT RD,66,CIRCUIT RD,GEYLANG
19 EUNOS CRES,19,EUNOS CRES,GEYLANG
99 ALJUNIED CRES,99,ALJUNIED CRES,GEYLANG
321 UBI AVE 1,321,UBI AVE 1,GEYLANG
301 UBI AVE 1,301,UBI AVE 1,GEYLANG
106 ALJUNIED CRES,106,ALJUNIED CRES,GEYLANG
45 SIMS DR,45,SIMS DR,GEYLANG
36 CASSIA CRES,36,CASSIA CRES,GEYLANG
111 ALJUNIED CRES,111,ALJUNIED CRES,GEYLANG
4 JOO CHIAT RD,4,JOO CHIAT RD,GEYLANG
10 PINE CL,10,PINE CL,GEYLANG
315 UBI AVE 1,315,UBI AVE 1,GEYLANG
349 UBI AVE 1,349,UBI AVE 1,GEYLANG
121 PAYA LEBAR WAY,121,PAYA LEBAR WAY,GEYLANG
2 HAIG RD,2,HAIG RD,GEYLANG
5 PINE CL,5,PINE CL,GEYLANG
11 PINE CL,11,PINE CL,GEYLANG
53 PIPIT RD,53,PIPIT RD,GEYLANG
335 UBI AVE 1,335,UBI AVE 1,GEYLANG
2 HOUGANG AVE 3,2,HOUGANG AVE 3,HOUGANG
677 HOUGANG AVE 8,677,HOUGANG AVE 8,HOUGANG
679 HOUGANG AVE 8,679,HOUGANG AVE 8,HOUGANG
645 HOUGANG AVE 8,645,HOUGANG AVE 8,HOUGANG
240 HOUGANG ST 22,240,HOUGANG ST 22,HOUGANG
986B BUANGKOK CRES,986B,BUANGKOK CRES,HOUGANG
125 HOUGANG AVE 1,125,HOUGANG AVE 1,HOUGANG
317 HOUGANG AVE 7,317,HOUGANG AVE 7,HOUGANG
611 HOUGANG AVE 8,611,HOUGANG AVE 8,HOUGANG
606 HOUGANG AVE 4,606,HOUGANG AVE 4,HOUGANG
980C BUANGKOK CRES,980C,BUANGKOK CRES,HOUGANG
910 HOUGANG ST 91,910,HOUGANG ST 91,HOUGANG
248 HOUGANG AVE 3,248,HOUGANG AVE 3,HOUGANG
328 HOUGANG AVE 5,328,HOUGANG AVE 5,HOUGANG
690 HOUGANG ST 61,690,HOUGANG ST 61,HOUGANG
554 HOUGANG ST 51,554,HOUGANG ST 51,HOUGANG
710 HOUGANG AVE 2,710,HOUGANG AVE 2,HOUGANG
980D BUANGKOK CRES,980D,BUANGKOK CRES,HOUGANG
978C BUANGKOK CRES,978C,BUANGKOK CRES,HOUGANG
952 HOUGANG AVE 9,952,HOUGANG AVE 9,HOUGANG
417 HOUGANG AVE 8,417,HOUGANG AVE 8,HOUGANG
568 HOUGANG ST 51,568,HOUGANG ST 51,HOUGANG
981D BUANGKOK CRES,981D,BUANGKOK CRES,HOUGANG
161 HOUGANG ST 11,161,HOUGANG ST 11,HOUGANG
457 HOUGANG AVE 10,457,HOUGANG AVE 10,HOUGANG
468 HOUGANG AVE 8,468,HOUGANG AVE 8,HOUGANG
167 HOUGANG AVE 1,167,HOUGANG AVE 1,HOUGANG
918 HOUGANG AVE 9,918,HOUGANG AVE 9,HOUGANG
979C BUANGKOK CRES,979C,BUANGKOK CRES,HOUGANG
251 HOUGANG AVE 3,251,HOUGANG AVE 3,HOUGANG
436 HOUGANG AVE 8,436,HOUGANG AVE 8,HOUGANG
306 HOUGANG AVE 5,306,HOUGANG AVE 5,HOUGANG
526 HOUGANG AVE 6,526,HOUGANG AVE 6,HOUGANG
16 HOUGANG AVE 3,16,HOUGANG AVE 3,HOUGANG
649 HOUGANG AVE 8,649,HOUGANG AVE 8,HOUGANG
699A HOUGANG ST 52,699A,HOUGANG ST 52,HOUGANG
917 HOUGANG AVE 9,917,HOUGANG AVE 9,HOUGANG
655 HOUGANG AVE 8,655,HOUGANG AVE 8,HOUGANG
467 HOUGANG AVE 8,467,HOUGANG AVE 8,HOUGANG
838 HOUGANG CTRL,838,HOUGANG CTRL,HOUGANG
974 HOUGANG ST 91,974,HOUGANG ST 91,HOUGANG
959 HOUGANG ST 91,959,HOUGANG ST 91,HOUGANG
961 HOUGANG AVE 9,961,HOUGANG AVE 9,HOUGANG
640 HOUGANG AVE 8,640,HOUGANG AVE 8,HOUGANG
455 HOUGANG AVE 10,455,HOUGANG AVE 10,HOUGANG
852 HOUGANG CTRL,852,HOUGANG CTRL,HOUGANG
237 HOUGANG ST 21,237,HOUGANG ST 21,HOUGANG
23 TEBAN GDNS RD,23,TEBAN GDNS RD,JURONG EAST
249 JURONG EAST ST 24,249,JURONG EAST ST 24,JURONG EAST
412 PANDAN GDNS,412,PANDAN GDNS,JURONG EAST
252 JURONG EAST ST 24,252,JURONG EAST ST 24,JURONG EAST
245 JURONG EAST ST 24,245,JURONG EAST ST 24,JURONG EAST
40 TEBAN GDNS RD,40,TEBAN GDNS RD,JURONG EAST
241 JURONG EAST ST 24,241,JURONG EAST ST 24,JURONG EAST
243 JURONG EAST ST 24,243,JURONG EAST ST 24,JURONG EAST
244 JURONG EAST ST 24,244,JURONG EAST ST 24,JURONG EAST
308 JURONG EAST ST 32,308,JURONG EAST ST 32,JURONG EAST
52 TEBAN GDNS RD,52,TEBAN GDNS RD,JURONG EAST
217 JURONG EAST ST 21,217,JURONG EAST ST 21,JURONG EAST
282 TOH GUAN RD,282,TOH GUAN RD,JURONG EAST
21 TEBAN GDNS RD,21,TEBAN GDNS RD,JURONG EAST
260 JURONG EAST ST 24,260,JURONG EAST ST 24,JURONG EAST
240 JURONG EAST ST 21,240,JURONG EAST ST 21,JURONG EAST
209 JURONG EAST ST 21,209,JURONG EAST ST 21,JURONG EAST
276 TOH GUAN RD,276,TOH GUAN RD,JURONG EAST
50 TEBAN GDNS RD,50,TEBAN GDNS RD,JURONG EAST
285D TOH GUAN RD,285D,TOH GUAN RD,JURONG EAST
287D JURONG EAST ST 21,287D,JURONG EAST ST 21,JURONG EAST
287C JURONG EAST ST 21,287C,JURONG EAST ST 21,JURONG EAST
191 BOON LAY DR,191,BOON LAY DR,JURONG WEST
515 JURONG WEST ST 52,515,JURONG WEST ST 52,JURONG WEST
455 JURONG WEST ST 42,455,JURONG WEST ST 42,JURONG WEST
462 JURONG WEST ST 41,462,JURONG WEST ST 41,JURONG WEST
939 JURONG WEST ST 91,939,JURONG WEST ST 91,JURONG WEST
412 JURONG WEST ST 42,412,JURONG WEST ST 42,JURONG WEST
920 JURONG WEST ST 92,920,JURONG WEST ST 92,JURONG WEST
736 JURONG WEST ST 75,736,JURONG WEST ST 75,JURONG WEST
812 JURONG WEST ST 81,812,JURONG WEST ST 81,JURONG WEST
924 JURONG WEST ST 92,924,JURONG WEST ST 92,JURONG WEST
826 JURONG WEST ST 81,826,JURONG WEST ST 81,JURONG WEST
735 JURONG WEST ST 75,735,JURONG WEST ST 75,JURONG WEST
718 JURONG WEST ST 71,718,JURONG WEST ST 71,JURONG WEST
276D JURONG WEST ST 25,276D,JURONG WEST ST 25,JURONG WEST
814 JURONG WEST ST 81,814,JURONG WEST ST 81,JURONG WEST
543 JURONG WEST ST 42,543,JURONG WEST ST 42,JURONG WEST
483 JURONG WEST ST 41,483,JURONG WEST ST 41,JURONG WEST
664C JURONG WEST ST 64,664C,JURONG WEST ST 64,JURONG WEST
676A JURONG WEST ST 64,676A,JURONG WEST ST 64,JURONG WEST
620 JURONG WEST ST 65,620,JURONG WEST ST 65,JURONG WEST
486 JURONG WEST AVE 1,486,JURONG WEST AVE 1,JURONG WEST
348 KANG CHING RD,348,KANG CHING RD,JURONG WEST
649A JURONG WEST ST 61,649A,JURONG WEST ST 61,JURONG WEST
645 JURONG WEST ST 61,645,JURONG WEST ST 61,JURONG WEST
685B JURONG WEST ST 64,685B,JURONG WEST ST 64,JURONG WEST
687 JURONG WEST CTRL 1,687,JURONG WEST CTRL 1,JURONG WEST
520 JURONG WEST ST 52,520,JURONG WEST ST 52,JURONG WEST
276C JURONG WEST ST 25,276C,JURONG WEST ST 25,JURONG WEST
852 JURONG WEST ST 81,852,JURONG WEST ST 81,JURONG WEST
667B JURONG WEST ST 65,667B,JURONG WEST ST 65,JURONG WEST
725 JURONG WEST AVE 5,725,JURONG WEST AVE 5,JURONG WEST
654A JURONG WEST ST 61,654A,JURONG WEST ST 61,JURONG WEST
631 JURONG WEST ST 65,631,JURONG WEST ST 65,JURONG WEST
678C JURONG WEST ST 64,678C,JURONG WEST ST 64,JURONG WEST
664B JURONG WEST ST 64,664B,JURONG WEST ST 64,JURONG WEST
658B JURONG WEST ST 65,658B,JURONG WEST ST 65,JURONG WEST
988C JURONG WEST ST 93,988C,JURONG WEST ST 93,JURONG WEST
989C JURONG WEST ST 93,989C,JURONG WEST ST 93,JURONG WEST
681B JURONG WEST CTRL 1,681B,JURONG WEST CTRL 1,JURONG WEST
661C JURONG WEST ST 64,661C,JURONG WEST ST 64,JURONG WEST
9 JLN BATU,9,JLN BATU,KALLANG/WHAMPOA
28 JLN BAHAGIA,28,JLN BAHAGIA,KALLANG/WHAMPOA
85 WHAMPOA DR,85,WHAMPOA DR,KALLANG/WHAMPOA
73 GEYLANG BAHRU,73,GEYLANG BAHRU,KALLANG/WHAMPOA
35 JLN BAHAGIA,35,JLN BAHAGIA,KALLANG/WHAMPOA
44 BENDEMEER RD,44,BENDEMEER RD,KALLANG/WHAMPOA
4 JLN BATU,4,JLN BATU,KALLANG/WHAMPOA
1 KG KAYU RD,1,KG KAYU RD,KALLANG/WHAMPOA
95 GEYLANG BAHRU,95,GEYLANG BAHRU,KALLANG/WHAMPOA
86 WHAMPOA DR,86,WHAMPOA DR,KALLANG/WHAMPOA
68 GEYLANG BAHRU,68,GEYLANG BAHRU,KALLANG/WHAMPOA
94 GEYLANG BAHRU,94,GEYLANG BAHRU,KALLANG/WHAMPOA
462 CRAWFORD LANE,462,CRAWFORD LANE,KALLANG/WHAMPOA
34 WHAMPOA WEST,34,WHAMPOA WEST,KALLANG/WHAMPOA
3 BEACH RD,3,BEACH RD,KALLANG/WHAMPOA
99 WHAMPOA DR,99,WHAMPOA DR,KALLANG/WHAMPOA
11 ST. GEORGE'S RD,11,ST. GEORGE'S RD,KALLANG/WHAMPOA
101 JLN RAJAH,101,JLN RAJAH,KALLANG/WHAMPOA
43 CAMBRIDGE RD,43,CAMBRIDGE RD,KALLANG/WHAMPOA
38A BENDEMEER RD,38A,BENDEMEER RD,KALLANG/WHAMPOA
2B UPP BOON KENG RD,2B,UPP BOON KENG RD,KALLANG/WHAMPOA
2A UPP BOON KENG RD,2A,UPP BOON KENG RD,KALLANG/WHAMPOA
48 DORSET RD,48,DORSET RD,KALLANG/WHAMPOA
4C ST. GEORGE'S LANE,4C,ST. GEORGE'S LANE,KALLANG/WHAMPOA
12 NTH BRIDGE RD,12,NTH BRIDGE RD,KALLANG/WHAMPOA
11 JLN BATU,11,JLN BATU,KALLANG/WHAMPOA
3B UPP BOON KENG RD,3B,UPP BOON KENG RD,KALLANG/WHAMPOA
815 JELLICOE RD,815,JELLICOE RD,KALLANG/WHAMPOA
108C MCNAIR RD,108C,MCNAIR RD,KALLANG/WHAMPOA
8 BOON KENG RD,8,BOON KENG RD,KALLANG/WHAMPOA
10 JLN BATU,10,JLN BATU,KALLANG/WHAMPOA
5 MARINE TER,5,MARINE TER,MARINE PARADE
18 MARINE TER,18,MARINE TER,MARINE PARADE
45 MARINE CRES,45,MARINE CRES,MARINE PARADE
60 MARINE DR,60,MARINE DR,MARINE PARADE
61 MARINE DR,61,MARINE DR,MARINE PARADE
2 MARINE TER,2,MARINE TER,MARINE PARADE
78 MARINE DR,78,MARINE DR,MARINE PARADE
72 MARINE DR,72,MARINE DR,MARINE PARADE
560 PASIR RIS ST 51,560,PASIR RIS ST 51,PASIR RIS
768 PASIR RIS ST 71,768,PASIR RIS ST 71,PASIR RIS
723 PASIR RIS ST 72,723,PASIR RIS ST 72,PASIR RIS
115 PASIR RIS ST 11,115,PASIR RIS ST 11,PASIR RIS
411 PASIR RIS DR 6,411,PASIR RIS DR 6,PASIR RIS
476 PASIR RIS DR 6,476,PASIR RIS DR 6,PASIR RIS
574 PASIR RIS ST 53,574,PASIR RIS ST 53,PASIR RIS
754 PASIR RIS ST 71,754,PASIR RIS ST 71,PASIR RIS
760 PASIR RIS ST 71,760,PASIR RIS ST 71,PASIR RIS
146 PASIR RIS ST 11,146,PASIR RIS ST 11,PASIR RIS
634 PASIR RIS DR 1,634,PASIR RIS DR 1,PASIR RIS
417 PASIR RIS DR 6,417,PASIR RIS DR 6,PASIR RIS
273 PASIR RIS ST 21,273,PASIR RIS ST 21,PASIR RIS
746 PASIR RIS ST 71,746,PASIR RIS ST 71,PASIR RIS
644 PASIR RIS DR 10,644,PASIR RIS DR 10,PASIR RIS
267 PASIR RIS ST 21,267,PASIR RIS ST 21,PASIR RIS
710 PASIR RIS ST 72,710,PASIR RIS ST 72,PASIR RIS
203 PASIR RIS ST 21,203,PASIR RIS ST 21,PASIR RIS
651 PASIR RIS DR 10,651,PASIR RIS DR 10,PASIR RIS
246 PASIR RIS ST 21,246,PASIR RIS ST 21,PASIR RIS
456 PASIR RIS DR 4,456,PASIR RIS DR 4,PASIR RIS
101 PASIR RIS ST 12,101,PASIR RIS ST 12,PASIR RIS
544 PASIR RIS ST 51,544,PASIR RIS ST 51,PASIR RIS
448 PASIR RIS DR 6,448,PASIR RIS DR 6,PASIR RIS
779 PASIR RIS ST 71,779,PASIR RIS ST 71,PASIR RIS
604 ELIAS RD,604,ELIAS RD,PASIR RIS
175A PUNGGOL FIELD,175A,PUNGGOL FIELD,PUNGGOL
134 EDGEDALE PLAINS,134,EDGEDALE PLAINS,PUNGGOL
126A EDGEDALE PLAINS,126A,EDGEDALE PLAINS,PUNGGOL
604B PUNGGOL RD,604B,PUNGGOL RD,PUNGGOL
635A PUNGGOL DR,635A,PUNGGOL DR,PUNGGOL
641A PUNGGOL DR,641A,PUNGGOL DR,PUNGGOL
603B PUNGGOL RD,603B,PUNGGOL RD,PUNGGOL
268C PUNGGOL FIELD,268C,PUNGGOL FIELD,PUNGGOL
613C PUNGGOL DR,613C,PUNGGOL DR,PUNGGOL
617D PUNGGOL DR,617D,PUNGGOL DR,PUNGGOL
615A EDGEFIELD PLAINS,615A,EDGEFIELD PLAINS,PUNGGOL
612D PUNGGOL DR,612D,PUNGGOL DR,PUNGGOL
267A PUNGGOL FIELD,267A,PUNGGOL FIELD,PUNGGOL
305A PUNGGOL RD,305A,PUNGGOL RD,PUNGGOL
303B PUNGGOL CTRL,303B,PUNGGOL CTRL,PUNGGOL
289D PUNGGOL PL,289D,PUNGGOL PL,PUNGGOL
288C PUNGGOL PL,288C,PUNGGOL PL,PUNGGOL
109B EDGEDALE PLAINS,109B,EDGEDALE PLAINS,PUNGGOL
138 EDGEDALE PLAINS,138,EDGEDALE PLAINS,PUNGGOL
110D PUNGGOL FIELD,110D,PUNGGOL FIELD,PUNGGOL
117 EDGEFIELD PLAINS,117,EDGEFIELD PLAINS,PUNGGOL
176D EDGEFIELD PLAINS,176D,EDGEFIELD PLAINS,PUNGGOL
649 PUNGGOL CTRL,649,PUNGGOL CTRL,PUNGGOL
103A EDGEFIELD PLAINS,103A,EDGEFIELD PLAINS,PUNGGOL
173B PUNGGOL FIELD,173B,PUNGGOL FIELD,PUNGGOL
185 EDGEFIELD PLAINS,185,EDGEFIELD PLAINS,PUNGGOL
173D PUNGGOL FIELD,173D,PUNGGOL FIELD,PUNGGOL
638C PUNGGOL DR,638C,PUNGGOL DR,PUNGGOL
160A PUNGGOL CTRL,160A,PUNGGOL CTRL,PUNGGOL
294 PUNGGOL CTRL,294,PUNGGOL CTRL,PUNGGOL
298 PUNGGOL CTRL,298,PUNGGOL CTRL,PUNGGOL
267C PUNGGOL FIELD,267C,PUNGGOL FIELD,PUNGGOL
288A PUNGGOL PL,288A,PUNGGOL PL,PUNGGOL
190 PUNGGOL CTRL,190,PUNGGOL CTRL,PUNGGOL
111 EDGEFIELD PLAINS,111,EDGEFIELD PLAINS,PUNGGOL
92 C'WEALTH DR,92,C'WEALTH DR,QUEENSTOWN
4 GHIM MOH RD,4,GHIM MOH RD,QUEENSTOWN
4 HOLLAND CL,4,HOLLAND CL,QUEENSTOWN
28C DOVER CRES,28C,DOVER CRES,QUEENSTOWN
89 TANGLIN HALT RD,89,TANGLIN HALT RD,QUEENSTOWN
22 GHIM MOH LINK,22,GHIM MOH LINK,QUEENSTOWN
28B DOVER CRES,28B,DOVER CRES,QUEENSTOWN
18C HOLLAND DR,18C,HOLLAND DR,QUEENSTOWN
27 DOVER CRES,27,DOVER CRES,QUEENSTOWN
28D DOVER CRES,28D,DOVER CRES,QUEENSTOWN
7 C'WEALTH AVE,7,C'WEALTH AVE,QUEENSTOWN
150 MEI LING ST,150,MEI LING ST,QUEENSTOWN
482 ADMIRALTY LINK,482,ADMIRALTY LINK,SEMBAWANG
485 ADMIRALTY LINK,485,ADMIRALTY LINK,SEMBAWANG
329 SEMBAWANG CL,329,SEMBAWANG CL,SEMBAWANG
479 SEMBAWANG DR,479,SEMBAWANG DR,SEMBAWANG
406 SEMBAWANG DR,406,SEMBAWANG DR,SEMBAWANG
507C WELLINGTON CIRCLE,507C,WELLINGTON CIRCLE,SEMBAWANG
490 ADMIRALTY LINK,490,ADMIRALTY LINK,SEMBAWANG
509A WELLINGTON CIRCLE,509A,WELLINGTON CIRCLE,SEMBAWANG
503B CANBERRA LINK,503B,CANBERRA LINK,SEMBAWANG
508B WELLINGTON CIRCLE,508B,WELLINGTON CIRCLE,SEMBAWANG
352C CANBERRA RD,352C,CANBERRA RD,SEMBAWANG
401 ADMIRALTY LINK,401,ADMIRALTY LINK,SEMBAWANG
407 SEMBAWANG DR,407,SEMBAWANG DR,SEMBAWANG
412 SEMBAWANG DR,412,SEMBAWANG DR,SEMBAWANG
510B WELLINGTON CIRCLE,510B,WELLINGTON CIRCLE,SEMBAWANG
484 ADMIRALTY LINK,484,ADMIRALTY LINK,SEMBAWANG
504D MONTREAL DR,504D,MONTREAL DR,SEMBAWANG
357B ADMIRALTY DR,357B,ADMIRALTY DR,SEMBAWANG
501A WELLINGTON CIRCLE,501A,WELLINGTON CIRCLE,SEMBAWANG
321 SEMBAWANG CL,321,SEMBAWANG CL,SEMBAWANG
360B ADMIRALTY DR,360B,ADMIRALTY DR,SEMBAWANG
353C ADMIRALTY DR,353C,ADMIRALTY DR,SEMBAWANG
506A WELLINGTON CIRCLE,506A,WELLINGTON CIRCLE,SEMBAWANG
469 ADMIRALTY DR,469,ADMIRALTY DR,SEMBAWANG
408 SEMBAWANG DR,408,SEMBAWANG DR,SEMBAWANG
468C ADMIRALTY DR,468C,ADMIRALTY DR,SEMBAWANG
357C ADMIRALTY DR,357C,ADMIRALTY DR,SEMBAWANG
339A SEMBAWANG CL,339A,SEMBAWANG CL,SEMBAWANG
308 CANBERRA RD,308,CANBERRA RD,SEMBAWANG
439B SENGKANG WEST AVE,439B,SENGKANG WEST AVE,SENGKANG
295B COMPASSVALE CRES,295B,COMPASSVALE CRES,SENGKANG
185D RIVERVALE CRES,185D,RIVERVALE CRES,SENGKANG
295A COMPASSVALE CRES,295A,COMPASSVALE CRES,SENGKANG
188C RIVERVALE DR,188C,RIVERVALE DR,SENGKANG
407A FERNVALE RD,407A,FERNVALE RD,SENGKANG
304B ANCHORVALE LINK,304B,ANCHORVALE LINK,SENGKANG
104 RIVERVALE WALK,104,RIVERVALE WALK,SENGKANG
203E COMPASSVALE RD,203E,COMPASSVALE RD,SENGKANG
408A FERNVALE RD,408A,FERNVALE RD,SENGKANG
318A ANCHORVALE LINK,318A,ANCHORVALE LINK,SENGKANG
408C FERNVALE RD,408C,FERNVALE RD,SENGKANG
207A COMPASSVALE LANE,207A,COMPASSVALE LANE,SENGKANG
441C FERNVALE RD,441C,FERNVALE RD,SENGKANG
411A FERNVALE RD,411A,FERNVALE RD,SENGKANG
270A SENGKANG CTRL,270A,SENGKANG CTRL,SENGKANG
259B COMPASSVALE RD,259B,COMPASSVALE RD,SENGKANG
443C FERNVALE RD,443C,FERNVALE RD,SENGKANG
439A SENGKANG WEST AVE,439A,SENGKANG WEST AVE,SENGKANG
410A FERNVALE RD,410A,FERNVALE RD,SENGKANG
434B FERNVALE RD,434B,FERNVALE RD,SENGKANG
435B FERNVALE RD,435B,FERNVALE RD,SENGKANG
212C COMPASSVALE DR,212C,COMPASSVALE DR,SENGKANG
264B COMPASSVALE BOW,264B,COMPASSVALE BOW,SENGKANG
265A COMPASSVALE LINK,265A,COMPASSVALE LINK,SENGKANG
265D COMPASSVALE BOW,265D,COMPASSVALE BOW,SENGKANG
272C SENGKANG CTRL,272C,SENGKANG CTRL,SENGKANG
264D COMPASSVALE BOW,264D,COMPASSVALE BOW,SENGKANG
277A COMPASSVALE LINK,277A,COMPASSVALE LINK,SENGKANG
273C COMPASSVALE LINK,273C,COMPASSVALE LINK,SENGKANG
183B RIVERVALE CRES,183B,RIVERVALE CRES,SENGKANG
308A ANCHORVALE RD,308A,ANCHORVALE RD,SENGKANG
192A RIVERVALE DR,192A,RIVERVALE DR,SENGKANG
303A ANCHORVALE LINK,303A,ANCHORVALE LINK,SENGKANG
122A SENGKANG EAST WAY,122A,SENGKANG EAST WAY,SENGKANG
116B RIVERVALE DR,116B,RIVERVALE DR,SENGKANG
157D RIVERVALE CRES,157D,RIVERVALE CRES,SENGKANG
309B ANCHORVALE RD,309B,ANCHORVALE RD,SENGKANG
117C RIVERVALE DR,117C,RIVERVALE DR,SENGKANG
292B COMPASSVALE ST,292B,COMPASSVALE ST,SENGKANG
224C COMPASSVALE WALK,224C,COMPASSVALE WALK,SENGKANG
252 COMPASSVALE ST,252,COMPASSVALE ST,SENGKANG
200A SENGKANG EAST RD,200A,SENGKANG EAST RD,SENGKANG
302A ANCHORVALE LINK,302A,ANCHORVALE LINK,SENGKANG
200B SENGKANG EAST RD,200B,SENGKANG EAST RD,SENGKANG
316A ANCHORVALE LINK,316A,ANCHORVALE LINK,SENGKANG
405B FERNVALE LANE,405B,FERNVALE LANE,SENGKANG
241 COMPASSVALE WALK,241,COMPASSVALE WALK,SENGKANG
260B SENGKANG EAST WAY,260B,SENGKANG EAST WAY,SENGKANG
212A COMPASSVALE DR,212A,COMPASSVALE DR,SENGKANG
316B ANCHORVALE LINK,316B,ANCHORVALE LINK,SENGKANG
189A RIVERVALE DR,189A,RIVERVALE DR,SENGKANG
135 RIVERVALE ST,135,RIVERVALE ST,SENGKANG
189B RIVERVALE DR,189B,RIVERVALE DR,SENGKANG
314D ANCHORVALE LINK,314D,ANCHORVALE LINK,SENGKANG
315B ANCHORVALE RD,315B,ANCHORVALE RD,SENGKANG
225C COMPASSVALE WALK,225C,COMPASSVALE WALK,SENGKANG
202A COMPASSVALE DR,202A,COMPASSVALE DR,SENGKANG
316C ANCHORVALE LINK,316C,ANCHORVALE LINK,SENGKANG
250D COMPASSVALE ST,250D,COMPASSVALE ST,SENGKANG
120B RIVERVALE DR,120B,RIVERVALE DR,SENGKANG
320C ANCHORVALE DR,320C,ANCHORVALE DR,SENGKANG
108 SERANGOON NTH AVE 1,108,SERANGOON NTH AVE 1,SERANGOON
113 SERANGOON NTH AVE 1,113,SERANGOON NTH AVE 1,SERANGOON
105 SERANGOON NTH AVE 1,105,SERANGOON NTH AVE 1,SERANGOON
153 SERANGOON NTH AVE 1,153,SERANGOON NTH AVE 1,SERANGOON
215 SERANGOON AVE 4,215,SERANGOON AVE 4,SERANGOON
253 SERANGOON CTRL DR,253,SERANGOON CTRL DR,SERANGOON
323 SERANGOON AVE 3,323,SERANGOON AVE 3,SERANGOON
203 SERANGOON CTRL,203,SERANGOON CTRL,SERANGOON
103 SERANGOON NTH AVE 1,103,SERANGOON NTH AVE 1,SERANGOON
126 SERANGOON NTH AVE 1,126,SERANGOON NTH AVE 1,SERANGOON
528 SERANGOON NTH AVE 4,528,SERANGOON NTH AVE 4,SERANGOON
226 SERANGOON AVE 4,226,SERANGOON AVE 4,SERANGOON
554 SERANGOON NTH AVE 3,554,SERANGOON NTH AVE 3,SERANGOON
224 SERANGOON AVE 4,224,SERANGOON AVE 4,SERANGOON
308 SERANGOON AVE 2,308,SERANGOON AVE 2,SERANGOON
335 SERANGOON AVE 3,335,SERANGOON AVE 3,SERANGOON
328 SERANGOON AVE 3,328,SERANGOON AVE 3,SERANGOON
232 SERANGOON AVE 3,232,SERANGOON AVE 3,SERANGOON
233 SERANGOON AVE 3,233,SERANGOON AVE 3,SERANGOON
505 SERANGOON NTH AVE 4,505,SERANGOON NTH AVE 4,SERANGOON
512 SERANGOON NTH AVE 4,512,SERANGOON NTH AVE 4,SERANGOON
552 SERANGOON NTH AVE 3,552,SERANGOON NTH AVE 3,SERANGOON
123 SERANGOON NTH AVE 1,123,SERANGOON NTH AVE 1,SERANGOON
526 SERANGOON NTH AVE 4,526,SERANGOON NTH AVE 4,SERANGOON
423 SERANGOON CTRL,423,SERANGOON CTRL,SERANGOON
849 TAMPINES ST 83,849,TAMPINES ST 83,TAMPINES
879 TAMPINES AVE 8,879,TAMPINES AVE 8,TAMPINES
219 TAMPINES ST 24,219,TAMPINES ST 24,TAMPINES
809 TAMPINES AVE 4,809,TAMPINES AVE 4,TAMPINES
213 TAMPINES ST 23,213,TAMPINES ST 23,TAMPINES
267 TAMPINES ST 21,267,TAMPINES ST 21,TAMPINES
130 SIMEI ST 1,130,SIMEI ST 1,TAMPINES
841 TAMPINES ST 83,841,TAMPINES ST 83,TAMPINES
347 TAMPINES ST 33,347,TAMPINES ST 33,TAMPINES
348 TAMPINES ST 33,348,TAMPINES ST 33,TAMPINES
840 TAMPINES ST 82,840,TAMPINES ST 82,TAMPINES
355 TAMPINES ST 33,355,TAMPINES ST 33,TAMPINES
367 TAMPINES ST 34,367,TAMPINES ST 34,TAMPINES
401 TAMPINES ST 41,401,TAMPINES ST 41,TAMPINES
447 TAMPINES ST 42,447,TAMPINES ST 42,TAMPINES
719 TAMPINES ST 72,719,TAMPINES ST 72,TAMPINES
891 TAMPINES AVE 8,891,TAMPINES AVE 8,TAMPINES
109 TAMPINES ST 11,109,TAMPINES ST 11,TAMPINES
166 TAMPINES ST 12,166,TAMPINES ST 12,TAMPINES
164 TAMPINES ST 12,164,TAMPINES ST 12,TAMPINES
842H TAMPINES ST 82,842H,TAMPINES ST 82,TAMPINES
247 TAMPINES ST 21,247,TAMPINES ST 21,TAMPINES
842D TAMPINES ST 82,842D,TAMPINES ST 82,TAMPINES
167D SIMEI LANE,167D,SIMEI LANE,TAMPINES
112 SIMEI ST 1,112,SIMEI ST 1,TAMPINES
298 TAMPINES ST 22,298,TAMPINES ST 22,TAMPINES
358 TAMPINES ST 33,358,TAMPINES ST 33,TAMPINES
368 TAMPINES ST 34,368,TAMPINES ST 34,TAMPINES
498F TAMPINES ST 45,498F,TAMPINES ST 45,TAMPINES
857A TAMPINES ST 83,857A,TAMPINES ST 83,TAMPINES
494B TAMPINES AVE 9,494B,TAMPINES AVE 9,TAMPINES
479 TAMPINES ST 44,479,TAMPINES ST 44,TAMPINES
149 SIMEI ST 1,149,SIMEI ST 1,TAMPINES
491C TAMPINES ST 45,491C,TAMPINES ST 45,TAMPINES
498E TAMPINES ST 45,498E,TAMPINES ST 45,TAMPINES
388 TAMPINES ST 32,388,TAMPINES ST 32,TAMPINES
361 TAMPINES ST 34,361,TAMPINES ST 34,TAMPINES
279 TAMPINES ST 22,279,TAMPINES ST 22,TAMPINES
497G TAMPINES ST 45,497G,TAMPINES ST 45,TAMPINES
322 TAMPINES ST 33,322,TAMPINES ST 33,TAMPINES
254 TAMPINES ST 21,254,TAMPINES ST 21,TAMPINES
880 TAMPINES AVE 8,880,TAMPINES AVE 8,TAMPINES
411 TAMPINES ST 41,411,TAMPINES ST 41,TAMPINES
153 SIMEI ST 1,153,SIMEI ST 1,TAMPINES
142 TAMPINES ST 12,142,TAMPINES ST 12,TAMPINES
119 SIMEI ST 1,119,SIMEI ST 1,TAMPINES
244 SIMEI ST 5,244,SIMEI ST 5,TAMPINES
167B SIMEI LANE,167B,SIMEI LANE,TAMPINES
167A SIMEI LANE,167A,SIMEI LANE,TAMPINES
738 TAMPINES ST 72,738,TAMPINES ST 72,TAMPINES
892 TAMPINES AVE 8,892,TAMPINES AVE 8,TAMPINES
874A TAMPINES ST 84,874A,TAMPINES ST 84,TAMPINES
125 TAMPINES ST 11,125,TAMPINES ST 11,TAMPINES
336 TAMPINES ST 32,336,TAMPINES ST 32,TAMPINES
105 SIMEI ST 1,105,SIMEI ST 1,TAMPINES
147 TAMPINES AVE 5,147,TAMPINES AVE 5,TAMPINES
229 SIMEI ST 4,229,SIMEI ST 4,TAMPINES
856D TAMPINES ST 82,856D,TAMPINES ST 82,TAMPINES
52 LOR 6 TOA PAYOH,52,LOR 6 TOA PAYOH,TOA PAYOH
69 LOR 4 TOA PAYOH,69,LOR 4 TOA PAYOH,TOA PAYOH
12 LOR 7 TOA PAYOH,12,LOR 7 TOA PAYOH,TOA PAYOH
119 LOR 1 TOA PAYOH,119,LOR 1 TOA PAYOH,TOA PAYOH
110 LOR 1 TOA PAYOH,110,LOR 1 TOA PAYOH,TOA PAYOH
113 POTONG PASIR AVE 1,113,POTONG PASIR AVE 1,TOA PAYOH
117 POTONG PASIR AVE 1,117,POTONG PASIR AVE 1,TOA PAYOH
115 POTONG PASIR AVE 1,115,POTONG PASIR AVE 1,TOA PAYOH
124 LOR 1 TOA PAYOH,124,LOR 1 TOA PAYOH,TOA PAYOH
96 LOR 3 TOA PAYOH,96,LOR 3 TOA PAYOH,TOA PAYOH
85B LOR 4 TOA PAYOH,85B,LOR 4 TOA PAYOH,TOA PAYOH
85C LOR 4 TOA PAYOH,85C,LOR 4 TOA PAYOH,TOA PAYOH
108 POTONG PASIR AVE 1,108,POTONG PASIR AVE 1,TOA PAYOH
227 LOR 8 TOA PAYOH,227,LOR 8 TOA PAYOH,TOA PAYOH
15 JOO SENG RD,15,JOO SENG RD,TOA PAYOH
37 LOR 5 TOA PAYOH,37,LOR 5 TOA PAYOH,TOA PAYOH
153A LOR 1 TOA PAYOH,153A,LOR 1 TOA PAYOH,TOA PAYOH
79B TOA PAYOH CTRL,79B,TOA PAYOH CTRL,TOA PAYOH
81B LOR 4 TOA PAYOH,81B,LOR 4 TOA PAYOH,TOA PAYOH
146 LOR 2 TOA PAYOH,146,LOR 2 TOA PAYOH,TOA PAYOH
155 LOR 1 TOA PAYOH,155,LOR 1 TOA PAYOH,TOA PAYOH
241 KIM KEAT LINK,241,KIM KEAT LINK,TOA PAYOH
229 LOR 8 TOA PAYOH,229,LOR 8 TOA PAYOH,TOA PAYOH
36 LOR 5 TOA PAYOH,36,LOR 5 TOA PAYOH,TOA PAYOH
35 LOR 5 TOA PAYOH,35,LOR 5 TOA PAYOH,TOA PAYOH
121 POTONG PASIR AVE 1,121,POTONG PASIR AVE 1,TOA PAYOH
237 LOR 1 TOA PAYOH,237,LOR 1 TOA PAYOH,TOA PAYOH
132 POTONG PASIR AVE 1,132,POTONG PASIR AVE 1,TOA PAYOH
24 MARSILING DR,24,MARSILING DR,WOODLANDS
130 MARSILING RISE,130,MARSILING RISE,WOODLANDS
131 MARSILING RISE,131,MARSILING RISE,WOODLANDS
13 MARSILING LANE,13,MARSILING LANE,WOODLANDS
129 MARSILING RISE,129,MARSILING RISE,WOODLANDS
816 WOODLANDS ST 82,816,WOODLANDS ST 82,WOODLANDS
18 MARSILING LANE,18,MARSILING LANE,WOODLANDS
159 WOODLANDS ST 13,159,WOODLANDS ST 13,WOODLANDS
8 MARSILING DR,8,MARSILING DR,WOODLANDS
437 WOODLANDS ST 41,437,WOODLANDS ST 41,WOODLANDS
739 WOODLANDS CIRCLE,739,WOODLANDS CIRCLE,WOODLANDS
771 WOODLANDS DR 60,771,WOODLANDS DR 60,WOODLANDS
840 WOODLANDS ST 82,840,WOODLANDS ST 82,WOODLANDS
601 WOODLANDS DR 42,601,WOODLANDS DR 42,WOODLANDS
29 MARSILING DR,29,MARSILING DR,WOODLANDS
575 WOODLANDS DR 16,575,WOODLANDS DR 16,WOODLANDS
619 WOODLANDS DR 52,619,WOODLANDS DR 52,WOODLANDS
348 WOODLANDS AVE 3,348,WOODLANDS AVE 3,WOODLANDS
723 WOODLANDS AVE 6,723,WOODLANDS AVE 6,WOODLANDS
749 WOODLANDS CIRCLE,749,WOODLANDS CIRCLE,WOODLANDS
28 MARSILING DR,28,MARSILING DR,WOODLANDS
743 WOODLANDS CIRCLE,743,WOODLANDS CIRCLE,WOODLANDS
767 WOODLANDS CIRCLE,767,WOODLANDS CIRCLE,WOODLANDS
690F WOODLANDS DR 75,690F,WOODLANDS DR 75,WOODLANDS
618 WOODLANDS AVE 4,618,WOODLANDS AVE 4,WOODLANDS
786F WOODLANDS DR 60,786F,WOODLANDS DR 60,WOODLANDS
859 WOODLANDS ST 83,859,WOODLANDS ST 83,WOODLANDS
689D WOODLANDS DR 75,689D,WOODLANDS DR 75,WOODLANDS
403 WOODLANDS ST 41,403,WOODLANDS ST 41,WOODLANDS
871 WOODLANDS ST 81,871,WOODLANDS ST 81,WOODLANDS
345 WOODLANDS ST 32,345,WOODLANDS ST 32,WOODLANDS
791 WOODLANDS AVE 6,791,WOODLANDS AVE 6,WOODLANDS
553 WOODLANDS DR 44,553,WOODLANDS DR 44,WOODLANDS
690A WOODLANDS DR 75,690A,WOODLANDS DR 75,WOODLANDS
689E WOODLANDS DR 75,689E,WOODLANDS DR 75,WOODLANDS
365 WOODLANDS AVE 5,365,WOODLANDS AVE 5,WOODLANDS
899B WOODLANDS DR 50,899B,WOODLANDS DR 50,WOODLANDS
414 WOODLANDS ST 41,414,WOODLANDS ST 41,WOODLANDS
682C WOODLANDS DR 73,682C,WOODLANDS DR 73,WOODLANDS
688A WOODLANDS DR 75,688A,WOODLANDS DR 75,WOODLANDS
552 WOODLANDS DR 44,552,WOODLANDS DR 44,WOODLANDS
614 WOODLANDS AVE 4,614,WOODLANDS AVE 4,WOODLANDS
543 WOODLANDS DR 16,543,WOODLANDS DR 16,WOODLANDS
580 WOODLANDS DR 16,580,WOODLANDS DR 16,WOODLANDS
686A WOODLANDS DR 73,686A,WOODLANDS DR 73,WOODLANDS
632 WOODLANDS RING RD,632,WOODLANDS RING RD,WOODLANDS
753 WOODLANDS CIRCLE,753,WOODLANDS CIRCLE,WOODLANDS
681D WOODLANDS DR 62,681D,WOODLANDS DR 62,WOODLANDS
350 WOODLANDS AVE 3,350,WOODLANDS AVE 3,WOODLANDS
685B WOODLANDS DR 73,685B,WOODLANDS DR 73,WOODLANDS
514 WOODLANDS DR 14,514,WOODLANDS DR 14,WOODLANDS
893C WOODLANDS DR 50,893C,WOODLANDS DR 50,WOODLANDS
536 WOODLANDS DR 14,536,WOODLANDS DR 14,WOODLANDS
531 WOODLANDS DR 14,531,WOODLANDS DR 14,WOODLANDS
681A WOODLANDS DR 62,681A,WOODLANDS DR 62,WOODLANDS
520 WOODLANDS DR 14,520,WOODLANDS DR 14,WOODLANDS
652 WOODLANDS RING RD,652,WOODLANDS RING RD,WOODLANDS
647 WOODLANDS RING RD,647,WOODLANDS RING RD,WOODLANDS
118 MARSILING RISE,118,MARSILING RISE,WOODLANDS
307 WOODLANDS AVE 1,307,WOODLANDS AVE 1,WOODLANDS
172 YISHUN AVE 7,172,YISHUN AVE 7,YISHUN
266 YISHUN ST 22,266,YISHUN ST 22,YISHUN
393 YISHUN AVE 6,393,YISHUN AVE 6,YISHUN
362 YISHUN RING RD,362,YISHUN RING RD,YISHUN
241 YISHUN RING RD,241,YISHUN RING RD,YISHUN
702 YISHUN AVE 5,702,YISHUN AVE 5,YISHUN
703 YISHUN AVE 5,703,YISHUN AVE 5,YISHUN
133 YISHUN ST 11,133,YISHUN ST 11,YISHUN
110 YISHUN RING RD,110,YISHUN RING RD,YISHUN
134 YISHUN ST 11,134,YISHUN ST 11,YISHUN
736 YISHUN ST 72,736,YISHUN ST 72,YISHUN
720 YISHUN ST 71,720,YISHUN ST 71,YISHUN
634 YISHUN ST 61,634,YISHUN ST 61,YISHUN
642 YISHUN ST 61,642,YISHUN ST 61,YISHUN
174 YISHUN AVE 7,174,YISHUN AVE 7,YISHUN
272 YISHUN ST 22,272,YISHUN ST 22,YISHUN
766 YISHUN AVE 3,766,YISHUN AVE 3,YISHUN
255 YISHUN RING RD,255,YISHUN RING RD,YISHUN
261 YISHUN ST 22,261,YISHUN ST 22,YISHUN
765 YISHUN ST 72,765,YISHUN ST 72,YISHUN
279 YISHUN ST 22,279,YISHUN ST 22,YISHUN
637 YISHUN ST 61,637,YISHUN ST 61,YISHUN
433 YISHUN AVE 6,433,YISHUN AVE 6,YISHUN
171 YISHUN AVE 7,171,YISHUN AVE 7,YISHUN
365 YISHUN RING RD,365,YISHUN RING RD,YISHUN
314 YISHUN RING RD,314,YISHUN RING RD,YISHUN
293 YISHUN ST 22,293,YISHUN ST 22,YISHUN
452 YISHUN RING RD,452,YISHUN RING RD,YISHUN
875 YISHUN ST 81,875,YISHUN ST 81,YISHUN
795A YISHUN RING RD,795A,YISHUN RING RD,YISHUN
234 YISHUN ST 21,234,YISHUN ST 21,YISHUN
349 YISHUN AVE 11,349,YISHUN AVE 11,YISHUN
229 YISHUN ST 21,229,YISHUN ST 21,YISHUN
808 YISHUN RING RD,808,YISHUN RING RD,YISHUN
833 YISHUN ST 81,833,YISHUN ST 81,YISHUN
455 YISHUN ST 41,455,YISHUN ST 41,YISHUN
456 YISHUN ST 41,456,YISHUN ST 41,YISHUN
750 YISHUN ST 72,750,YISHUN ST 72,YISHUN
830 YISHUN ST 81,830,YISHUN ST 81,YISHUN
852 YISHUN ST 81,852,YISHUN ST 81,YISHUN
628 YISHUN ST 61,628,YISHUN ST 61,YISHUN
737 YISHUN ST 72,737,YISHUN ST 72,YISHUN
445 YISHUN AVE 11,445,YISHUN AVE 11,YISHUN
115A YISHUN RING RD,115A,YISHUN RING RD,YISHUN
607 YISHUN ST 61,607,YISHUN ST 61,YISHUN
775 YISHUN RING RD,775,YISHUN RING RD,YISHUN
240 YISHUN RING RD,240,YISHUN RING RD,YISHUN
161 YISHUN ST 11,161,YISHUN ST 11,YISHUN
838 YISHUN ST 81,838,YISHUN ST 81,YISHUN
841 YISHUN ST 81,841,YISHUN ST 81,YISHUN
391 YISHUN AVE 6,391,YISHUN AVE 6,YISHUN
351 YISHUN AVE 11,351,YISHUN AVE 11,YISHUN
326 YISHUN RING RD,326,YISHUN RING RD,YISHUN
352 YISHUN RING RD,352,YISHUN RING RD,YISHUN
614 YISHUN ST 61,614,YISHUN ST 61,YISHUN
791 YISHUN AVE 2,791,YISHUN AVE 2,YISHUN
508 ANG MO KIO AVE 8,508,ANG MO KIO AVE 8,ANG MO KIO
213 ANG MO KIO AVE 3,213,ANG MO KIO AVE 3,ANG MO KIO
558 ANG MO KIO AVE 10,558,ANG MO KIO AVE 10,ANG MO KIO
565 ANG MO KIO AVE 3,565,ANG MO KIO AVE 3,ANG MO KIO
434 ANG MO KIO AVE 10,434,ANG MO KIO AVE 10,ANG MO KIO
154 ANG MO KIO AVE 5,154,ANG MO KIO AVE 5,ANG MO KIO
466 ANG MO KIO AVE 10,466,ANG MO KIO AVE 10,ANG MO KIO
452 ANG MO KIO AVE 10,452,ANG MO KIO AVE 10,ANG MO KIO
442 ANG MO KIO AVE 10,442,ANG MO KIO AVE 10,ANG MO KIO
540 ANG MO KIO AVE 10,540,ANG MO KIO AVE 10,ANG MO KIO
440 ANG MO KIO AVE 10,440,ANG MO KIO AVE 10,ANG MO KIO
533 ANG MO KIO AVE 5,533,ANG MO KIO AVE 5,ANG MO KIO
445 ANG MO KIO AVE 10,445,ANG MO KIO AVE 10,ANG MO KIO
607 ANG MO KIO AVE 4,607,ANG MO KIO AVE 4,ANG MO KIO
476 ANG MO KIO AVE 10,476,ANG MO KIO AVE 10,ANG MO KIO
215 ANG MO KIO AVE 1,215,ANG MO KIO AVE 1,ANG MO KIO
216 ANG MO KIO AVE 1,216,ANG MO KIO AVE 1,ANG MO KIO
524 ANG MO KIO AVE 5,524,ANG MO KIO AVE 5,ANG MO KIO
128 ANG MO KIO AVE 3,128,ANG MO KIO AVE 3,ANG MO KIO
178 ANG MO KIO AVE 4,178,ANG MO KIO AVE 4,ANG MO KIO
507 ANG MO KIO AVE 8,507,ANG MO KIO AVE 8,ANG MO KIO
586 ANG MO KIO AVE 3,586,ANG MO KIO AVE 3,ANG MO KIO
639 ANG MO KIO AVE 6,639,ANG MO KIO AVE 6,ANG MO KIO
435 ANG MO KIO AVE 10,435,ANG MO KIO AVE 10,ANG MO KIO
157 ANG MO KIO AVE 4,157,ANG MO KIO AVE 4,ANG MO KIO
117 ANG MO KIO AVE 4,117,ANG MO KIO AVE 4,ANG MO KIO
542 ANG MO KIO AVE 10,542,ANG MO KIO AVE 10,ANG MO KIO
649 ANG MO KIO AVE 5,649,ANG MO KIO AVE 5,ANG MO KIO
417 ANG MO KIO AVE 10,417,ANG MO KIO AVE 10,ANG MO KIO
422 ANG MO KIO AVE 3,422,ANG MO KIO AVE 3,ANG MO KIO
122 ANG MO KIO AVE 3,122,ANG MO KIO AVE 3,ANG MO KIO
155 ANG MO KIO AVE 4,155,ANG MO KIO AVE 4,ANG MO KIO
471 ANG MO KIO AVE 10,471,ANG MO KIO AVE 10,ANG MO KIO
320 ANG MO KIO AVE 1,320,ANG MO KIO AVE 1,ANG MO KIO
419 ANG MO KIO AVE 10,419,ANG MO KIO AVE 10,ANG MO KIO
513 ANG MO KIO AVE 8,513,ANG MO KIO AVE 8,ANG MO KIO
209 ANG MO KIO AVE 3,209,ANG MO KIO AVE 3,ANG MO KIO
153 ANG MO KIO AVE 5,153,ANG MO KIO AVE 5,ANG MO KIO
562 ANG MO KIO AVE 3,562,ANG MO KIO AVE 3,ANG MO KIO
537 ANG MO KIO AVE 5,537,ANG MO KIO AVE 5,ANG MO KIO
438 ANG MO KIO AVE 10,438,ANG MO KIO AVE 10,ANG MO KIO
544 ANG MO KIO AVE 10,544,ANG MO KIO AVE 10,ANG MO KIO
173 ANG MO KIO AVE 4,173,ANG MO KIO AVE 4,ANG MO KIO
428 ANG MO KIO AVE 3,428,ANG MO KIO AVE 3,ANG MO KIO
412 ANG MO KIO AVE 10,412,ANG MO KIO AVE 10,ANG MO KIO
127 ANG MO KIO AVE 3,127,ANG MO KIO AVE 3,ANG MO KIO
134 ANG MO KIO AVE 3,134,ANG MO KIO AVE 3,ANG MO KIO
344 ANG MO KIO AVE 3,344,ANG MO KIO AVE 3,ANG MO KIO
309A ANG MO KIO ST 31,309A,ANG MO KIO ST 31,ANG MO KIO
354 ANG MO KIO ST 32,354,ANG MO KIO ST 32,ANG MO KIO
307C ANG MO KIO AVE 1,307C,ANG MO KIO AVE 1,ANG MO KIO
539 ANG MO KIO AVE 10,539,ANG MO KIO AVE 10,ANG MO KIO
104B ANG MO KIO ST 11,104B,ANG MO KIO ST 11,ANG MO KIO
553 ANG MO KIO AVE 10,553,ANG MO KIO AVE 10,ANG MO KIO
431 ANG MO KIO AVE 10,431,ANG MO KIO AVE 10,ANG MO KIO
305 ANG MO KIO AVE 1,305,ANG MO KIO AVE 1,ANG MO KIO
588B ANG MO KIO ST 52,588B,ANG MO KIO ST 52,ANG MO KIO
700B ANG MO KIO AVE 6,700B,ANG MO KIO AVE 6,ANG MO KIO
596B ANG MO KIO ST 52,596B,ANG MO KIO ST 52,ANG MO KIO
616 ANG MO KIO AVE 4,616,ANG MO KIO AVE 4,ANG MO KIO
620 BEDOK RESERVOIR RD,620,BEDOK RESERVOIR RD,BEDOK
539 BEDOK NTH ST 3,539,BEDOK NTH ST 3,BEDOK
144 BEDOK RESERVOIR RD,144,BEDOK RESERVOIR RD,BEDOK
703 BEDOK RESERVOIR RD,703,BEDOK RESERVOIR RD,BEDOK
504 BEDOK NTH ST 3,504,BEDOK NTH ST 3,BEDOK
530 BEDOK NTH ST 3,530,BEDOK NTH ST 3,BEDOK
628 BEDOK RESERVOIR RD,628,BEDOK RESERVOIR RD,BEDOK
74 BEDOK NTH RD,74,BEDOK NTH RD,BEDOK
29 NEW UPP CHANGI RD,29,NEW UPP CHANGI RD,BEDOK
107 BEDOK RESERVOIR RD,107,BEDOK RESERVOIR RD,BEDOK
30 NEW UPP CHANGI RD,30,NEW UPP CHANGI RD,BEDOK
32 CHAI CHEE AVE,32,CHAI CHEE AVE,BEDOK
424 BEDOK NTH AVE 1,424,BEDOK NTH AVE 1,BEDOK
110 BEDOK NTH RD,110,BEDOK NTH RD,BEDOK
521 BEDOK NTH AVE 1,521,BEDOK NTH AVE 1,BEDOK
125 BEDOK NTH RD,125,BEDOK NTH RD,BEDOK
27 NEW UPP CHANGI RD,27,NEW UPP CHANGI RD,BEDOK
419 BEDOK NTH ST 1,419,BEDOK NTH ST 1,BEDOK
204 BEDOK NTH ST 1,204,BEDOK NTH ST 1,BEDOK
104 BEDOK NTH AVE 4,104,BEDOK NTH AVE 4,BEDOK
59 CHAI CHEE RD,59,CHAI CHEE RD,BEDOK
418 BEDOK NTH AVE 2,418,BEDOK NTH AVE 2,BEDOK
202 BEDOK NTH ST 1,202,BEDOK NTH ST 1,BEDOK
416 BEDOK NTH AVE 2,416,BEDOK NTH AVE 2,BEDOK
221B BEDOK CTRL,221B,BEDOK CTRL,BEDOK
5 BEDOK STH AVE 2,5,BEDOK STH AVE 2,BEDOK
52 NEW UPP CHANGI RD,52,NEW UPP CHANGI RD,BEDOK
512 BEDOK NTH AVE 2,512,BEDOK NTH AVE 2,BEDOK
707 BEDOK NTH RD,707,BEDOK NTH RD,BEDOK
120 BEDOK RESERVOIR RD,120,BEDOK RESERVOIR RD,BEDOK
169 BEDOK STH AVE 3,169,BEDOK STH AVE 3,BEDOK
64 NEW UPP CHANGI RD,64,NEW UPP CHANGI RD,BEDOK
507 BEDOK NTH AVE 3,507,BEDOK NTH AVE 3,BEDOK
718 BEDOK RESERVOIR RD,718,BEDOK RESERVOIR RD,BEDOK
428 BEDOK NTH RD,428,BEDOK NTH RD,BEDOK
666 JLN DAMAI,666,JLN DAMAI,BEDOK
651 JLN TENAGA,651,JLN TENAGA,BEDOK
771 BEDOK RESERVOIR VIEW,771,BEDOK RESERVOIR VIEW,BEDOK
770 BEDOK RESERVOIR VIEW,770,BEDOK RESERVOIR VIEW,BEDOK
183 BEDOK NTH RD,183,BEDOK NTH RD,BEDOK
221A BEDOK CTRL,221A,BEDOK CTRL,BEDOK
182 BEDOK NTH RD,182,BEDOK NTH RD,BEDOK
114 LENGKONG TIGA,114,LENGKONG TIGA,BEDOK
221C BEDOK CTRL,221C,BEDOK CTRL,BEDOK
604 BEDOK RESERVOIR RD,604,BEDOK RESERVOIR RD,BEDOK
140 BEDOK RESERVOIR RD,140,BEDOK RESERVOIR RD,BEDOK
146 BEDOK RESERVOIR RD,146,BEDOK RESERVOIR RD,BEDOK
711 BEDOK RESERVOIR RD,711,BEDOK RESERVOIR RD,BEDOK
139 BEDOK NTH AVE 3,139,BEDOK NTH AVE 3,BEDOK
99 BEDOK NTH AVE 4,99,BEDOK NTH AVE 4,BEDOK
552 BEDOK NTH AVE 1,552,BEDOK NTH AVE 1,BEDOK
645 JLN TENAGA,645,JLN TENAGA,BEDOK
656 JLN TENAGA,656,JLN TENAGA,BEDOK
33 CHAI CHEE AVE,33,CHAI CHEE AVE,BEDOK
407 BEDOK NTH AVE 3,407,BEDOK NTH AVE 3,BEDOK
72 BEDOK STH AVE 3,72,BEDOK STH AVE 3,BEDOK
61 NEW UPP CHANGI RD,61,NEW UPP CHANGI RD,BEDOK
636 BEDOK RESERVOIR RD,636,BEDOK RESERVOIR RD,BEDOK
661 JLN DAMAI,661,JLN DAMAI,BEDOK
29A CHAI CHEE AVE,29A,CHAI CHEE AVE,BEDOK
23 SIN MING RD,23,SIN MING RD,BISHAN
24 SIN MING RD,24,SIN MING RD,BISHAN
406 SIN MING AVE,406,SIN MING AVE,BISHAN
146 BISHAN ST 11,146,BISHAN ST 11,BISHAN
272 BISHAN ST 24,272,BISHAN ST 24,BISHAN
443 SIN MING AVE,443,SIN MING AVE,BISHAN
107 BISHAN ST 12,107,BISHAN ST 12,BISHAN
113 BISHAN ST 12,113,BISHAN ST 12,BISHAN
153 BISHAN ST 13,153,BISHAN ST 13,BISHAN
123 BISHAN ST 12,123,BISHAN ST 12,BISHAN
445 SIN MING AVE,445,SIN MING AVE,BISHAN
114 BISHAN ST 12,114,BISHAN ST 12,BISHAN
191 BISHAN ST 13,191,BISHAN ST 13,BISHAN
256 BISHAN ST 22,256,BISHAN ST 22,BISHAN
189 BISHAN ST 13,189,BISHAN ST 13,BISHAN
195 BISHAN ST 13,195,BISHAN ST 13,BISHAN
503 BISHAN ST 11,503,BISHAN ST 11,BISHAN
135 BISHAN ST 12,135,BISHAN ST 12,BISHAN
157 BISHAN ST 13,157,BISHAN ST 13,BISHAN
444 SIN MING AVE,444,SIN MING AVE,BISHAN
228 BISHAN ST 23,228,BISHAN ST 23,BISHAN
290 BISHAN ST 24,290,BISHAN ST 24,BISHAN
179 BISHAN ST 13,179,BISHAN ST 13,BISHAN
238 BISHAN ST 22,238,BISHAN ST 22,BISHAN
245 BISHAN ST 22,245,BISHAN ST 22,BISHAN
186 BISHAN ST 13,186,BISHAN ST 13,BISHAN
420 BT BATOK WEST AVE 2,420,BT BATOK WEST AVE 2,BUKIT BATOK
267 BT BATOK EAST AVE 4,267,BT BATOK EAST AVE 4,BUKIT BATOK
523 BT BATOK ST 52,523,BT BATOK ST 52,BUKIT BATOK
283 BT BATOK EAST AVE 3,283,BT BATOK EAST AVE 3,BUKIT BATOK
271 BT BATOK EAST AVE 4,271,BT BATOK EAST AVE 4,BUKIT BATOK
272 BT BATOK EAST AVE 4,272,BT BATOK EAST AVE 4,BUKIT BATOK
316 BT BATOK ST 32,316,BT BATOK ST 32,BUKIT BATOK
160 BT BATOK ST 11,160,BT BATOK ST 11,BUKIT BATOK
229 BT BATOK EAST AVE 3,229,BT BATOK EAST AVE 3,BUKIT BATOK
417 BT BATOK WEST AVE 4,417,BT BATOK WEST AVE 4,BUKIT BATOK
175 BT BATOK WEST AVE 8,175,BT BATOK WEST AVE 8,BUKIT BATOK
180 BT BATOK WEST AVE 8,180,BT BATOK WEST AVE 8,BUKIT BATOK
321 BT BATOK ST 33,321,BT BATOK ST 33,BUKIT BATOK
409 BT BATOK WEST AVE 4,409,BT BATOK WEST AVE 4,BUKIT BATOK
161 BT BATOK ST 11,161,BT BATOK ST 11,BUKIT BATOK
225 BT BATOK CTRL,225,BT BATOK CTRL,BUKIT BATOK
363 BT BATOK ST 31,363,BT BATOK ST 31,BUKIT BATOK
233 BT BATOK EAST AVE 5,233,BT BATOK EAST AVE 5,BUKIT BATOK
164 BT BATOK ST 11,164,BT BATOK ST 11,BUKIT BATOK
231 BT BATOK EAST AVE 5,231,BT BATOK EAST AVE 5,BUKIT BATOK
238 BT BATOK EAST AVE 5,238,BT BATOK EAST AVE 5,BUKIT BATOK
258 BT BATOK EAST AVE 4,258,BT BATOK EAST AVE 4,BUKIT BATOK
207 BT BATOK ST 21,207,BT BATOK ST 21,BUKIT BATOK
311 BT BATOK ST 32,311,BT BATOK ST 32,BUKIT BATOK
510 BT BATOK ST 52,510,BT BATOK ST 52,BUKIT BATOK
333 BT BATOK ST 32,333,BT BATOK ST 32,BUKIT BATOK
146 BT BATOK WEST AVE 6,146,BT BATOK WEST AVE 6,BUKIT BATOK
148 BT BATOK WEST AVE 6,148,BT BATOK WEST AVE 6,BUKIT BATOK
105 BT BATOK CTRL,105,BT BATOK CTRL,BUKIT BATOK
302 BT BATOK ST 31,302,BT BATOK ST 31,BUKIT BATOK
337 BT BATOK ST 34,337,BT BATOK ST 34,BUKIT BATOK
313 BT BATOK ST 32,313,BT BATOK ST 32,BUKIT BATOK
288D BT BATOK ST 25,288D,BT BATOK ST 25,BUKIT BATOK
266 BT BATOK EAST AVE 4,266,BT BATOK EAST AVE 4,BUKIT BATOK
392 BT BATOK WEST AVE 5,392,BT BATOK WEST AVE 5,BUKIT BATOK
291A BT BATOK ST 24,291A,BT BATOK ST 24,BUKIT BATOK
367 BT BATOK ST 31,367,BT BATOK ST 31,BUKIT BATOK
108 BT BATOK WEST AVE 6,108,BT BATOK WEST AVE 6,BUKIT BATOK
290E BT BATOK ST 24,290E,BT BATOK ST 24,BUKIT BATOK
383 BT BATOK WEST AVE 5,383,BT BATOK WEST AVE 5,BUKIT BATOK
201 BT BATOK ST 21,201,BT BATOK ST 21,BUKIT BATOK
290F BT BATOK ST 24,290F,BT BATOK ST 24,BUKIT BATOK
291E BT BATOK ST 24,291E,BT BATOK ST 24,BUKIT BATOK
419 BT BATOK WEST AVE 2,419,BT BATOK WEST AVE 2,BUKIT BATOK
191 BT BATOK WEST AVE 6,191,BT BATOK WEST AVE 6,BUKIT BATOK
189 BT BATOK WEST AVE 6,189,BT BATOK WEST AVE 6,BUKIT BATOK
390 BT BATOK WEST AVE 5,390,BT BATOK WEST AVE 5,BUKIT BATOK
297 BT BATOK ST 22,297,BT BATOK ST 22,BUKIT BATOK
286 BT BATOK EAST AVE 3,286,BT BATOK EAST AVE 3,BUKIT BATOK
110 BT BATOK WEST AVE 6,110,BT BATOK WEST AVE 6,BUKIT BATOK
402 BT BATOK WEST AVE 7,402,BT BATOK WEST AVE 7,BUKIT BATOK
406 BT BATOK WEST AVE 7,406,BT BATOK WEST AVE 7,BUKIT BATOK
526 BT BATOK ST 51,526,BT BATOK ST 51,BUKIT BATOK
140 BT BATOK ST 11,140,BT BATOK ST 11,BUKIT BATOK
7 TELOK BLANGAH CRES,7,TELOK BLANGAH CRES,BUKIT MERAH
8 TELOK BLANGAH CRES,8,TELOK BLANGAH CRES,BUKIT MERAH
42 TELOK BLANGAH RISE,42,TELOK BLANGAH RISE,BUKIT MERAH
43 TELOK BLANGAH RISE,43,TELOK BLANGAH RISE,BUKIT MERAH
28 HOY FATT RD,28,HOY FATT RD,BUKIT MERAH
138 JLN BT MERAH,138,JLN BT MERAH,BUKIT MERAH
86 REDHILL CL,86,REDHILL CL,BUKIT MERAH
31 TELOK BLANGAH RISE,31,TELOK BLANGAH RISE,BUKIT MERAH
1 TELOK BLANGAH CRES,1,TELOK BLANGAH CRES,BUKIT MERAH
30 TELOK BLANGAH RISE,30,TELOK BLANGAH RISE,BUKIT MERAH
14 TAMAN HO SWEE,14,TAMAN HO SWEE,BUKIT MERAH
46 JLN BT HO SWEE,46,JLN BT HO SWEE,BUKIT MERAH
22 TELOK BLANGAH CRES,22,TELOK BLANGAH CRES,BUKIT MERAH
148 SILAT AVE,148,SILAT AVE,BUKIT MERAH
62 TELOK BLANGAH HTS,62,TELOK BLANGAH HTS,BUKIT MERAH
128 BT MERAH VIEW,128,BT MERAH VIEW,BUKIT MERAH
1A CANTONMENT RD,1A,CANTONMENT RD,CENTRAL AREA
5 EVERTON PK,5,EVERTON PK,BUKIT MERAH
2 EVERTON PK,2,EVERTON PK,BUKIT MERAH
55 HAVELOCK RD,55,HAVELOCK RD,BUKIT MERAH
26D JLN MEMBINA,26D,JLN MEMBINA,BUKIT MERAH
51 LENGKOK BAHRU,51,LENGKOK BAHRU,BUKIT MERAH
65 TELOK BLANGAH DR,65,TELOK BLANGAH DR,BUKIT MERAH
54 LENGKOK BAHRU,54,LENGKOK BAHRU,BUKIT MERAH
108 JLN BT MERAH,108,JLN BT MERAH,BUKIT MERAH
40 JLN RUMAH TINGGI,40,JLN RUMAH TINGGI,BUKIT MERAH
8 JLN RUMAH TINGGI,8,JLN RUMAH TINGGI,BUKIT MERAH
12 JLN BT MERAH,12,JLN BT MERAH,BUKIT MERAH
18 CANTONMENT CL,18,CANTONMENT CL,BUKIT MERAH
75B REDHILL RD,75B,REDHILL RD,BUKIT MERAH
13 CANTONMENT CL,13,CANTONMENT CL,BUKIT MERAH
120A KIM TIAN PL,120A,KIM TIAN PL,BUKIT MERAH
6A BOON TIONG RD,6A,BOON TIONG RD,BUKIT MERAH
126C KIM TIAN RD,126C,KIM TIAN RD,BUKIT MERAH
73 TELOK BLANGAH HTS,73,TELOK BLANGAH HTS,BUKIT MERAH
117 BT MERAH CTRL,117,BT MERAH CTRL,BUKIT MERAH
104A DEPOT RD,104A,DEPOT RD,BUKIT MERAH
103B DEPOT RD,103B,DEPOT RD,BUKIT MERAH
112B DEPOT RD,112B,DEPOT RD,BUKIT MERAH
9 JLN RUMAH TINGGI,9,JLN RUMAH TINGGI,BUKIT MERAH
2 DELTA AVE,2,DELTA AVE,BUKIT MERAH
9 CANTONMENT CL,9,CANTONMENT CL,BUKIT MERAH
70 REDHILL CL,70,REDHILL CL,BUKIT MERAH
118B JLN MEMBINA,118B,JLN MEMBINA,BUKIT MERAH
131 CASHEW RD,131,CASHEW RD,BUKIT PANJANG
229 PENDING RD,229,PENDING RD,BUKIT PANJANG
109 GANGSA RD,109,GANGSA RD,BUKIT PANJANG
137 PETIR RD,137,PETIR RD,BUKIT PANJANG
143 PETIR RD,143,PETIR RD,BUKIT PANJANG
257 BANGKIT RD,257,BANGKIT RD,BUKIT PANJANG
611 BT PANJANG RING RD,611,BT PANJANG RING RD,BUKIT PANJANG
512 JELAPANG RD,512,JELAPANG RD,BUKIT PANJANG
221 PENDING RD,221,PENDING RD,BUKIT PANJANG
145 PETIR RD,145,PETIR RD,BUKIT PANJANG
477 SEGAR RD,477,SEGAR RD,BUKIT PANJANG
504 JELAPANG RD,504,JELAPANG RD,BUKIT PANJANG
216 PETIR RD,216,PETIR RD,BUKIT PANJANG
525 JELAPANG RD,525,JELAPANG RD,BUKIT PANJANG
630 SENJA RD,630,SENJA RD,BUKIT PANJANG
166 GANGSA RD,166,GANGSA RD,BUKIT PANJANG
457 SEGAR RD,457,SEGAR RD,BUKIT PANJANG
170 GANGSA RD,170,GANGSA RD,BUKIT PANJANG
178 LOMPANG RD,178,LOMPANG RD,BUKIT PANJANG
163 GANGSA RD,163,GANGSA RD,BUKIT PANJANG
181 JELEBU RD,181,JELEBU RD,BUKIT PANJANG
483 SEGAR RD,483,SEGAR RD,BUKIT PANJANG
136 PETIR RD,136,PETIR RD,BUKIT PANJANG
481 SEGAR RD,481,SEGAR RD,BUKIT PANJANG
608 SENJA RD,608,SENJA RD,BUKIT PANJANG
173 GANGSA RD,173,GANGSA RD,BUKIT PANJANG
183 JELEBU RD,183,JELEBU RD,BUKIT PANJANG
470 SEGAR RD,470,SEGAR RD,BUKIT PANJANG
130 CASHEW RD,130,CASHEW RD,BUKIT PANJANG
527 JELAPANG RD,527,JELAPANG RD,BUKIT PANJANG
542 JELAPANG RD,542,JELAPANG RD,BUKIT PANJANG
8 EMPRESS RD,8,EMPRESS RD,BUKIT TIMAH
18 TOH YI DR,18,TOH YI DR,BUKIT TIMAH
6 FARRER RD,6,FARRER RD,BUKIT TIMAH
11 TOH YI DR,11,TOH YI DR,BUKIT TIMAH
10 JLN KUKOH,10,JLN KUKOH,CENTRAL AREA
34 UPP CROSS ST,34,UPP CROSS ST,CENTRAL AREA
2 TG PAGAR PLAZA,2,TG PAGAR PLAZA,CENTRAL AREA
533 UPP CROSS ST,533,UPP CROSS ST,CENTRAL AREA
3 TG PAGAR PLAZA,3,TG PAGAR PLAZA,CENTRAL AREA
269B QUEEN ST,269B,QUEEN ST,CENTRAL AREA
632 VEERASAMY RD,632,VEERASAMY RD,CENTRAL AREA
1G CANTONMENT RD,1G,CANTONMENT RD,CENTRAL AREA
10 TECK WHYE AVE,10,TECK WHYE AVE,CHOA CHU KANG
442 CHOA CHU KANG AVE 4,442,CHOA CHU KANG AVE 4,CHOA CHU KANG
688A CHOA CHU KANG DR,688A,CHOA CHU KANG DR,CHOA CHU KANG
17 TECK WHYE LANE,17,TECK WHYE LANE,CHOA CHU KANG
542 CHOA CHU KANG ST 52,542,CHOA CHU KANG ST 52,CHOA CHU KANG
297A CHOA CHU KANG AVE 2,297A,CHOA CHU KANG AVE 2,CHOA CHU KANG
456 CHOA CHU KANG AVE 4,456,CHOA CHU KANG AVE 4,CHOA CHU KANG
484A CHOA CHU KANG AVE 5,484A,CHOA CHU KANG AVE 5,CHOA CHU KANG
20 TECK WHYE LANE,20,TECK WHYE LANE,CHOA CHU KANG
470 CHOA CHU KANG AVE 3,470,CHOA CHU KANG AVE 3,CHOA CHU KANG
485 CHOA CHU KANG AVE 5,485,CHOA CHU KANG AVE 5,CHOA CHU KANG
427 CHOA CHU KANG AVE 4,427,CHOA CHU KANG AVE 4,CHOA CHU KANG
471 CHOA CHU KANG AVE 3,471,CHOA CHU KANG AVE 3,CHOA CHU KANG
673A CHOA CHU KANG CRES,673A,CHOA CHU KANG CRES,CHOA CHU KANG
441 CHOA CHU KANG AVE 4,441,CHOA CHU KANG AVE 4,CHOA CHU KANG
687B CHOA CHU KANG DR,687B,CHOA CHU KANG DR,CHOA CHU KANG
465 CHOA CHU KANG AVE 4,465,CHOA CHU KANG AVE 4,CHOA CHU KANG
681 CHOA CHU KANG CRES,681,CHOA CHU KANG CRES,CHOA CHU KANG
219 CHOA CHU KANG CTRL,219,CHOA CHU KANG CTRL,CHOA CHU KANG
217 CHOA CHU KANG CTRL,217,CHOA CHU KANG CTRL,CHOA CHU KANG
627 CHOA CHU KANG ST 62,627,CHOA CHU KANG ST 62,CHOA CHU KANG
642 CHOA CHU KANG ST 64,642,CHOA CHU KANG ST 64,CHOA CHU KANG
639 CHOA CHU KANG ST 64,639,CHOA CHU KANG ST 64,CHOA CHU KANG
501 CHOA CHU KANG ST 51,501,CHOA CHU KANG ST 51,CHOA CHU KANG
224 CHOA CHU KANG CTRL,224,CHOA CHU KANG CTRL,CHOA CHU KANG
702 CHOA CHU KANG ST 53,702,CHOA CHU KANG ST 53,CHOA CHU KANG
690C CHOA CHU KANG CRES,690C,CHOA CHU KANG CRES,CHOA CHU KANG
686D CHOA CHU KANG CRES,686D,CHOA CHU KANG CRES,CHOA CHU KANG
670 CHOA CHU KANG CRES,670,CHOA CHU KANG CRES,CHOA CHU KANG
154 JLN TECK WHYE,154,JLN TECK WHYE,CHOA CHU KANG
656 CHOA CHU KANG CRES,656,CHOA CHU KANG CRES,CHOA CHU KANG
752 CHOA CHU KANG NTH 5,752,CHOA CHU KANG NTH 5,CHOA CHU KANG
562 CHOA CHU KANG ST 52,562,CHOA CHU KANG ST 52,CHOA CHU KANG
641 CHOA CHU KANG ST 64,641,CHOA CHU KANG ST 64,CHOA CHU KANG
632 CHOA CHU KANG NTH 6,632,CHOA CHU KANG NTH 6,CHOA CHU KANG
792 CHOA CHU KANG NTH 6,792,CHOA CHU KANG NTH 6,CHOA CHU KANG
618 CHOA CHU KANG NTH 7,618,CHOA CHU KANG NTH 7,CHOA CHU KANG
133 TECK WHYE LANE,133,TECK WHYE LANE,CHOA CHU KANG
606 CHOA CHU KANG ST 62,606,CHOA CHU KANG ST 62,CHOA CHU KANG
164 JLN TECK WHYE,164,JLN TECK WHYE,CHOA CHU KANG
287 CHOA CHU KANG AVE 2,287,CHOA CHU KANG AVE 2,CHOA CHU KANG
448 CHOA CHU KANG AVE 4,448,CHOA CHU KANG AVE 4,CHOA CHU KANG
768 CHOA CHU KANG ST 54,768,CHOA CHU KANG ST 54,CHOA CHU KANG
711 CLEMENTI WEST ST 2,711,CLEMENTI WEST ST 2,CLEMENTI
701 WEST COAST RD,701,WEST COAST RD,CLEMENTI
508 WEST COAST DR,508,WEST COAST DR,CLEMENTI
335 CLEMENTI AVE 2,335,CLEMENTI AVE 2,CLEMENTI
343 CLEMENTI AVE 5,343,CLEMENTI AVE 5,CLEMENTI
365 CLEMENTI AVE 2,365,CLEMENTI AVE 2,CLEMENTI
341 CLEMENTI AVE 5,341,CLEMENTI AVE 5,CLEMENTI
366 CLEMENTI AVE 2,366,CLEMENTI AVE 2,CLEMENTI
608 CLEMENTI WEST ST 1,608,CLEMENTI WEST ST 1,CLEMENTI
506 WEST COAST DR,506,WEST COAST DR,CLEMENTI
610 CLEMENTI WEST ST 1,610,CLEMENTI WEST ST 1,CLEMENTI
707 CLEMENTI WEST ST 2,707,CLEMENTI WEST ST 2,CLEMENTI
609 CLEMENTI WEST ST 1,609,CLEMENTI WEST ST 1,CLEMENTI
205 CLEMENTI AVE 6,205,CLEMENTI AVE 6,CLEMENTI
347 CLEMENTI AVE 5,347,CLEMENTI AVE 5,CLEMENTI
379 CLEMENTI AVE 5,379,CLEMENTI AVE 5,CLEMENTI
316 CLEMENTI AVE 4,316,CLEMENTI AVE 4,CLEMENTI
317 CLEMENTI AVE 4,317,CLEMENTI AVE 4,CLEMENTI
421 CLEMENTI AVE 1,421,CLEMENTI AVE 1,CLEMENTI
424 CLEMENTI AVE 1,424,CLEMENTI AVE 1,CLEMENTI
605 CLEMENTI WEST ST 1,605,CLEMENTI WEST ST 1,CLEMENTI
414 C'WEALTH AVE WEST,414,C'WEALTH AVE WEST,CLEMENTI
337 CLEMENTI AVE 2,337,CLEMENTI AVE 2,CLEMENTI
458 CLEMENTI AVE 3,458,CLEMENTI AVE 3,CLEMENTI
416 CLEMENTI AVE 1,416,CLEMENTI AVE 1,CLEMENTI
115 CLEMENTI ST 13,115,CLEMENTI ST 13,CLEMENTI
116 CLEMENTI ST 13,116,CLEMENTI ST 13,CLEMENTI
87 CIRCUIT RD,87,CIRCUIT RD,GEYLANG
19 BALAM RD,19,BALAM RD,GEYLANG
60 CIRCUIT RD,60,CIRCUIT RD,GEYLANG
48 CIRCUIT RD,48,CIRCUIT RD,GEYLANG
38 CIRCUIT RD,38,CIRCUIT RD,GEYLANG
25 EUNOS CRES,25,EUNOS CRES,GEYLANG
62 CIRCUIT RD,62,CIRCUIT RD,GEYLANG
305 UBI AVE 1,305,UBI AVE 1,GEYLANG
108 ALJUNIED CRES,108,ALJUNIED CRES,GEYLANG
124 GEYLANG EAST AVE 1,124,GEYLANG EAST AVE 1,GEYLANG
31 EUNOS CRES,31,EUNOS CRES,GEYLANG
348 UBI AVE 1,348,UBI AVE 1,GEYLANG
314 UBI AVE 1,314,UBI AVE 1,GEYLANG
351 UBI AVE 1,351,UBI AVE 1,GEYLANG
43A SIMS DR,43A,SIMS DR,GEYLANG
107 ALJUNIED CRES,107,ALJUNIED CRES,GEYLANG
32 CASSIA CRES,32,CASSIA CRES,GEYLANG
34 CASSIA CRES,34,CASSIA CRES,GEYLANG
3A GEYLANG SERAI,3A,GEYLANG SERAI,GEYLANG
35 EUNOS CRES,35,EUNOS CRES,GEYLANG
2B GEYLANG SERAI,2B,GEYLANG SERAI,GEYLANG
39 JLN TIGA,39,JLN TIGA,GEYLANG
45 JLN TIGA,45,JLN TIGA,GEYLANG
125 ALJUNIED RD,125,ALJUNIED RD,GEYLANG
50 SIMS DR,50,SIMS DR,GEYLANG
56 PIPIT RD,56,PIPIT RD,GEYLANG
23 HAIG RD,23,HAIG RD,GEYLANG
1 HOUGANG AVE 3,1,HOUGANG AVE 3,HOUGANG
6 HOUGANG AVE 3,6,HOUGANG AVE 3,HOUGANG
114 HOUGANG AVE 1,114,HOUGANG AVE 1,HOUGANG
327 HOUGANG AVE 5,327,HOUGANG AVE 5,HOUGANG
660 HOUGANG AVE 8,660,HOUGANG AVE 8,HOUGANG
17 HOUGANG AVE 3,17,HOUGANG AVE 3,HOUGANG
653 HOUGANG AVE 8,653,HOUGANG AVE 8,HOUGANG
309 HOUGANG AVE 5,309,HOUGANG AVE 5,HOUGANG
19 HOUGANG AVE 3,19,HOUGANG AVE 3,HOUGANG
688 HOUGANG ST 61,688,HOUGANG ST 61,HOUGANG
117 HOUGANG AVE 1,117,HOUGANG AVE 1,HOUGANG
123 HOUGANG AVE 1,123,HOUGANG AVE 1,HOUGANG
401 HOUGANG AVE 10,401,HOUGANG AVE 10,HOUGANG
528 HOUGANG AVE 6,528,HOUGANG AVE 6,HOUGANG
523 HOUGANG AVE 6,523,HOUGANG AVE 6,HOUGANG
944 HOUGANG ST 92,944,HOUGANG ST 92,HOUGANG
607 HOUGANG AVE 4,607,HOUGANG AVE 4,HOUGANG
532 HOUGANG AVE 6,532,HOUGANG AVE 6,HOUGANG
711 HOUGANG AVE 2,711,HOUGANG AVE 2,HOUGANG
980A BUANGKOK CRES,980A,BUANGKOK CRES,HOUGANG
101 HOUGANG AVE 1,101,HOUGANG AVE 1,HOUGANG
402 HOUGANG AVE 10,402,HOUGANG AVE 10,HOUGANG
650 HOUGANG AVE 8,650,HOUGANG AVE 8,HOUGANG
551 HOUGANG ST 51,551,HOUGANG ST 51,HOUGANG
925 HOUGANG ST 91,925,HOUGANG ST 91,HOUGANG
242 HOUGANG ST 22,242,HOUGANG ST 22,HOUGANG
981A BUANGKOK CRES,981A,BUANGKOK CRES,HOUGANG
20 HOUGANG AVE 3,20,HOUGANG AVE 3,HOUGANG
943 HOUGANG ST 92,943,HOUGANG ST 92,HOUGANG
976 HOUGANG ST 91,976,HOUGANG ST 91,HOUGANG
979A BUANGKOK CRES,979A,BUANGKOK CRES,HOUGANG
661 HOUGANG AVE 4,661,HOUGANG AVE 4,HOUGANG
567 HOUGANG ST 51,567,HOUGANG ST 51,HOUGANG
166 HOUGANG AVE 1,166,HOUGANG AVE 1,HOUGANG
138 LOR AH SOO,138,LOR AH SOO,HOUGANG
550 HOUGANG ST 51,550,HOUGANG ST 51,HOUGANG
629 HOUGANG AVE 8,629,HOUGANG AVE 8,HOUGANG
143 LOR AH SOO,143,LOR AH SOO,HOUGANG
134 LOR AH SOO,134,LOR AH SOO,HOUGANG
433 HOUGANG AVE 8,433,HOUGANG AVE 8,HOUGANG
580 HOUGANG AVE 4,580,HOUGANG AVE 4,HOUGANG
575 HOUGANG ST 51,575,HOUGANG ST 51,HOUGANG
630 HOUGANG AVE 8,630,HOUGANG AVE 8,HOUGANG
624 HOUGANG AVE 8,624,HOUGANG AVE 8,HOUGANG
921 HOUGANG ST 91,921,HOUGANG ST 91,HOUGANG
542 HOUGANG AVE 8,542,HOUGANG AVE 8,HOUGANG
946 HOUGANG ST 92,946,HOUGANG ST 92,HOUGANG
699 HOUGANG ST 52,699,HOUGANG ST 52,HOUGANG
158 HOUGANG ST 11,158,HOUGANG ST 11,HOUGANG
233 HOUGANG ST 21,233,HOUGANG ST 21,HOUGANG
231 HOUGANG ST 21,231,HOUGANG ST 21,HOUGANG
577 HOUGANG AVE 4,577,HOUGANG AVE 4,HOUGANG
563 HOUGANG ST 51,563,HOUGANG ST 51,HOUGANG
960 HOUGANG AVE 9,960,HOUGANG AVE 9,HOUGANG
633 HOUGANG AVE 8,633,HOUGANG AVE 8,HOUGANG
157 HOUGANG ST 11,157,HOUGANG ST 11,HOUGANG
698D HOUGANG ST 52,698D,HOUGANG ST 52,HOUGANG
141 LOR AH SOO,141,LOR AH SOO,HOUGANG
712 HOUGANG AVE 2,712,HOUGANG AVE 2,HOUGANG
558 HOUGANG ST 51,558,HOUGANG ST 51,HOUGANG
431 HOUGANG AVE 6,431,HOUGANG AVE 6,HOUGANG
36 TEBAN GDNS RD,36,TEBAN GDNS RD,JURONG EAST
261 JURONG EAST ST 24,261,JURONG EAST ST 24,JURONG EAST
214 JURONG EAST ST 21,214,JURONG EAST ST 21,JURONG EAST
215 JURONG EAST ST 21,215,JURONG EAST ST 21,JURONG EAST
256 JURONG EAST ST 24,256,JURONG EAST ST 24,JURONG EAST
306 JURONG EAST ST 32,306,JURONG EAST ST 32,JURONG EAST
313 JURONG EAST ST 32,313,JURONG EAST ST 32,JURONG EAST
248 JURONG EAST ST 24,248,JURONG EAST ST 24,JURONG EAST
408 PANDAN GDNS,408,PANDAN GDNS,JURONG EAST
409 PANDAN GDNS,409,PANDAN GDNS,JURONG EAST
32 TEBAN GDNS RD,32,TEBAN GDNS RD,JURONG EAST
332 JURONG EAST AVE 1,332,JURONG EAST AVE 1,JURONG EAST
221A JURONG EAST ST 21,221A,JURONG EAST ST 21,JURONG EAST
305 JURONG EAST ST 32,305,JURONG EAST ST 32,JURONG EAST
407 PANDAN GDNS,407,PANDAN GDNS,JURONG EAST
64 TEBAN GDNS RD,64,TEBAN GDNS RD,JURONG EAST
238 JURONG EAST ST 21,238,JURONG EAST ST 21,JURONG EAST
406 PANDAN GDNS,406,PANDAN GDNS,JURONG EAST
234 JURONG EAST ST 21,234,JURONG EAST ST 21,JURONG EAST
331 JURONG EAST AVE 1,331,JURONG EAST AVE 1,JURONG EAST
288A JURONG EAST ST 21,288A,JURONG EAST ST 21,JURONG EAST
285A TOH GUAN RD,285A,TOH GUAN RD,JURONG EAST
214 BOON LAY PL,214,BOON LAY PL,JURONG WEST
492 JURONG WEST ST 41,492,JURONG WEST ST 41,JURONG WEST
186 BOON LAY AVE,186,BOON LAY AVE,JURONG WEST
187 BOON LAY AVE,187,BOON LAY AVE,JURONG WEST
209 BOON LAY PL,209,BOON LAY PL,JURONG WEST
208 BOON LAY PL,208,BOON LAY PL,JURONG WEST
207 BOON LAY PL,207,BOON LAY PL,JURONG WEST
925 JURONG WEST ST 92,925,JURONG WEST ST 92,JURONG WEST
463 JURONG WEST ST 41,463,JURONG WEST ST 41,JURONG WEST
484 JURONG WEST AVE 1,484,JURONG WEST AVE 1,JURONG WEST
423 JURONG WEST AVE 1,423,JURONG WEST AVE 1,JURONG WEST
459 JURONG WEST ST 41,459,JURONG WEST ST 41,JURONG WEST
525 JURONG WEST ST 52,525,JURONG WEST ST 52,JURONG WEST
480 JURONG WEST ST 41,480,JURONG WEST ST 41,JURONG WEST
489 JURONG WEST AVE 1,489,JURONG WEST AVE 1,JURONG WEST
535 JURONG WEST ST 52,535,JURONG WEST ST 52,JURONG WEST
481 JURONG WEST ST 41,481,JURONG WEST ST 41,JURONG WEST
528 JURONG WEST ST 52,528,JURONG WEST ST 52,JURONG WEST
425 JURONG WEST AVE 1,425,JURONG WEST AVE 1,JURONG WEST
513 JURONG WEST ST 52,513,JURONG WEST ST 52,JURONG WEST
339A KANG CHING RD,339A,KANG CHING RD,JURONG WEST
339D KANG CHING RD,339D,KANG CHING RD,JURONG WEST
338B KANG CHING RD,338B,KANG CHING RD,JURONG WEST
952 JURONG WEST ST 91,952,JURONG WEST ST 91,JURONG WEST
724 JURONG WEST ST 72,724,JURONG WEST ST 72,JURONG WEST
816 JURONG WEST ST 81,816,JURONG WEST ST 81,JURONG WEST
526 JURONG WEST ST 52,526,JURONG WEST ST 52,JURONG WEST
941 JURONG WEST ST 91,941,JURONG WEST ST 91,JURONG WEST
158 YUNG LOH RD,158,YUNG LOH RD,JURONG WEST
847 JURONG WEST ST 81,847,JURONG WEST ST 81,JURONG WEST
624 JURONG WEST ST 61,624,JURONG WEST ST 61,JURONG WEST
764 JURONG WEST ST 74,764,JURONG WEST ST 74,JURONG WEST
273D JURONG WEST AVE 3,273D,JURONG WEST AVE 3,JURONG WEST
759 JURONG WEST ST 74,759,JURONG WEST ST 74,JURONG WEST
268A BOON LAY DR,268A,BOON LAY DR,JURONG WEST
413 JURONG WEST ST 42,413,JURONG WEST ST 42,JURONG WEST
765 JURONG WEST ST 74,765,JURONG WEST ST 74,JURONG WEST
555 JURONG WEST ST 42,555,JURONG WEST ST 42,JURONG WEST
460 JURONG WEST ST 41,460,JURONG WEST ST 41,JURONG WEST
727 JURONG WEST AVE 5,727,JURONG WEST AVE 5,JURONG WEST
337D TAH CHING RD,337D,TAH CHING RD,JURONG WEST
621 JURONG WEST ST 65,621,JURONG WEST ST 65,JURONG WEST
458 JURONG WEST ST 41,458,JURONG WEST ST 41,JURONG WEST
339B KANG CHING RD,339B,KANG CHING RD,JURONG WEST
659D JURONG WEST ST 65,659D,JURONG WEST ST 65,JURONG WEST
663A JURONG WEST ST 65,663A,JURONG WEST ST 65,JURONG WEST
475 JURONG WEST ST 41,475,JURONG WEST ST 41,JURONG WEST
346 KANG CHING RD,346,KANG CHING RD,JURONG WEST
686C JURONG WEST CTRL 1,686C,JURONG WEST CTRL 1,JURONG WEST
684C JURONG WEST ST 64,684C,JURONG WEST ST 64,JURONG WEST
612 JURONG WEST ST 65,612,JURONG WEST ST 65,JURONG WEST
510 JURONG WEST ST 52,510,JURONG WEST ST 52,JURONG WEST
683B JURONG WEST CTRL 1,683B,JURONG WEST CTRL 1,JURONG WEST
517D JURONG WEST ST 52,517D,JURONG WEST ST 52,JURONG WEST
946 JURONG WEST ST 91,946,JURONG WEST ST 91,JURONG WEST
840 JURONG WEST ST 81,840,JURONG WEST ST 81,JURONG WEST
221 BOON LAY PL,221,BOON LAY PL,JURONG WEST
268C BOON LAY DR,268C,BOON LAY DR,JURONG WEST
426 JURONG WEST AVE 1,426,JURONG WEST AVE 1,JURONG WEST
276B JURONG WEST AVE 3,276B,JURONG WEST AVE 3,JURONG WEST
672A JURONG WEST ST 65,672A,JURONG WEST ST 65,JURONG WEST
633 JURONG WEST ST 65,633,JURONG WEST ST 65,JURONG WEST
201 BOON LAY DR,201,BOON LAY DR,JURONG WEST
832 JURONG WEST ST 81,832,JURONG WEST ST 81,JURONG WEST
275A JURONG WEST ST 25,275A,JURONG WEST ST 25,JURONG WEST
182 YUNG SHENG RD,182,YUNG SHENG RD,JURONG WEST
272D JURONG WEST ST 24,272D,JURONG WEST ST 24,JURONG WEST
909 JURONG WEST ST 91,909,JURONG WEST ST 91,JURONG WEST
658C JURONG WEST ST 65,658C,JURONG WEST ST 65,JURONG WEST
987D JURONG WEST ST 93,987D,JURONG WEST ST 93,JURONG WEST
184 YUNG SHENG RD,184,YUNG SHENG RD,JURONG WEST
359 YUNG AN RD,359,YUNG AN RD,JURONG WEST
654C JURONG WEST ST 61,654C,JURONG WEST ST 61,JURONG WEST
635 JURONG WEST ST 65,635,JURONG WEST ST 65,JURONG WEST
453 JURONG WEST ST 42,453,JURONG WEST ST 42,JURONG WEST
467 JURONG WEST ST 41,467,JURONG WEST ST 41,JURONG WEST
653C JURONG WEST ST 61,653C,JURONG WEST ST 61,JURONG WEST
986C JURONG WEST ST 93,986C,JURONG WEST ST 93,JURONG WEST
321 TAH CHING RD,321,TAH CHING RD,JURONG WEST
517E JURONG WEST ST 52,517E,JURONG WEST ST 52,JURONG WEST
910 JURONG WEST ST 91,910,JURONG WEST ST 91,JURONG WEST
830 JURONG WEST ST 81,830,JURONG WEST ST 81,JURONG WEST
682A JURONG WEST CTRL 1,682A,JURONG WEST CTRL 1,JURONG WEST
409 JURONG WEST ST 42,409,JURONG WEST ST 42,JURONG WEST
656D JURONG WEST ST 61,656D,JURONG WEST ST 61,JURONG WEST
556 JURONG WEST ST 42,556,JURONG WEST ST 42,JURONG WEST
630 JURONG WEST ST 65,630,JURONG WEST ST 65,JURONG WEST
151 YUNG HO RD,151,YUNG HO RD,JURONG WEST
469 JURONG WEST ST 41,469,JURONG WEST ST 41,JURONG WEST
692 JURONG WEST CTRL 1,692,JURONG WEST CTRL 1,JURONG WEST
8 JLN BATU,8,JLN BATU,KALLANG/WHAMPOA
33 JLN BAHAGIA,33,JLN BAHAGIA,KALLANG/WHAMPOA
72 GEYLANG BAHRU,72,GEYLANG BAHRU,KALLANG/WHAMPOA
43 BENDEMEER RD,43,BENDEMEER RD,KALLANG/WHAMPOA
98 WHAMPOA DR,98,WHAMPOA DR,KALLANG/WHAMPOA
75 WHAMPOA DR,75,WHAMPOA DR,KALLANG/WHAMPOA
8 ST. GEORGE'S LANE,8,ST. GEORGE'S LANE,KALLANG/WHAMPOA
5 JLN BATU,5,JLN BATU,KALLANG/WHAMPOA
96 GEYLANG BAHRU,96,GEYLANG BAHRU,KALLANG/WHAMPOA
2 BEACH RD,2,BEACH RD,KALLANG/WHAMPOA
53 JLN MA'MOR,53,JLN MA'MOR,KALLANG/WHAMPOA
94 WHAMPOA DR,94,WHAMPOA DR,KALLANG/WHAMPOA
83 WHAMPOA DR,83,WHAMPOA DR,KALLANG/WHAMPOA
22 BOON KENG RD,22,BOON KENG RD,KALLANG/WHAMPOA
18 ST. GEORGE'S RD,18,ST. GEORGE'S RD,KALLANG/WHAMPOA
15 ST. GEORGE'S RD,15,ST. GEORGE'S RD,KALLANG/WHAMPOA
9 ST. GEORGE'S RD,9,ST. GEORGE'S RD,KALLANG/WHAMPOA
15 BEACH RD,15,BEACH RD,KALLANG/WHAMPOA
111 WHAMPOA RD,111,WHAMPOA RD,KALLANG/WHAMPOA
60 GEYLANG BAHRU,60,GEYLANG BAHRU,KALLANG/WHAMPOA
112 LOR 3 GEYLANG,112,LOR 3 GEYLANG,KALLANG/WHAMPOA
103 TOWNER RD,103,TOWNER RD,KALLANG/WHAMPOA
6 BOON KENG RD,6,BOON KENG RD,KALLANG/WHAMPOA
14 UPP BOON KENG RD,14,UPP BOON KENG RD,KALLANG/WHAMPOA
39A BENDEMEER RD,39A,BENDEMEER RD,KALLANG/WHAMPOA
16 JLN TENTERAM,16,JLN TENTERAM,KALLANG/WHAMPOA
56 GEYLANG BAHRU,56,GEYLANG BAHRU,KALLANG/WHAMPOA
4B ST. GEORGE'S LANE,4B,ST. GEORGE'S LANE,KALLANG/WHAMPOA
11 FARRER PK RD,11,FARRER PK RD,KALLANG/WHAMPOA
33 MARINE CRES,33,MARINE CRES,MARINE PARADE
31 MARINE CRES,31,MARINE CRES,MARINE PARADE
20 MARINE TER,20,MARINE TER,MARINE PARADE
34 MARINE CRES,34,MARINE CRES,MARINE PARADE
54 MARINE TER,54,MARINE TER,MARINE PARADE
17 MARINE TER,17,MARINE TER,MARINE PARADE
29 MARINE CRES,29,MARINE CRES,MARINE PARADE
73 MARINE DR,73,MARINE DR,MARINE PARADE
427 PASIR RIS DR 6,427,PASIR RIS DR 6,PASIR RIS
142 PASIR RIS ST 11,142,PASIR RIS ST 11,PASIR RIS
104 PASIR RIS ST 12,104,PASIR RIS ST 12,PASIR RIS
751 PASIR RIS ST 71,751,PASIR RIS ST 71,PASIR RIS
426 PASIR RIS DR 6,426,PASIR RIS DR 6,PASIR RIS
118 PASIR RIS ST 11,118,PASIR RIS ST 11,PASIR RIS
227 PASIR RIS ST 21,227,PASIR RIS ST 21,PASIR RIS
257 PASIR RIS ST 21,257,PASIR RIS ST 21,PASIR RIS
126 PASIR RIS ST 11,126,PASIR RIS ST 11,PASIR RIS
127 PASIR RIS ST 11,127,PASIR RIS ST 11,PASIR RIS
119 PASIR RIS ST 11,119,PASIR RIS ST 11,PASIR RIS
481 PASIR RIS DR 4,481,PASIR RIS DR 4,PASIR RIS
196 PASIR RIS ST 12,196,PASIR RIS ST 12,PASIR RIS
213 PASIR RIS ST 21,213,PASIR RIS ST 21,PASIR RIS
610 ELIAS RD,610,ELIAS RD,PASIR RIS
117 PASIR RIS ST 11,117,PASIR RIS ST 11,PASIR RIS
741 PASIR RIS ST 71,741,PASIR RIS ST 71,PASIR RIS
483 PASIR RIS DR 4,483,PASIR RIS DR 4,PASIR RIS
572 PASIR RIS ST 53,572,PASIR RIS ST 53,PASIR RIS
573 PASIR RIS ST 53,573,PASIR RIS ST 53,PASIR RIS
144 PASIR RIS ST 11,144,PASIR RIS ST 11,PASIR RIS
149 PASIR RIS ST 13,149,PASIR RIS ST 13,PASIR RIS
636 PASIR RIS DR 1,636,PASIR RIS DR 1,PASIR RIS
557 PASIR RIS ST 51,557,PASIR RIS ST 51,PASIR RIS
769 PASIR RIS ST 71,769,PASIR RIS ST 71,PASIR RIS
764 PASIR RIS ST 71,764,PASIR RIS ST 71,PASIR RIS
232 PASIR RIS DR 4,232,PASIR RIS DR 4,PASIR RIS
763 PASIR RIS ST 71,763,PASIR RIS ST 71,PASIR RIS
750 PASIR RIS ST 71,750,PASIR RIS ST 71,PASIR RIS
770 PASIR RIS ST 71,770,PASIR RIS ST 71,PASIR RIS
467 PASIR RIS DR 6,467,PASIR RIS DR 6,PASIR RIS
554 PASIR RIS ST 51,554,PASIR RIS ST 51,PASIR RIS
188 PASIR RIS ST 12,188,PASIR RIS ST 12,PASIR RIS
191 PASIR RIS ST 12,191,PASIR RIS ST 12,PASIR RIS
428 PASIR RIS DR 6,428,PASIR RIS DR 6,PASIR RIS
630 PASIR RIS DR 3,630,PASIR RIS DR 3,PASIR RIS
195 PASIR RIS ST 12,195,PASIR RIS ST 12,PASIR RIS
552 PASIR RIS ST 51,552,PASIR RIS ST 51,PASIR RIS
562 PASIR RIS ST 51,562,PASIR RIS ST 51,PASIR RIS
613 ELIAS RD,613,ELIAS RD,PASIR RIS
555 PASIR RIS ST 51,555,PASIR RIS ST 51,PASIR RIS
571 PASIR RIS ST 53,571,PASIR RIS ST 53,PASIR RIS
251 PASIR RIS ST 21,251,PASIR RIS ST 21,PASIR RIS
156 PASIR RIS ST 13,156,PASIR RIS ST 13,PASIR RIS
219 PASIR RIS ST 21,219,PASIR RIS ST 21,PASIR RIS
208 PASIR RIS ST 21,208,PASIR RIS ST 21,PASIR RIS
220 PASIR RIS ST 21,220,PASIR RIS ST 21,PASIR RIS
224 PASIR RIS ST 21,224,PASIR RIS ST 21,PASIR RIS
245 PASIR RIS ST 21,245,PASIR RIS ST 21,PASIR RIS
500 PASIR RIS ST 52,500,PASIR RIS ST 52,PASIR RIS
607 ELIAS RD,607,ELIAS RD,PASIR RIS
646 PASIR RIS DR 10,646,PASIR RIS DR 10,PASIR RIS
413 PASIR RIS DR 6,413,PASIR RIS DR 6,PASIR RIS
778 PASIR RIS ST 71,778,PASIR RIS ST 71,PASIR RIS
422 PASIR RIS DR 6,422,PASIR RIS DR 6,PASIR RIS
505 PASIR RIS ST 52,505,PASIR RIS ST 52,PASIR RIS
534 PASIR RIS DR 1,534,PASIR RIS DR 1,PASIR RIS
533 PASIR RIS DR 1,533,PASIR RIS DR 1,PASIR RIS
601D PUNGGOL CTRL,601D,PUNGGOL CTRL,PUNGGOL
306D PUNGGOL DR,306D,PUNGGOL DR,PUNGGOL
306C PUNGGOL PL,306C,PUNGGOL PL,PUNGGOL
195B PUNGGOL RD,195B,PUNGGOL RD,PUNGGOL
296 PUNGGOL CTRL,296,PUNGGOL CTRL,PUNGGOL
204B PUNGGOL FIELD,204B,PUNGGOL FIELD,PUNGGOL
203A PUNGGOL FIELD,203A,PUNGGOL FIELD,PUNGGOL
204A PUNGGOL FIELD,204A,PUNGGOL FIELD,PUNGGOL
171A EDGEDALE PLAINS,171A,EDGEDALE PLAINS,PUNGGOL
642A PUNGGOL DR,642A,PUNGGOL DR,PUNGGOL
116 EDGEFIELD PLAINS,116,EDGEFIELD PLAINS,PUNGGOL
646 PUNGGOL CTRL,646,PUNGGOL CTRL,PUNGGOL
648 PUNGGOL CTRL,648,PUNGGOL CTRL,PUNGGOL
613B PUNGGOL DR,613B,PUNGGOL DR,PUNGGOL
612B PUNGGOL DR,612B,PUNGGOL DR,PUNGGOL
615C EDGEFIELD PLAINS,615C,EDGEFIELD PLAINS,PUNGGOL
619C PUNGGOL DR,619C,PUNGGOL DR,PUNGGOL
619A PUNGGOL DR,619A,PUNGGOL DR,PUNGGOL
288B PUNGGOL PL,288B,PUNGGOL PL,PUNGGOL
612C PUNGGOL DR,612C,PUNGGOL DR,PUNGGOL
618C PUNGGOL DR,618C,PUNGGOL DR,PUNGGOL
301A PUNGGOL CTRL,301A,PUNGGOL CTRL,PUNGGOL
612A PUNGGOL DR,612A,PUNGGOL DR,PUNGGOL
303C PUNGGOL CTRL,303C,PUNGGOL CTRL,PUNGGOL
303A PUNGGOL CTRL,303A,PUNGGOL CTRL,PUNGGOL
301B PUNGGOL CTRL,301B,PUNGGOL CTRL,PUNGGOL
302B PUNGGOL PL,302B,PUNGGOL PL,PUNGGOL
268B PUNGGOL FIELD,268B,PUNGGOL FIELD,PUNGGOL
273D PUNGGOL PL,273D,PUNGGOL PL,PUNGGOL
273B PUNGGOL PL,273B,PUNGGOL PL,PUNGGOL
274D PUNGGOL PL,274D,PUNGGOL PL,PUNGGOL
102D PUNGGOL FIELD,102D,PUNGGOL FIELD,PUNGGOL
643 PUNGGOL CTRL,643,PUNGGOL CTRL,PUNGGOL
175D PUNGGOL FIELD,175D,PUNGGOL FIELD,PUNGGOL
199D PUNGGOL FIELD,199D,PUNGGOL FIELD,PUNGGOL
176B EDGEFIELD PLAINS,176B,EDGEFIELD PLAINS,PUNGGOL
130 EDGEDALE PLAINS,130,EDGEDALE PLAINS,PUNGGOL
128B PUNGGOL FIELD WALK,128B,PUNGGOL FIELD WALK,PUNGGOL
173A PUNGGOL FIELD,173A,PUNGGOL FIELD,PUNGGOL
166A PUNGGOL CTRL,166A,PUNGGOL CTRL,PUNGGOL
205A PUNGGOL FIELD,205A,PUNGGOL FIELD,PUNGGOL
174B EDGEDALE PLAINS,174B,EDGEDALE PLAINS,PUNGGOL
199C PUNGGOL FIELD,199C,PUNGGOL FIELD,PUNGGOL
197B PUNGGOL FIELD,197B,PUNGGOL FIELD,PUNGGOL
102B PUNGGOL FIELD,102B,PUNGGOL FIELD,PUNGGOL
104A EDGEFIELD PLAINS,104A,EDGEFIELD PLAINS,PUNGGOL
637C PUNGGOL DR,637C,PUNGGOL DR,PUNGGOL
202A PUNGGOL FIELD,202A,PUNGGOL FIELD,PUNGGOL
171B EDGEDALE PLAINS,171B,EDGEDALE PLAINS,PUNGGOL
638A PUNGGOL DR,638A,PUNGGOL DR,PUNGGOL
642D PUNGGOL DR,642D,PUNGGOL DR,PUNGGOL
618B PUNGGOL DR,618B,PUNGGOL DR,PUNGGOL
289C PUNGGOL PL,289C,PUNGGOL PL,PUNGGOL
182 EDGEFIELD PLAINS,182,EDGEFIELD PLAINS,PUNGGOL
184 EDGEFIELD PLAINS,184,EDGEFIELD PLAINS,PUNGGOL
97 C'WEALTH CRES,97,C'WEALTH CRES,QUEENSTOWN
110 C'WEALTH CRES,110,C'WEALTH CRES,QUEENSTOWN
85 C'WEALTH CL,85,C'WEALTH CL,QUEENSTOWN
164 STIRLING RD,164,STIRLING RD,QUEENSTOWN
88 C'WEALTH CL,88,C'WEALTH CL,QUEENSTOWN
168 STIRLING RD,168,STIRLING RD,QUEENSTOWN
98 C'WEALTH CRES,98,C'WEALTH CRES,QUEENSTOWN
161 MEI LING ST,161,MEI LING ST,QUEENSTOWN
162 MEI LING ST,162,MEI LING ST,QUEENSTOWN
160 MEI LING ST,160,MEI LING ST,QUEENSTOWN
6 HOLLAND CL,6,HOLLAND CL,QUEENSTOWN
12 HOLLAND AVE,12,HOLLAND AVE,QUEENSTOWN
61B STRATHMORE AVE,61B,STRATHMORE AVE,QUEENSTOWN
26 GHIM MOH LINK,26,GHIM MOH LINK,QUEENSTOWN
18B HOLLAND DR,18B,HOLLAND DR,QUEENSTOWN
18A HOLLAND DR,18A,HOLLAND DR,QUEENSTOWN
56 STIRLING RD,56,STIRLING RD,QUEENSTOWN
55 STIRLING RD,55,STIRLING RD,QUEENSTOWN
17 DOVER CRES,17,DOVER CRES,QUEENSTOWN
5 DOVER CRES,5,DOVER CRES,QUEENSTOWN
21 QUEEN'S CL,21,QUEEN'S CL,QUEENSTOWN
20 QUEEN'S CL,20,QUEEN'S CL,QUEENSTOWN
55 STRATHMORE AVE,55,STRATHMORE AVE,QUEENSTOWN
18D HOLLAND DR,18D,HOLLAND DR,QUEENSTOWN
30 HOLLAND CL,30,HOLLAND CL,QUEENSTOWN
91 TANGLIN HALT RD,91,TANGLIN HALT RD,QUEENSTOWN
28A DOVER CRES,28A,DOVER CRES,QUEENSTOWN
28 GHIM MOH LINK,28,GHIM MOH LINK,QUEENSTOWN
80 STRATHMORE AVE,80,STRATHMORE AVE,QUEENSTOWN
12 DOVER CL EAST,12,DOVER CL EAST,QUEENSTOWN
81 STRATHMORE AVE,81,STRATHMORE AVE,QUEENSTOWN
147 MEI LING ST,147,MEI LING ST,QUEENSTOWN
470 SEMBAWANG DR,470,SEMBAWANG DR,SEMBAWANG
493 ADMIRALTY LINK,493,ADMIRALTY LINK,SEMBAWANG
487 ADMIRALTY LINK,487,ADMIRALTY LINK,SEMBAWANG
300 CANBERRA RD,300,CANBERRA RD,SEMBAWANG
589C MONTREAL DR,589C,MONTREAL DR,SEMBAWANG
331 SEMBAWANG CL,331,SEMBAWANG CL,SEMBAWANG
356B ADMIRALTY DR,356B,ADMIRALTY DR,SEMBAWANG
488 ADMIRALTY LINK,488,ADMIRALTY LINK,SEMBAWANG
501C WELLINGTON CIRCLE,501C,WELLINGTON CIRCLE,SEMBAWANG
466C SEMBAWANG DR,466C,SEMBAWANG DR,SEMBAWANG
352B CANBERRA RD,352B,CANBERRA RD,SEMBAWANG
483 ADMIRALTY LINK,483,ADMIRALTY LINK,SEMBAWANG
468D ADMIRALTY DR,468D,ADMIRALTY DR,SEMBAWANG
466A SEMBAWANG DR,466A,SEMBAWANG DR,SEMBAWANG
307 CANBERRA RD,307,CANBERRA RD,SEMBAWANG
492 ADMIRALTY LINK,492,ADMIRALTY LINK,SEMBAWANG
422 CANBERRA RD,422,CANBERRA RD,SEMBAWANG
341A SEMBAWANG CL,341A,SEMBAWANG CL,SEMBAWANG
316 SEMBAWANG VISTA,316,SEMBAWANG VISTA,SEMBAWANG
466B SEMBAWANG DR,466B,SEMBAWANG DR,SEMBAWANG
588A MONTREAL DR,588A,MONTREAL DR,SEMBAWANG
350A CANBERRA RD,350A,CANBERRA RD,SEMBAWANG
354A ADMIRALTY DR,354A,ADMIRALTY DR,SEMBAWANG
423 CANBERRA RD,423,CANBERRA RD,SEMBAWANG
360C ADMIRALTY DR,360C,ADMIRALTY DR,SEMBAWANG
415 SEMBAWANG DR,415,SEMBAWANG DR,SEMBAWANG
351D CANBERRA RD,351D,CANBERRA RD,SEMBAWANG
447A JLN KAYU,447A,JLN KAYU,SENGKANG
154 RIVERVALE CRES,154,RIVERVALE CRES,SENGKANG
230 COMPASSVALE WALK,230,COMPASSVALE WALK,SENGKANG
194 RIVERVALE DR,194,RIVERVALE DR,SENGKANG
111 RIVERVALE WALK,111,RIVERVALE WALK,SENGKANG
299A COMPASSVALE ST,299A,COMPASSVALE ST,SENGKANG
186A RIVERVALE DR,186A,RIVERVALE DR,SENGKANG
202C SENGKANG EAST RD,202C,SENGKANG EAST RD,SENGKANG
207B COMPASSVALE LANE,207B,COMPASSVALE LANE,SENGKANG
129 RIVERVALE ST,129,RIVERVALE ST,SENGKANG
322B ANCHORVALE DR,322B,ANCHORVALE DR,SENGKANG
291D COMPASSVALE ST,291D,COMPASSVALE ST,SENGKANG
404B FERNVALE LANE,404B,FERNVALE LANE,SENGKANG
151 RIVERVALE CRES,151,RIVERVALE CRES,SENGKANG
319B ANCHORVALE DR,319B,ANCHORVALE DR,SENGKANG
290A COMPASSVALE CRES,290A,COMPASSVALE CRES,SENGKANG
321C ANCHORVALE DR,321C,ANCHORVALE DR,SENGKANG
301C ANCHORVALE DR,301C,ANCHORVALE DR,SENGKANG
207D COMPASSVALE LANE,207D,COMPASSVALE LANE,SENGKANG
309C ANCHORVALE RD,309C,ANCHORVALE RD,SENGKANG
150 RIVERVALE CRES,150,RIVERVALE CRES,SENGKANG
123A RIVERVALE DR,123A,RIVERVALE DR,SENGKANG
236 COMPASSVALE WALK,236,COMPASSVALE WALK,SENGKANG
142 RIVERVALE CRES,142,RIVERVALE CRES,SENGKANG
309D ANCHORVALE RD,309D,ANCHORVALE RD,SENGKANG
211B COMPASSVALE LANE,211B,COMPASSVALE LANE,SENGKANG
209B COMPASSVALE LANE,209B,COMPASSVALE LANE,SENGKANG
208B COMPASSVALE LANE,208B,COMPASSVALE LANE,SENGKANG
213A COMPASSVALE LANE,213A,COMPASSVALE LANE,SENGKANG
267B COMPASSVALE LINK,267B,COMPASSVALE LINK,SENGKANG
443B FERNVALE RD,443B,FERNVALE RD,SENGKANG
435C FERNVALE RD,435C,FERNVALE RD,SENGKANG
436A FERNVALE RD,436A,FERNVALE RD,SENGKANG
438A SENGKANG WEST AVE,438A,SENGKANG WEST AVE,SENGKANG
410C FERNVALE RD,410C,FERNVALE RD,SENGKANG
269C COMPASSVALE LINK,269C,COMPASSVALE LINK,SENGKANG
268C COMPASSVALE LINK,268C,COMPASSVALE LINK,SENGKANG
265C COMPASSVALE LINK,265C,COMPASSVALE LINK,SENGKANG
264A COMPASSVALE BOW,264A,COMPASSVALE BOW,SENGKANG
271A SENGKANG CTRL,271A,SENGKANG CTRL,SENGKANG
277B COMPASSVALE LINK,277B,COMPASSVALE LINK,SENGKANG
265B COMPASSVALE LINK,265B,COMPASSVALE LINK,SENGKANG
277C COMPASSVALE LINK,277C,COMPASSVALE LINK,SENGKANG
277D COMPASSVALE LINK,277D,COMPASSVALE LINK,SENGKANG
305B ANCHORVALE LINK,305B,ANCHORVALE LINK,SENGKANG
405A FERNVALE LANE,405A,FERNVALE LANE,SENGKANG
186D RIVERVALE DR,186D,RIVERVALE DR,SENGKANG
296B COMPASSVALE CRES,296B,COMPASSVALE CRES,SENGKANG
157C RIVERVALE CRES,157C,RIVERVALE CRES,SENGKANG
203A COMPASSVALE RD,203A,COMPASSVALE RD,SENGKANG
123B RIVERVALE DR,123B,RIVERVALE DR,SENGKANG
251 COMPASSVALE ST,251,COMPASSVALE ST,SENGKANG
183C RIVERVALE CRES,183C,RIVERVALE CRES,SENGKANG
158B RIVERVALE CRES,158B,RIVERVALE CRES,SENGKANG
298D COMPASSVALE ST,298D,COMPASSVALE ST,SENGKANG
191A RIVERVALE DR,191A,RIVERVALE DR,SENGKANG
201B COMPASSVALE DR,201B,COMPASSVALE DR,SENGKANG
248 COMPASSVALE RD,248,COMPASSVALE RD,SENGKANG
313A ANCHORVALE RD,313A,ANCHORVALE RD,SENGKANG
229 COMPASSVALE WALK,229,COMPASSVALE WALK,SENGKANG
109 RIVERVALE WALK,109,RIVERVALE WALK,SENGKANG
317B ANCHORVALE RD,317B,ANCHORVALE RD,SENGKANG
301D ANCHORVALE DR,301D,ANCHORVALE DR,SENGKANG
115 RIVERVALE WALK,115,RIVERVALE WALK,SENGKANG
325B SENGKANG EAST WAY,325B,SENGKANG EAST WAY,SENGKANG
240 COMPASSVALE WALK,240,COMPASSVALE WALK,SENGKANG
258B COMPASSVALE RD,258B,COMPASSVALE RD,SENGKANG
258A COMPASSVALE RD,258A,COMPASSVALE RD,SENGKANG
250A COMPASSVALE ST,250A,COMPASSVALE ST,SENGKANG
102 RIVERVALE WALK,102,RIVERVALE WALK,SENGKANG
302C ANCHORVALE LINK,302C,ANCHORVALE LINK,SENGKANG
262C COMPASSVALE ST,262C,COMPASSVALE ST,SENGKANG
226C COMPASSVALE WALK,226C,COMPASSVALE WALK,SENGKANG
302D ANCHORVALE LINK,302D,ANCHORVALE LINK,SENGKANG
152 SERANGOON NTH AVE 1,152,SERANGOON NTH AVE 1,SERANGOON
147 SERANGOON NTH AVE 1,147,SERANGOON NTH AVE 1,SERANGOON
3 LOR LEW LIAN,3,LOR LEW LIAN,SERANGOON
217 SERANGOON AVE 4,217,SERANGOON AVE 4,SERANGOON
261 SERANGOON CTRL DR,261,SERANGOON CTRL DR,SERANGOON
303 SERANGOON AVE 2,303,SERANGOON AVE 2,SERANGOON
1 LOR LEW LIAN,1,LOR LEW LIAN,SERANGOON
206 SERANGOON CTRL,206,SERANGOON CTRL,SERANGOON
127 SERANGOON NTH AVE 1,127,SERANGOON NTH AVE 1,SERANGOON
510 SERANGOON NTH AVE 4,510,SERANGOON NTH AVE 4,SERANGOON
553 SERANGOON NTH AVE 3,553,SERANGOON NTH AVE 3,SERANGOON
507 SERANGOON NTH AVE 4,507,SERANGOON NTH AVE 4,SERANGOON
227 SERANGOON AVE 4,227,SERANGOON AVE 4,SERANGOON
118 SERANGOON NTH AVE 1,118,SERANGOON NTH AVE 1,SERANGOON
330 SERANGOON AVE 3,330,SERANGOON AVE 3,SERANGOON
551 SERANGOON NTH AVE 3,551,SERANGOON NTH AVE 3,SERANGOON
231 SERANGOON AVE 3,231,SERANGOON AVE 3,SERANGOON
210 SERANGOON CTRL,210,SERANGOON CTRL,SERANGOON
234 SERANGOON AVE 3,234,SERANGOON AVE 3,SERANGOON
408 SERANGOON AVE 1,408,SERANGOON AVE 1,SERANGOON
402 SERANGOON AVE 1,402,SERANGOON AVE 1,SERANGOON
426 SERANGOON AVE 1,426,SERANGOON AVE 1,SERANGOON
419 SERANGOON CTRL,419,SERANGOON CTRL,SERANGOON
548 SERANGOON NTH AVE 3,548,SERANGOON NTH AVE 3,SERANGOON
540 SERANGOON NTH AVE 4,540,SERANGOON NTH AVE 4,SERANGOON
212 SERANGOON AVE 4,212,SERANGOON AVE 4,SERANGOON
331 SERANGOON AVE 3,331,SERANGOON AVE 3,SERANGOON
257 SERANGOON CTRL DR,257,SERANGOON CTRL DR,SERANGOON
506B SERANGOON NTH AVE 4,506B,SERANGOON NTH AVE 4,SERANGOON
535 SERANGOON NTH AVE 4,535,SERANGOON NTH AVE 4,SERANGOON
142 SERANGOON NTH AVE 1,142,SERANGOON NTH AVE 1,SERANGOON
125 SERANGOON NTH AVE 1,125,SERANGOON NTH AVE 1,SERANGOON
234A SERANGOON AVE 2,234A,SERANGOON AVE 2,SERANGOON
232A SERANGOON AVE 2,232A,SERANGOON AVE 2,SERANGOON
321 SERANGOON AVE 2,321,SERANGOON AVE 2,SERANGOON
406 TAMPINES ST 41,406,TAMPINES ST 41,TAMPINES
255 TAMPINES ST 21,255,TAMPINES ST 21,TAMPINES
420 TAMPINES ST 41,420,TAMPINES ST 41,TAMPINES
452 TAMPINES ST 42,452,TAMPINES ST 42,TAMPINES
850 TAMPINES ST 82,850,TAMPINES ST 82,TAMPINES
818 TAMPINES ST 81,818,TAMPINES ST 81,TAMPINES
202 TAMPINES ST 21,202,TAMPINES ST 21,TAMPINES
846 TAMPINES ST 82,846,TAMPINES ST 82,TAMPINES
290 TAMPINES ST 22,290,TAMPINES ST 22,TAMPINES
112 TAMPINES ST 11,112,TAMPINES ST 11,TAMPINES
206 TAMPINES ST 21,206,TAMPINES ST 21,TAMPINES
297 TAMPINES ST 22,297,TAMPINES ST 22,TAMPINES
877 TAMPINES ST 84,877,TAMPINES ST 84,TAMPINES
875 TAMPINES ST 84,875,TAMPINES ST 84,TAMPINES
102 TAMPINES ST 11,102,TAMPINES ST 11,TAMPINES
205 TAMPINES ST 21,205,TAMPINES ST 21,TAMPINES
258 TAMPINES ST 21,258,TAMPINES ST 21,TAMPINES
878 TAMPINES AVE 8,878,TAMPINES AVE 8,TAMPINES
808 TAMPINES AVE 4,808,TAMPINES AVE 4,TAMPINES
226 TAMPINES ST 23,226,TAMPINES ST 23,TAMPINES
209 TAMPINES ST 21,209,TAMPINES ST 21,TAMPINES
288 TAMPINES ST 22,288,TAMPINES ST 22,TAMPINES
339 TAMPINES ST 33,339,TAMPINES ST 33,TAMPINES
855 TAMPINES ST 83,855,TAMPINES ST 83,TAMPINES
365 TAMPINES ST 34,365,TAMPINES ST 34,TAMPINES
707 TAMPINES ST 71,707,TAMPINES ST 71,TAMPINES
704 TAMPINES ST 71,704,TAMPINES ST 71,TAMPINES
362 TAMPINES ST 34,362,TAMPINES ST 34,TAMPINES
894A TAMPINES ST 81,894A,TAMPINES ST 81,TAMPINES
228 TAMPINES ST 23,228,TAMPINES ST 23,TAMPINES
898A TAMPINES ST 81,898A,TAMPINES ST 81,TAMPINES
133 SIMEI ST 1,133,SIMEI ST 1,TAMPINES
864A TAMPINES ST 83,864A,TAMPINES ST 83,TAMPINES
916 TAMPINES ST 91,916,TAMPINES ST 91,TAMPINES
120 SIMEI ST 1,120,SIMEI ST 1,TAMPINES
833 TAMPINES ST 83,833,TAMPINES ST 83,TAMPINES
367A TAMPINES ST 34,367A,TAMPINES ST 34,TAMPINES
882 TAMPINES ST 84,882,TAMPINES ST 84,TAMPINES
928 TAMPINES ST 91,928,TAMPINES ST 91,TAMPINES
725 TAMPINES ST 71,725,TAMPINES ST 71,TAMPINES
881 TAMPINES ST 84,881,TAMPINES ST 84,TAMPINES
701 TAMPINES ST 71,701,TAMPINES ST 71,TAMPINES
437 TAMPINES ST 43,437,TAMPINES ST 43,TAMPINES
273 TAMPINES ST 22,273,TAMPINES ST 22,TAMPINES
218 TAMPINES ST 24,218,TAMPINES ST 24,TAMPINES
228 SIMEI ST 4,228,SIMEI ST 4,TAMPINES
123 SIMEI ST 1,123,SIMEI ST 1,TAMPINES
148 SIMEI ST 1,148,SIMEI ST 1,TAMPINES
883 TAMPINES ST 84,883,TAMPINES ST 84,TAMPINES
911 TAMPINES ST 91,911,TAMPINES ST 91,TAMPINES
107 SIMEI ST 1,107,SIMEI ST 1,TAMPINES
222 SIMEI ST 4,222,SIMEI ST 4,TAMPINES
241 TAMPINES ST 21,241,TAMPINES ST 21,TAMPINES
101 SIMEI ST 1,101,SIMEI ST 1,TAMPINES
253 SIMEI ST 1,253,SIMEI ST 1,TAMPINES
493D TAMPINES ST 43,493D,TAMPINES ST 43,TAMPINES
341 TAMPINES ST 33,341,TAMPINES ST 33,TAMPINES
360 TAMPINES ST 34,360,TAMPINES ST 34,TAMPINES
161 SIMEI RD,161,SIMEI RD,TAMPINES
922 TAMPINES ST 91,922,TAMPINES ST 91,TAMPINES
712 TAMPINES ST 71,712,TAMPINES ST 71,TAMPINES
160 SIMEI RD,160,SIMEI RD,TAMPINES
706 TAMPINES ST 71,706,TAMPINES ST 71,TAMPINES
321 TAMPINES ST 33,321,TAMPINES ST 33,TAMPINES
234 SIMEI ST 4,234,SIMEI ST 4,TAMPINES
256 TAMPINES ST 21,256,TAMPINES ST 21,TAMPINES
165 SIMEI RD,165,SIMEI RD,TAMPINES
862 TAMPINES ST 83,862,TAMPINES ST 83,TAMPINES
842B TAMPINES ST 82,842B,TAMPINES ST 82,TAMPINES
515B TAMPINES CTRL 7,515B,TAMPINES CTRL 7,TAMPINES
168C SIMEI LANE,168C,SIMEI LANE,TAMPINES
168A SIMEI LANE,168A,SIMEI LANE,TAMPINES
495C TAMPINES ST 43,495C,TAMPINES ST 43,TAMPINES
124 TAMPINES ST 11,124,TAMPINES ST 11,TAMPINES
895 TAMPINES ST 81,895,TAMPINES ST 81,TAMPINES
312 TAMPINES ST 33,312,TAMPINES ST 33,TAMPINES
937 TAMPINES AVE 5,937,TAMPINES AVE 5,TAMPINES
857 TAMPINES ST 83,857,TAMPINES ST 83,TAMPINES
941 TAMPINES AVE 5,941,TAMPINES AVE 5,TAMPINES
943 TAMPINES AVE 5,943,TAMPINES AVE 5,TAMPINES
51 LOR 6 TOA PAYOH,51,LOR 6 TOA PAYOH,TOA PAYOH
195 KIM KEAT AVE,195,KIM KEAT AVE,TOA PAYOH
3 UPP ALJUNIED LANE,3,UPP ALJUNIED LANE,TOA PAYOH
225 LOR 8 TOA PAYOH,225,LOR 8 TOA PAYOH,TOA PAYOH
5 UPP ALJUNIED LANE,5,UPP ALJUNIED LANE,TOA PAYOH
194 KIM KEAT AVE,194,KIM KEAT AVE,TOA PAYOH
26 TOA PAYOH EAST,26,TOA PAYOH EAST,TOA PAYOH
73 LOR 4 TOA PAYOH,73,LOR 4 TOA PAYOH,TOA PAYOH
3 LOR 7 TOA PAYOH,3,LOR 7 TOA PAYOH,TOA PAYOH
113 LOR 1 TOA PAYOH,113,LOR 1 TOA PAYOH,TOA PAYOH
128 LOR 1 TOA PAYOH,128,LOR 1 TOA PAYOH,TOA PAYOH
116 LOR 2 TOA PAYOH,116,LOR 2 TOA PAYOH,TOA PAYOH
115 LOR 1 TOA PAYOH,115,LOR 1 TOA PAYOH,TOA PAYOH
117 LOR 1 TOA PAYOH,117,LOR 1 TOA PAYOH,TOA PAYOH
207 TOA PAYOH NTH,207,TOA PAYOH NTH,TOA PAYOH
109 LOR 1 TOA PAYOH,109,LOR 1 TOA PAYOH,TOA PAYOH
158 LOR 1 TOA PAYOH,158,LOR 1 TOA PAYOH,TOA PAYOH
105 POTONG PASIR AVE 1,105,POTONG PASIR AVE 1,TOA PAYOH
146 POTONG PASIR AVE 1,146,POTONG PASIR AVE 1,TOA PAYOH
220 LOR 8 TOA PAYOH,220,LOR 8 TOA PAYOH,TOA PAYOH
213 LOR 8 TOA PAYOH,213,LOR 8 TOA PAYOH,TOA PAYOH
204 TOA PAYOH NTH,204,TOA PAYOH NTH,TOA PAYOH
208 TOA PAYOH NTH,208,TOA PAYOH NTH,TOA PAYOH
12 JOO SENG RD,12,JOO SENG RD,TOA PAYOH
172A LOR 1 TOA PAYOH,172A,LOR 1 TOA PAYOH,TOA PAYOH
247 KIM KEAT LINK,247,KIM KEAT LINK,TOA PAYOH
144 POTONG PASIR AVE 2,144,POTONG PASIR AVE 2,TOA PAYOH
14A LOR 7 TOA PAYOH,14A,LOR 7 TOA PAYOH,TOA PAYOH
171 LOR 1 TOA PAYOH,171,LOR 1 TOA PAYOH,TOA PAYOH
143 POTONG PASIR AVE 2,143,POTONG PASIR AVE 2,TOA PAYOH
134 POTONG PASIR AVE 3,134,POTONG PASIR AVE 3,TOA PAYOH
122 LOR 2 TOA PAYOH,122,LOR 2 TOA PAYOH,TOA PAYOH
79D TOA PAYOH CTRL,79D,TOA PAYOH CTRL,TOA PAYOH
11 LOR 8 TOA PAYOH,11,LOR 8 TOA PAYOH,TOA PAYOH
255 KIM KEAT AVE,255,KIM KEAT AVE,TOA PAYOH
60 LOR 4 TOA PAYOH,60,LOR 4 TOA PAYOH,TOA PAYOH
154 LOR 2 TOA PAYOH,154,LOR 2 TOA PAYOH,TOA PAYOH
22 MARSILING DR,22,MARSILING DR,WOODLANDS
202 MARSILING DR,202,MARSILING DR,WOODLANDS
2 MARSILING DR,2,MARSILING DR,WOODLANDS
6 MARSILING DR,6,MARSILING DR,WOODLANDS
213 MARSILING CRES,213,MARSILING CRES,WOODLANDS
31 MARSILING DR,31,MARSILING DR,WOODLANDS
12 MARSILING LANE,12,MARSILING LANE,WOODLANDS
15 MARSILING LANE,15,MARSILING LANE,WOODLANDS
146 WOODLANDS ST 13,146,WOODLANDS ST 13,WOODLANDS
101 WOODLANDS ST 13,101,WOODLANDS ST 13,WOODLANDS
33 MARSILING DR,33,MARSILING DR,WOODLANDS
627 WOODLANDS AVE 6,627,WOODLANDS AVE 6,WOODLANDS
843 WOODLANDS ST 82,843,WOODLANDS ST 82,WOODLANDS
25 MARSILING DR,25,MARSILING DR,WOODLANDS
728 WOODLANDS CIRCLE,728,WOODLANDS CIRCLE,WOODLANDS
779 WOODLANDS CRES,779,WOODLANDS CRES,WOODLANDS
842 WOODLANDS ST 82,842,WOODLANDS ST 82,WOODLANDS
730 WOODLANDS CIRCLE,730,WOODLANDS CIRCLE,WOODLANDS
550 WOODLANDS DR 44,550,WOODLANDS DR 44,WOODLANDS
732 WOODLANDS CIRCLE,732,WOODLANDS CIRCLE,WOODLANDS
424 WOODLANDS ST 41,424,WOODLANDS ST 41,WOODLANDS
427 WOODLANDS ST 41,427,WOODLANDS ST 41,WOODLANDS
640 WOODLANDS RING RD,640,WOODLANDS RING RD,WOODLANDS
321 WOODLANDS ST 32,321,WOODLANDS ST 32,WOODLANDS
760 WOODLANDS AVE 6,760,WOODLANDS AVE 6,WOODLANDS
787B WOODLANDS CRES,787B,WOODLANDS CRES,WOODLANDS
881 WOODLANDS ST 82,881,WOODLANDS ST 82,WOODLANDS
311 WOODLANDS ST 31,311,WOODLANDS ST 31,WOODLANDS
638 WOODLANDS RING RD,638,WOODLANDS RING RD,WOODLANDS
708 WOODLANDS DR 70,708,WOODLANDS DR 70,WOODLANDS
148 WOODLANDS ST 13,148,WOODLANDS ST 13,WOODLANDS
584 WOODLANDS DR 16,584,WOODLANDS DR 16,WOODLANDS
786E WOODLANDS DR 60,786E,WOODLANDS DR 60,WOODLANDS
528 WOODLANDS DR 14,528,WOODLANDS DR 14,WOODLANDS
643 WOODLANDS RING RD,643,WOODLANDS RING RD,WOODLANDS
534 WOODLANDS DR 14,534,WOODLANDS DR 14,WOODLANDS
895A WOODLANDS DR 50,895A,WOODLANDS DR 50,WOODLANDS
709 WOODLANDS DR 70,709,WOODLANDS DR 70,WOODLANDS
687B WOODLANDS DR 75,687B,WOODLANDS DR 75,WOODLANDS
794 WOODLANDS DR 72,794,WOODLANDS DR 72,WOODLANDS
371 WOODLANDS AVE 1,371,WOODLANDS AVE 1,WOODLANDS
572B WOODLANDS AVE 1,572B,WOODLANDS AVE 1,WOODLANDS
719 WOODLANDS AVE 6,719,WOODLANDS AVE 6,WOODLANDS
686B WOODLANDS DR 73,686B,WOODLANDS DR 73,WOODLANDS
688F WOODLANDS DR 75,688F,WOODLANDS DR 75,WOODLANDS
535 WOODLANDS DR 14,535,WOODLANDS DR 14,WOODLANDS
894C WOODLANDS DR 50,894C,WOODLANDS DR 50,WOODLANDS
12B MARSILING LANE,12B,MARSILING LANE,WOODLANDS
139 MARSILING RD,139,MARSILING RD,WOODLANDS
9 MARSILING DR,9,MARSILING DR,WOODLANDS
10 MARSILING DR,10,MARSILING DR,WOODLANDS
786D WOODLANDS DR 60,786D,WOODLANDS DR 60,WOODLANDS
688B WOODLANDS DR 75,688B,WOODLANDS DR 75,WOODLANDS
801 WOODLANDS ST 81,801,WOODLANDS ST 81,WOODLANDS
787C WOODLANDS CRES,787C,WOODLANDS CRES,WOODLANDS
690C WOODLANDS DR 75,690C,WOODLANDS DR 75,WOODLANDS
687C WOODLANDS DR 75,687C,WOODLANDS DR 75,WOODLANDS
882 WOODLANDS ST 82,882,WOODLANDS ST 82,WOODLANDS
214 MARSILING LANE,214,MARSILING LANE,WOODLANDS
755 WOODLANDS AVE 4,755,WOODLANDS AVE 4,WOODLANDS
844 WOODLANDS AVE 4,844,WOODLANDS AVE 4,WOODLANDS
671 WOODLANDS DR 71,671,WOODLANDS DR 71,WOODLANDS
615 WOODLANDS AVE 4,615,WOODLANDS AVE 4,WOODLANDS
704 WOODLANDS DR 40,704,WOODLANDS DR 40,WOODLANDS
504 WOODLANDS DR 14,504,WOODLANDS DR 14,WOODLANDS
896A WOODLANDS DR 50,896A,WOODLANDS DR 50,WOODLANDS
519 WOODLANDS DR 14,519,WOODLANDS DR 14,WOODLANDS
688C WOODLANDS DR 75,688C,WOODLANDS DR 75,WOODLANDS
304 WOODLANDS ST 31,304,WOODLANDS ST 31,WOODLANDS
589 WOODLANDS DR 16,589,WOODLANDS DR 16,WOODLANDS
862 WOODLANDS ST 83,862,WOODLANDS ST 83,WOODLANDS
526 WOODLANDS DR 14,526,WOODLANDS DR 14,WOODLANDS
687A WOODLANDS DR 75,687A,WOODLANDS DR 75,WOODLANDS
657 WOODLANDS RING RD,657,WOODLANDS RING RD,WOODLANDS
714 WOODLANDS DR 70,714,WOODLANDS DR 70,WOODLANDS
673 WOODLANDS DR 71,673,WOODLANDS DR 71,WOODLANDS
724 WOODLANDS AVE 6,724,WOODLANDS AVE 6,WOODLANDS
502A WOODLANDS DR 14,502A,WOODLANDS DR 14,WOODLANDS
178 WOODLANDS ST 13,178,WOODLANDS ST 13,WOODLANDS
542 WOODLANDS DR 16,542,WOODLANDS DR 16,WOODLANDS
521 WOODLANDS DR 14,521,WOODLANDS DR 14,WOODLANDS
367 WOODLANDS AVE 5,367,WOODLANDS AVE 5,WOODLANDS
585 WOODLANDS DR 16,585,WOODLANDS DR 16,WOODLANDS
788B WOODLANDS CRES,788B,WOODLANDS CRES,WOODLANDS
302 WOODLANDS ST 31,302,WOODLANDS ST 31,WOODLANDS
808 WOODLANDS ST 81,808,WOODLANDS ST 81,WOODLANDS
128 MARSILING RISE,128,MARSILING RISE,WOODLANDS
405 WOODLANDS ST 41,405,WOODLANDS ST 41,WOODLANDS
834 WOODLANDS ST 83,834,WOODLANDS ST 83,WOODLANDS
122 YISHUN ST 11,122,YISHUN ST 11,YISHUN
142 YISHUN RING RD,142,YISHUN RING RD,YISHUN
640 YISHUN ST 61,640,YISHUN ST 61,YISHUN
137 YISHUN RING RD,137,YISHUN RING RD,YISHUN
345 YISHUN AVE 11,345,YISHUN AVE 11,YISHUN
233 YISHUN ST 21,233,YISHUN ST 21,YISHUN
710 YISHUN AVE 5,710,YISHUN AVE 5,YISHUN
394 YISHUN AVE 6,394,YISHUN AVE 6,YISHUN
878 YISHUN ST 81,878,YISHUN ST 81,YISHUN
654 YISHUN AVE 4,654,YISHUN AVE 4,YISHUN
629 YISHUN ST 61,629,YISHUN ST 61,YISHUN
236 YISHUN RING RD,236,YISHUN RING RD,YISHUN
150 YISHUN ST 11,150,YISHUN ST 11,YISHUN
108 YISHUN RING RD,108,YISHUN RING RD,YISHUN
263 YISHUN ST 22,263,YISHUN ST 22,YISHUN
615 YISHUN RING RD,615,YISHUN RING RD,YISHUN
706 YISHUN AVE 5,706,YISHUN AVE 5,YISHUN
114 YISHUN RING RD,114,YISHUN RING RD,YISHUN
829 YISHUN ST 81,829,YISHUN ST 81,YISHUN
204 YISHUN ST 21,204,YISHUN ST 21,YISHUN
303 YISHUN CTRL,303,YISHUN CTRL,YISHUN
219 YISHUN ST 21,219,YISHUN ST 21,YISHUN
208 YISHUN ST 21,208,YISHUN ST 21,YISHUN
741 YISHUN AVE 5,741,YISHUN AVE 5,YISHUN
746 YISHUN ST 72,746,YISHUN ST 72,YISHUN
745 YISHUN ST 72,745,YISHUN ST 72,YISHUN
802 YISHUN RING RD,802,YISHUN RING RD,YISHUN
146 YISHUN ST 11,146,YISHUN ST 11,YISHUN
389 YISHUN AVE 6,389,YISHUN AVE 6,YISHUN
407 YISHUN AVE 6,407,YISHUN AVE 6,YISHUN
658 YISHUN AVE 4,658,YISHUN AVE 4,YISHUN
390 YISHUN AVE 6,390,YISHUN AVE 6,YISHUN
329 YISHUN RING RD,329,YISHUN RING RD,YISHUN
249 YISHUN AVE 9,249,YISHUN AVE 9,YISHUN
289 YISHUN AVE 6,289,YISHUN AVE 6,YISHUN
772 YISHUN AVE 3,772,YISHUN AVE 3,YISHUN
635 YISHUN ST 61,635,YISHUN ST 61,YISHUN
759 YISHUN ST 72,759,YISHUN ST 72,YISHUN
111 YISHUN RING RD,111,YISHUN RING RD,YISHUN
388 YISHUN RING RD,388,YISHUN RING RD,YISHUN
762 YISHUN ST 72,762,YISHUN ST 72,YISHUN
760 YISHUN ST 72,760,YISHUN ST 72,YISHUN
401 YISHUN AVE 6,401,YISHUN AVE 6,YISHUN
879 YISHUN ST 81,879,YISHUN ST 81,YISHUN
309 YISHUN RING RD,309,YISHUN RING RD,YISHUN
630 YISHUN ST 61,630,YISHUN ST 61,YISHUN
655 YISHUN AVE 4,655,YISHUN AVE 4,YISHUN
457 YISHUN ST 41,457,YISHUN ST 41,YISHUN
839 YISHUN ST 81,839,YISHUN ST 81,YISHUN
453 YISHUN ST 41,453,YISHUN ST 41,YISHUN
296 YISHUN ST 20,296,YISHUN ST 20,YISHUN
771 YISHUN AVE 3,771,YISHUN AVE 3,YISHUN
734 YISHUN AVE 5,734,YISHUN AVE 5,YISHUN
446 YISHUN AVE 11,446,YISHUN AVE 11,YISHUN
627 YISHUN ST 61,627,YISHUN ST 61,YISHUN
821 YISHUN ST 81,821,YISHUN ST 81,YISHUN
776 YISHUN AVE 2,776,YISHUN AVE 2,YISHUN
386 YISHUN RING RD,386,YISHUN RING RD,YISHUN
231 YISHUN ST 21,231,YISHUN ST 21,YISHUN
874 YISHUN ST 81,874,YISHUN ST 81,YISHUN
357 YISHUN RING RD,357,YISHUN RING RD,YISHUN
758 YISHUN ST 72,758,YISHUN ST 72,YISHUN
796 YISHUN RING RD,796,YISHUN RING RD,YISHUN
305 YISHUN CTRL,305,YISHUN CTRL,YISHUN
297 YISHUN ST 20,297,YISHUN ST 20,YISHUN
785 YISHUN AVE 2,785,YISHUN AVE 2,YISHUN
643 YISHUN ST 61,643,YISHUN ST 61,YISHUN
406 YISHUN AVE 6,406,YISHUN AVE 6,YISHUN
665 YISHUN AVE 4,665,YISHUN AVE 4,YISHUN
170 ANG MO KIO AVE 4,170,ANG MO KIO AVE 4,ANG MO KIO
174 ANG MO KIO AVE 4,174,ANG MO KIO AVE 4,ANG MO KIO
314 ANG MO KIO AVE 3,314,ANG MO KIO AVE 3,ANG MO KIO
163 ANG MO KIO AVE 4,163,ANG MO KIO AVE 4,ANG MO KIO
124 ANG MO KIO AVE 6,124,ANG MO KIO AVE 6,ANG MO KIO
156 ANG MO KIO AVE 4,156,ANG MO KIO AVE 4,ANG MO KIO
631 ANG MO KIO AVE 4,631,ANG MO KIO AVE 4,ANG MO KIO
541 ANG MO KIO AVE 10,541,ANG MO KIO AVE 10,ANG MO KIO
535 ANG MO KIO AVE 5,535,ANG MO KIO AVE 5,ANG MO KIO
621 ANG MO KIO AVE 9,621,ANG MO KIO AVE 9,ANG MO KIO
107 ANG MO KIO AVE 4,107,ANG MO KIO AVE 4,ANG MO KIO
502 ANG MO KIO AVE 5,502,ANG MO KIO AVE 5,ANG MO KIO
416 ANG MO KIO AVE 10,416,ANG MO KIO AVE 10,ANG MO KIO
443 ANG MO KIO AVE 10,443,ANG MO KIO AVE 10,ANG MO KIO
559 ANG MO KIO AVE 10,559,ANG MO KIO AVE 10,ANG MO KIO
456 ANG MO KIO AVE 10,456,ANG MO KIO AVE 10,ANG MO KIO
182 ANG MO KIO AVE 5,182,ANG MO KIO AVE 5,ANG MO KIO
425 ANG MO KIO AVE 3,425,ANG MO KIO AVE 3,ANG MO KIO
346 ANG MO KIO AVE 3,346,ANG MO KIO AVE 3,ANG MO KIO
547 ANG MO KIO AVE 10,547,ANG MO KIO AVE 10,ANG MO KIO
177 ANG MO KIO AVE 4,177,ANG MO KIO AVE 4,ANG MO KIO
612 ANG MO KIO AVE 4,612,ANG MO KIO AVE 4,ANG MO KIO
511 ANG MO KIO AVE 8,511,ANG MO KIO AVE 8,ANG MO KIO
523 ANG MO KIO AVE 5,523,ANG MO KIO AVE 5,ANG MO KIO
563 ANG MO KIO AVE 3,563,ANG MO KIO AVE 3,ANG MO KIO
640 ANG MO KIO AVE 6,640,ANG MO KIO AVE 6,ANG MO KIO
334 ANG MO KIO AVE 1,334,ANG MO KIO AVE 1,ANG MO KIO
111 ANG MO KIO AVE 4,111,ANG MO KIO AVE 4,ANG MO KIO
335 ANG MO KIO AVE 1,335,ANG MO KIO AVE 1,ANG MO KIO
411 ANG MO KIO AVE 10,411,ANG MO KIO AVE 10,ANG MO KIO
636 ANG MO KIO AVE 6,636,ANG MO KIO AVE 6,ANG MO KIO
326 ANG MO KIO AVE 3,326,ANG MO KIO AVE 3,ANG MO KIO
700A ANG MO KIO AVE 6,700A,ANG MO KIO AVE 6,ANG MO KIO
310B ANG MO KIO AVE 1,310B,ANG MO KIO AVE 1,ANG MO KIO
622 ANG MO KIO AVE 9,622,ANG MO KIO AVE 9,ANG MO KIO
221 ANG MO KIO AVE 1,221,ANG MO KIO AVE 1,ANG MO KIO
648 ANG MO KIO AVE 5,648,ANG MO KIO AVE 5,ANG MO KIO
551 ANG MO KIO AVE 10,551,ANG MO KIO AVE 10,ANG MO KIO
627 ANG MO KIO AVE 9,627,ANG MO KIO AVE 9,ANG MO KIO
253 ANG MO KIO ST 21,253,ANG MO KIO ST 21,ANG MO KIO
714 ANG MO KIO AVE 6,714,ANG MO KIO AVE 6,ANG MO KIO
501 ANG MO KIO AVE 5,501,ANG MO KIO AVE 5,ANG MO KIO
596C ANG MO KIO ST 52,596C,ANG MO KIO ST 52,ANG MO KIO
614 ANG MO KIO AVE 4,614,ANG MO KIO AVE 4,ANG MO KIO
106 BEDOK NTH AVE 4,106,BEDOK NTH AVE 4,BEDOK
535 BEDOK NTH ST 3,535,BEDOK NTH ST 3,BEDOK
502 BEDOK NTH ST 3,502,BEDOK NTH ST 3,BEDOK
19 CHAI CHEE RD,19,CHAI CHEE RD,BEDOK
510 BEDOK NTH ST 3,510,BEDOK NTH ST 3,BEDOK
58 CHAI CHEE DR,58,CHAI CHEE DR,BEDOK
129 BEDOK RESERVOIR RD,129,BEDOK RESERVOIR RD,BEDOK
503 BEDOK NTH ST 3,503,BEDOK NTH ST 3,BEDOK
100 BEDOK NTH AVE 4,100,BEDOK NTH AVE 4,BEDOK
401 BEDOK NTH AVE 3,401,BEDOK NTH AVE 3,BEDOK
123 BEDOK NTH ST 2,123,BEDOK NTH ST 2,BEDOK
126 BEDOK RESERVOIR RD,126,BEDOK RESERVOIR RD,BEDOK
4 BEDOK STH AVE 1,4,BEDOK STH AVE 1,BEDOK
520 BEDOK NTH AVE 1,520,BEDOK NTH AVE 1,BEDOK
515 BEDOK NTH AVE 2,515,BEDOK NTH AVE 2,BEDOK
143 BEDOK RESERVOIR RD,143,BEDOK RESERVOIR RD,BEDOK
616 BEDOK RESERVOIR RD,616,BEDOK RESERVOIR RD,BEDOK
606 BEDOK RESERVOIR RD,606,BEDOK RESERVOIR RD,BEDOK
117 BEDOK RESERVOIR RD,117,BEDOK RESERVOIR RD,BEDOK
701 BEDOK RESERVOIR RD,701,BEDOK RESERVOIR RD,BEDOK
412 BEDOK NTH AVE 2,412,BEDOK NTH AVE 2,BEDOK
409 BEDOK NTH AVE 2,409,BEDOK NTH AVE 2,BEDOK
220A BEDOK CTRL,220A,BEDOK CTRL,BEDOK
37 BEDOK STH AVE 2,37,BEDOK STH AVE 2,BEDOK
41 BEDOK STH RD,41,BEDOK STH RD,BEDOK
136 BEDOK RESERVOIR RD,136,BEDOK RESERVOIR RD,BEDOK
106 BEDOK RESERVOIR RD,106,BEDOK RESERVOIR RD,BEDOK
44 BEDOK STH RD,44,BEDOK STH RD,BEDOK
113 BEDOK RESERVOIR RD,113,BEDOK RESERVOIR RD,BEDOK
131 BEDOK RESERVOIR RD,131,BEDOK RESERVOIR RD,BEDOK
79 BEDOK NTH RD,79,BEDOK NTH RD,BEDOK
139 BEDOK RESERVOIR RD,139,BEDOK RESERVOIR RD,BEDOK
110 BEDOK RESERVOIR RD,110,BEDOK RESERVOIR RD,BEDOK
124 BEDOK RESERVOIR RD,124,BEDOK RESERVOIR RD,BEDOK
125 BEDOK RESERVOIR RD,125,BEDOK RESERVOIR RD,BEDOK
546 BEDOK NTH ST 3,546,BEDOK NTH ST 3,BEDOK
622 BEDOK RESERVOIR RD,622,BEDOK RESERVOIR RD,BEDOK
82 BEDOK NTH RD,82,BEDOK NTH RD,BEDOK
165 BEDOK STH RD,165,BEDOK STH RD,BEDOK
655 JLN TENAGA,655,JLN TENAGA,BEDOK
65 NEW UPP CHANGI RD,65,NEW UPP CHANGI RD,BEDOK
422 BEDOK NTH RD,422,BEDOK NTH RD,BEDOK
768 BEDOK RESERVOIR VIEW,768,BEDOK RESERVOIR VIEW,BEDOK
219B BEDOK CTRL,219B,BEDOK CTRL,BEDOK
111 BEDOK NTH RD,111,BEDOK NTH RD,BEDOK
98 BEDOK NTH AVE 4,98,BEDOK NTH AVE 4,BEDOK
660 JLN TENAGA,660,JLN TENAGA,BEDOK
658 JLN TENAGA,658,JLN TENAGA,BEDOK
171 BEDOK STH RD,171,BEDOK STH RD,BEDOK
772 BEDOK RESERVOIR VIEW,772,BEDOK RESERVOIR VIEW,BEDOK
803 CHAI CHEE RD,803,CHAI CHEE RD,BEDOK
68 BEDOK STH AVE 3,68,BEDOK STH AVE 3,BEDOK
19 BEDOK STH RD,19,BEDOK STH RD,BEDOK
32 BEDOK STH AVE 2,32,BEDOK STH AVE 2,BEDOK
716 BEDOK RESERVOIR RD,716,BEDOK RESERVOIR RD,BEDOK
130 BEDOK RESERVOIR RD,130,BEDOK RESERVOIR RD,BEDOK
664 JLN DAMAI,664,JLN DAMAI,BEDOK
665 JLN DAMAI,665,JLN DAMAI,BEDOK
132 BISHAN ST 12,132,BISHAN ST 12,BISHAN
309 SHUNFU RD,309,SHUNFU RD,BISHAN
148 BISHAN ST 11,148,BISHAN ST 11,BISHAN
147 BISHAN ST 11,147,BISHAN ST 11,BISHAN
180 BISHAN ST 13,180,BISHAN ST 13,BISHAN
122 BISHAN ST 12,122,BISHAN ST 12,BISHAN
175 BISHAN ST 13,175,BISHAN ST 13,BISHAN
281 BISHAN ST 24,281,BISHAN ST 24,BISHAN
226 BISHAN ST 23,226,BISHAN ST 23,BISHAN
125 BISHAN ST 12,125,BISHAN ST 12,BISHAN
455 SIN MING AVE,455,SIN MING AVE,BISHAN
289 BISHAN ST 24,289,BISHAN ST 24,BISHAN
141 BISHAN ST 12,141,BISHAN ST 12,BISHAN
164 BISHAN ST 13,164,BISHAN ST 13,BISHAN
165 BISHAN ST 13,165,BISHAN ST 13,BISHAN
208 BISHAN ST 23,208,BISHAN ST 23,BISHAN
174 BISHAN ST 13,174,BISHAN ST 13,BISHAN
341 BT BATOK ST 34,341,BT BATOK ST 34,BUKIT BATOK
259 BT BATOK EAST AVE 4,259,BT BATOK EAST AVE 4,BUKIT BATOK
425 BT BATOK WEST AVE 2,425,BT BATOK WEST AVE 2,BUKIT BATOK
536 BT BATOK ST 52,536,BT BATOK ST 52,BUKIT BATOK
413 BT BATOK WEST AVE 4,413,BT BATOK WEST AVE 4,BUKIT BATOK
182 BT BATOK WEST AVE 8,182,BT BATOK WEST AVE 8,BUKIT BATOK
359 BT BATOK ST 31,359,BT BATOK ST 31,BUKIT BATOK
230 BT BATOK EAST AVE 3,230,BT BATOK EAST AVE 3,BUKIT BATOK
345 BT BATOK ST 34,345,BT BATOK ST 34,BUKIT BATOK
129 BT BATOK WEST AVE 6,129,BT BATOK WEST AVE 6,BUKIT BATOK
241 BT BATOK EAST AVE 5,241,BT BATOK EAST AVE 5,BUKIT BATOK
109 BT BATOK WEST AVE 6,109,BT BATOK WEST AVE 6,BUKIT BATOK
227 BT BATOK CTRL,227,BT BATOK CTRL,BUKIT BATOK
514 BT BATOK ST 52,514,BT BATOK ST 52,BUKIT BATOK
365 BT BATOK ST 31,365,BT BATOK ST 31,BUKIT BATOK
315 BT BATOK ST 32,315,BT BATOK ST 32,BUKIT BATOK
308 BT BATOK ST 31,308,BT BATOK ST 31,BUKIT BATOK
358 BT BATOK ST 31,358,BT BATOK ST 31,BUKIT BATOK
309 BT BATOK ST 31,309,BT BATOK ST 31,BUKIT BATOK
186 BT BATOK WEST AVE 6,186,BT BATOK WEST AVE 6,BUKIT BATOK
291B BT BATOK ST 24,291B,BT BATOK ST 24,BUKIT BATOK
511 BT BATOK ST 52,511,BT BATOK ST 52,BUKIT BATOK
289F BT BATOK ST 25,289F,BT BATOK ST 25,BUKIT BATOK
113 BT BATOK WEST AVE 6,113,BT BATOK WEST AVE 6,BUKIT BATOK
187 BT BATOK WEST AVE 6,187,BT BATOK WEST AVE 6,BUKIT BATOK
385 BT BATOK WEST AVE 5,385,BT BATOK WEST AVE 5,BUKIT BATOK
101 BT BATOK WEST AVE 6,101,BT BATOK WEST AVE 6,BUKIT BATOK
384 BT BATOK WEST AVE 5,384,BT BATOK WEST AVE 5,BUKIT BATOK
626 BT BATOK CTRL,626,BT BATOK CTRL,BUKIT BATOK
388 BT BATOK WEST AVE 5,388,BT BATOK WEST AVE 5,BUKIT BATOK
291C BT BATOK ST 24,291C,BT BATOK ST 24,BUKIT BATOK
387 BT BATOK WEST AVE 5,387,BT BATOK WEST AVE 5,BUKIT BATOK
203 BT BATOK ST 21,203,BT BATOK ST 21,BUKIT BATOK
142 BT BATOK ST 11,142,BT BATOK ST 11,BUKIT BATOK
627 BT BATOK CTRL,627,BT BATOK CTRL,BUKIT BATOK
37 JLN RUMAH TINGGI,37,JLN RUMAH TINGGI,BUKIT MERAH
21 TELOK BLANGAH CRES,21,TELOK BLANGAH CRES,BUKIT MERAH
101 BT PURMEI RD,101,BT PURMEI RD,BUKIT MERAH
77 TELOK BLANGAH DR,77,TELOK BLANGAH DR,BUKIT MERAH
13 TELOK BLANGAH CRES,13,TELOK BLANGAH CRES,BUKIT MERAH
34 JLN BT HO SWEE,34,JLN BT HO SWEE,BUKIT MERAH
145 JLN BT MERAH,145,JLN BT MERAH,BUKIT MERAH
54 TELOK BLANGAH DR,54,TELOK BLANGAH DR,BUKIT MERAH
16 CANTONMENT CL,16,CANTONMENT CL,BUKIT MERAH
127A KIM TIAN RD,127A,KIM TIAN RD,BUKIT MERAH
24 TIONG BAHRU RD,24,TIONG BAHRU RD,BUKIT MERAH
120 BT MERAH VIEW,120,BT MERAH VIEW,BUKIT MERAH
40 TELOK BLANGAH RISE,40,TELOK BLANGAH RISE,BUKIT MERAH
111A DEPOT RD,111A,DEPOT RD,BUKIT MERAH
22 JLN MEMBINA,22,JLN MEMBINA,BUKIT MERAH
113 BT PURMEI RD,113,BT PURMEI RD,BUKIT MERAH
112A DEPOT RD,112A,DEPOT RD,BUKIT MERAH
5 DELTA AVE,5,DELTA AVE,BUKIT MERAH
111B DEPOT RD,111B,DEPOT RD,BUKIT MERAH
88 TELOK BLANGAH HTS,88,TELOK BLANGAH HTS,BUKIT MERAH
69 REDHILL CL,69,REDHILL CL,BUKIT MERAH
119B KIM TIAN RD,119B,KIM TIAN RD,BUKIT MERAH
26C JLN MEMBINA,26C,JLN MEMBINA,BUKIT MERAH
58 HAVELOCK RD,58,HAVELOCK RD,BUKIT MERAH
127D KIM TIAN RD,127D,KIM TIAN RD,BUKIT MERAH
8B BOON TIONG RD,8B,BOON TIONG RD,BUKIT MERAH
115 BT MERAH CTRL,115,BT MERAH CTRL,BUKIT MERAH
85 TELOK BLANGAH HTS,85,TELOK BLANGAH HTS,BUKIT MERAH
219 PETIR RD,219,PETIR RD,BUKIT PANJANG
139 PETIR RD,139,PETIR RD,BUKIT PANJANG
230 PENDING RD,230,PENDING RD,BUKIT PANJANG
102 GANGSA RD,102,GANGSA RD,BUKIT PANJANG
223 PENDING RD,223,PENDING RD,BUKIT PANJANG
633A SENJA RD,633A,SENJA RD,BUKIT PANJANG
104 GANGSA RD,104,GANGSA RD,BUKIT PANJANG
240 BT PANJANG RING RD,240,BT PANJANG RING RD,BUKIT PANJANG
403 FAJAR RD,403,FAJAR RD,BUKIT PANJANG
275 BANGKIT RD,275,BANGKIT RD,BUKIT PANJANG
132 CASHEW RD,132,CASHEW RD,BUKIT PANJANG
118 PENDING RD,118,PENDING RD,BUKIT PANJANG
236 BT PANJANG RING RD,236,BT PANJANG RING RD,BUKIT PANJANG
114 PENDING RD,114,PENDING RD,BUKIT PANJANG
406 FAJAR RD,406,FAJAR RD,BUKIT PANJANG
150 PETIR RD,150,PETIR RD,BUKIT PANJANG
501 JELAPANG RD,501,JELAPANG RD,BUKIT PANJANG
482 SEGAR RD,482,SEGAR RD,BUKIT PANJANG
246 BANGKIT RD,246,BANGKIT RD,BUKIT PANJANG
456 SEGAR RD,456,SEGAR RD,BUKIT PANJANG
508 JELAPANG RD,508,JELAPANG RD,BUKIT PANJANG
172 GANGSA RD,172,GANGSA RD,BUKIT PANJANG
601 SENJA RD,601,SENJA RD,BUKIT PANJANG
633B SENJA RD,633B,SENJA RD,BUKIT PANJANG
184 JELEBU RD,184,JELEBU RD,BUKIT PANJANG
468 SEGAR RD,468,SEGAR RD,BUKIT PANJANG
203 PETIR RD,203,PETIR RD,BUKIT PANJANG
272 BANGKIT RD,272,BANGKIT RD,BUKIT PANJANG
429 BT PANJANG RING RD,429,BT PANJANG RING RD,BUKIT PANJANG
476 SEGAR RD,476,SEGAR RD,BUKIT PANJANG
248 BANGKIT RD,248,BANGKIT RD,BUKIT PANJANG
519 JELAPANG RD,519,JELAPANG RD,BUKIT PANJANG
518 JELAPANG RD,518,JELAPANG RD,BUKIT PANJANG
625 SENJA RD,625,SENJA RD,BUKIT PANJANG
111 GANGSA RD,111,GANGSA RD,BUKIT PANJANG
165 GANGSA RD,165,GANGSA RD,BUKIT PANJANG
179 LOMPANG RD,179,LOMPANG RD,BUKIT PANJANG
239 BT PANJANG RING RD,239,BT PANJANG RING RD,BUKIT PANJANG
13 TOH YI DR,13,TOH YI DR,BUKIT TIMAH
16 TOH YI DR,16,TOH YI DR,BUKIT TIMAH
3 TOH YI DR,3,TOH YI DR,BUKIT TIMAH
6 TOH YI DR,6,TOH YI DR,BUKIT TIMAH
633 VEERASAMY RD,633,VEERASAMY RD,CENTRAL AREA
536 UPP CROSS ST,536,UPP CROSS ST,CENTRAL AREA
1 TG PAGAR PLAZA,1,TG PAGAR PLAZA,CENTRAL AREA
672A KLANG LANE,672A,KLANG LANE,CENTRAL AREA
3 TECK WHYE AVE,3,TECK WHYE AVE,CHOA CHU KANG
476A CHOA CHU KANG AVE 5,476A,CHOA CHU KANG AVE 5,CHOA CHU KANG
11 TECK WHYE LANE,11,TECK WHYE LANE,CHOA CHU KANG
136 TECK WHYE LANE,136,TECK WHYE LANE,CHOA CHU KANG
6 TECK WHYE AVE,6,TECK WHYE AVE,CHOA CHU KANG
673 CHOA CHU KANG CRES,673,CHOA CHU KANG CRES,CHOA CHU KANG
473 CHOA CHU KANG AVE 3,473,CHOA CHU KANG AVE 3,CHOA CHU KANG
296A CHOA CHU KANG AVE 2,296A,CHOA CHU KANG AVE 2,CHOA CHU KANG
280 CHOA CHU KANG AVE 3,280,CHOA CHU KANG AVE 3,CHOA CHU KANG
486 CHOA CHU KANG AVE 5,486,CHOA CHU KANG AVE 5,CHOA CHU KANG
543 CHOA CHU KANG ST 52,543,CHOA CHU KANG ST 52,CHOA CHU KANG
548 CHOA CHU KANG ST 52,548,CHOA CHU KANG ST 52,CHOA CHU KANG
160 JLN TECK WHYE,160,JLN TECK WHYE,CHOA CHU KANG
659 CHOA CHU KANG CRES,659,CHOA CHU KANG CRES,CHOA CHU KANG
251 CHOA CHU KANG AVE 2,251,CHOA CHU KANG AVE 2,CHOA CHU KANG
230 CHOA CHU KANG CTRL,230,CHOA CHU KANG CTRL,CHOA CHU KANG
284 CHOA CHU KANG AVE 3,284,CHOA CHU KANG AVE 3,CHOA CHU KANG
667 CHOA CHU KANG CRES,667,CHOA CHU KANG CRES,CHOA CHU KANG
472 CHOA CHU KANG AVE 3,472,CHOA CHU KANG AVE 3,CHOA CHU KANG
295 CHOA CHU KANG AVE 2,295,CHOA CHU KANG AVE 2,CHOA CHU KANG
435 CHOA CHU KANG AVE 4,435,CHOA CHU KANG AVE 4,CHOA CHU KANG
283 CHOA CHU KANG AVE 3,283,CHOA CHU KANG AVE 3,CHOA CHU KANG
676A CHOA CHU KANG CRES,676A,CHOA CHU KANG CRES,CHOA CHU KANG
615 CHOA CHU KANG ST 62,615,CHOA CHU KANG ST 62,CHOA CHU KANG
238 CHOA CHU KANG CTRL,238,CHOA CHU KANG CTRL,CHOA CHU KANG
307 CHOA CHU KANG AVE 4,307,CHOA CHU KANG AVE 4,CHOA CHU KANG
476D CHOA CHU KANG AVE 5,476D,CHOA CHU KANG AVE 5,CHOA CHU KANG
508 CHOA CHU KANG ST 51,508,CHOA CHU KANG ST 51,CHOA CHU KANG
541 CHOA CHU KANG ST 52,541,CHOA CHU KANG ST 52,CHOA CHU KANG
225 CHOA CHU KANG CTRL,225,CHOA CHU KANG CTRL,CHOA CHU KANG
683A CHOA CHU KANG CRES,683A,CHOA CHU KANG CRES,CHOA CHU KANG
691B CHOA CHU KANG CRES,691B,CHOA CHU KANG CRES,CHOA CHU KANG
547 CHOA CHU KANG ST 52,547,CHOA CHU KANG ST 52,CHOA CHU KANG
250 CHOA CHU KANG AVE 2,250,CHOA CHU KANG AVE 2,CHOA CHU KANG
457 CHOA CHU KANG AVE 4,457,CHOA CHU KANG AVE 4,CHOA CHU KANG
770 CHOA CHU KANG ST 54,770,CHOA CHU KANG ST 54,CHOA CHU KANG
620 CHOA CHU KANG ST 62,620,CHOA CHU KANG ST 62,CHOA CHU KANG
220 CHOA CHU KANG CTRL,220,CHOA CHU KANG CTRL,CHOA CHU KANG
344 CHOA CHU KANG LOOP,344,CHOA CHU KANG LOOP,CHOA CHU KANG
343 CHOA CHU KANG LOOP,343,CHOA CHU KANG LOOP,CHOA CHU KANG
271 CHOA CHU KANG AVE 2,271,CHOA CHU KANG AVE 2,CHOA CHU KANG
601 CHOA CHU KANG ST 62,601,CHOA CHU KANG ST 62,CHOA CHU KANG
755 CHOA CHU KANG NTH 5,755,CHOA CHU KANG NTH 5,CHOA CHU KANG
706 CLEMENTI WEST ST 2,706,CLEMENTI WEST ST 2,CLEMENTI
713 CLEMENTI WEST ST 2,713,CLEMENTI WEST ST 2,CLEMENTI
731 CLEMENTI WEST ST 2,731,CLEMENTI WEST ST 2,CLEMENTI
426 CLEMENTI AVE 3,426,CLEMENTI AVE 3,CLEMENTI
308 CLEMENTI AVE 4,308,CLEMENTI AVE 4,CLEMENTI
309 CLEMENTI AVE 4,309,CLEMENTI AVE 4,CLEMENTI
310 CLEMENTI AVE 4,310,CLEMENTI AVE 4,CLEMENTI
345 CLEMENTI AVE 5,345,CLEMENTI AVE 5,CLEMENTI
320 CLEMENTI AVE 4,320,CLEMENTI AVE 4,CLEMENTI
434 CLEMENTI AVE 3,434,CLEMENTI AVE 3,CLEMENTI
510 WEST COAST DR,510,WEST COAST DR,CLEMENTI
101 CLEMENTI ST 14,101,CLEMENTI ST 14,CLEMENTI
412 C'WEALTH AVE WEST,412,C'WEALTH AVE WEST,CLEMENTI
420 CLEMENTI AVE 1,420,CLEMENTI AVE 1,CLEMENTI
456 CLEMENTI AVE 3,456,CLEMENTI AVE 3,CLEMENTI
117 CLEMENTI ST 13,117,CLEMENTI ST 13,CLEMENTI
415 C'WEALTH AVE WEST,415,C'WEALTH AVE WEST,CLEMENTI
459 CLEMENTI AVE 3,459,CLEMENTI AVE 3,CLEMENTI
441A CLEMENTI AVE 3,441A,CLEMENTI AVE 3,CLEMENTI
81 MACPHERSON LANE,81,MACPHERSON LANE,GEYLANG
63 CIRCUIT RD,63,CIRCUIT RD,GEYLANG
40 CIRCUIT RD,40,CIRCUIT RD,GEYLANG
97 ALJUNIED CRES,97,ALJUNIED CRES,GEYLANG
16 EUNOS CRES,16,EUNOS CRES,GEYLANG
312 UBI AVE 1,312,UBI AVE 1,GEYLANG
53 SIMS PL,53,SIMS PL,GEYLANG
316 UBI AVE 1,316,UBI AVE 1,GEYLANG
9 HAIG RD,9,HAIG RD,GEYLANG
41 SIMS DR,41,SIMS DR,GEYLANG
304 UBI AVE 1,304,UBI AVE 1,GEYLANG
352 UBI AVE 1,352,UBI AVE 1,GEYLANG
8 HAIG RD,8,HAIG RD,GEYLANG
2A GEYLANG SERAI,2A,GEYLANG SERAI,GEYLANG
28 CASSIA CRES,28,CASSIA CRES,GEYLANG
2D GEYLANG SERAI,2D,GEYLANG SERAI,GEYLANG
336 UBI AVE 1,336,UBI AVE 1,GEYLANG
110 ALJUNIED CRES,110,ALJUNIED CRES,GEYLANG
130 GEYLANG EAST AVE 1,130,GEYLANG EAST AVE 1,GEYLANG
133 GEYLANG EAST AVE 1,133,GEYLANG EAST AVE 1,GEYLANG
701 HOUGANG AVE 2,701,HOUGANG AVE 2,HOUGANG
642 HOUGANG AVE 8,642,HOUGANG AVE 8,HOUGANG
704 HOUGANG AVE 2,704,HOUGANG AVE 2,HOUGANG
340 HOUGANG AVE 7,340,HOUGANG AVE 7,HOUGANG
511 HOUGANG AVE 10,511,HOUGANG AVE 10,HOUGANG
110 HOUGANG AVE 1,110,HOUGANG AVE 1,HOUGANG
529 HOUGANG AVE 6,529,HOUGANG AVE 6,HOUGANG
412 HOUGANG AVE 10,412,HOUGANG AVE 10,HOUGANG
669 HOUGANG AVE 8,669,HOUGANG AVE 8,HOUGANG
323 HOUGANG AVE 5,323,HOUGANG AVE 5,HOUGANG
954 HOUGANG AVE 9,954,HOUGANG AVE 9,HOUGANG
969 HOUGANG ST 91,969,HOUGANG ST 91,HOUGANG
648 HOUGANG AVE 8,648,HOUGANG AVE 8,HOUGANG
512 HOUGANG AVE 10,512,HOUGANG AVE 10,HOUGANG
984A BUANGKOK LINK,984A,BUANGKOK LINK,HOUGANG
920 HOUGANG ST 91,920,HOUGANG ST 91,HOUGANG
253 HOUGANG AVE 3,253,HOUGANG AVE 3,HOUGANG
517 HOUGANG AVE 10,517,HOUGANG AVE 10,HOUGANG
541 HOUGANG AVE 8,541,HOUGANG AVE 8,HOUGANG
556 HOUGANG ST 51,556,HOUGANG ST 51,HOUGANG
553 HOUGANG ST 51,553,HOUGANG ST 51,HOUGANG
139 LOR AH SOO,139,LOR AH SOO,HOUGANG
951 HOUGANG AVE 9,951,HOUGANG AVE 9,HOUGANG
414 HOUGANG AVE 10,414,HOUGANG AVE 10,HOUGANG
425 HOUGANG AVE 6,425,HOUGANG AVE 6,HOUGANG
537 HOUGANG ST 52,537,HOUGANG ST 52,HOUGANG
462 HOUGANG AVE 10,462,HOUGANG AVE 10,HOUGANG
698A HOUGANG ST 61,698A,HOUGANG ST 61,HOUGANG
220 HOUGANG ST 21,220,HOUGANG ST 21,HOUGANG
966 HOUGANG AVE 9,966,HOUGANG AVE 9,HOUGANG
980B BUANGKOK CRES,980B,BUANGKOK CRES,HOUGANG
571 HOUGANG ST 51,571,HOUGANG ST 51,HOUGANG
965 HOUGANG AVE 9,965,HOUGANG AVE 9,HOUGANG
363 HOUGANG AVE 5,363,HOUGANG AVE 5,HOUGANG
420 HOUGANG AVE 10,420,HOUGANG AVE 10,HOUGANG
103 HOUGANG AVE 1,103,HOUGANG AVE 1,HOUGANG
424 HOUGANG AVE 6,424,HOUGANG AVE 6,HOUGANG
942 HOUGANG ST 92,942,HOUGANG ST 92,HOUGANG
464 UPP SERANGOON RD,464,UPP SERANGOON RD,HOUGANG
302 HOUGANG AVE 5,302,HOUGANG AVE 5,HOUGANG
362 HOUGANG AVE 5,362,HOUGANG AVE 5,HOUGANG
160 HOUGANG ST 11,160,HOUGANG ST 11,HOUGANG
837 HOUGANG CTRL,837,HOUGANG CTRL,HOUGANG
230 HOUGANG AVE 1,230,HOUGANG AVE 1,HOUGANG
967 HOUGANG AVE 9,967,HOUGANG AVE 9,HOUGANG
634 HOUGANG AVE 8,634,HOUGANG AVE 8,HOUGANG
972 HOUGANG ST 91,972,HOUGANG ST 91,HOUGANG
975 HOUGANG ST 91,975,HOUGANG ST 91,HOUGANG
128 LOR AH SOO,128,LOR AH SOO,HOUGANG
561 HOUGANG ST 51,561,HOUGANG ST 51,HOUGANG
659 HOUGANG AVE 8,659,HOUGANG AVE 8,HOUGANG
221 HOUGANG ST 21,221,HOUGANG ST 21,HOUGANG
262 JURONG EAST ST 24,262,JURONG EAST ST 24,JURONG EAST
233 JURONG EAST ST 21,233,JURONG EAST ST 21,JURONG EAST
321 JURONG EAST ST 31,321,JURONG EAST ST 31,JURONG EAST
301 JURONG EAST ST 32,301,JURONG EAST ST 32,JURONG EAST
53 TEBAN GDNS RD,53,TEBAN GDNS RD,JURONG EAST
402 PANDAN GDNS,402,PANDAN GDNS,JURONG EAST
30 TEBAN GDNS RD,30,TEBAN GDNS RD,JURONG EAST
257 JURONG EAST ST 24,257,JURONG EAST ST 24,JURONG EAST
65 TEBAN GDNS RD,65,TEBAN GDNS RD,JURONG EAST
113 JURONG EAST ST 13,113,JURONG EAST ST 13,JURONG EAST
210 JURONG EAST ST 21,210,JURONG EAST ST 21,JURONG EAST
105 JURONG EAST ST 13,105,JURONG EAST ST 13,JURONG EAST
267 TOH GUAN RD,267,TOH GUAN RD,JURONG EAST
239 JURONG EAST ST 21,239,JURONG EAST ST 21,JURONG EAST
316 JURONG EAST ST 32,316,JURONG EAST ST 32,JURONG EAST
228 JURONG EAST ST 21,228,JURONG EAST ST 21,JURONG EAST
270 TOH GUAN RD,270,TOH GUAN RD,JURONG EAST
269 TOH GUAN RD,269,TOH GUAN RD,JURONG EAST
288B JURONG EAST ST 21,288B,JURONG EAST ST 21,JURONG EAST
112 HO CHING RD,112,HO CHING RD,JURONG WEST
422 JURONG WEST ST 42,422,JURONG WEST ST 42,JURONG WEST
210 BOON LAY PL,210,BOON LAY PL,JURONG WEST
122 YUAN CHING RD,122,YUAN CHING RD,JURONG WEST
498 JURONG WEST ST 41,498,JURONG WEST ST 41,JURONG WEST
446 JURONG WEST ST 42,446,JURONG WEST ST 42,JURONG WEST
477 JURONG WEST ST 41,477,JURONG WEST ST 41,JURONG WEST
339C KANG CHING RD,339C,KANG CHING RD,JURONG WEST
864 JURONG WEST ST 81,864,JURONG WEST ST 81,JURONG WEST
721 JURONG WEST AVE 5,721,JURONG WEST AVE 5,JURONG WEST
728 JURONG WEST AVE 5,728,JURONG WEST AVE 5,JURONG WEST
275C JURONG WEST ST 25,275C,JURONG WEST ST 25,JURONG WEST
707 JURONG WEST ST 71,707,JURONG WEST ST 71,JURONG WEST
863 JURONG WEST ST 81,863,JURONG WEST ST 81,JURONG WEST
417 JURONG WEST ST 42,417,JURONG WEST ST 42,JURONG WEST
729 JURONG WEST AVE 5,729,JURONG WEST AVE 5,JURONG WEST
978 JURONG WEST ST 93,978,JURONG WEST ST 93,JURONG WEST
673A JURONG WEST ST 65,673A,JURONG WEST ST 65,JURONG WEST
853 JURONG WEST ST 81,853,JURONG WEST ST 81,JURONG WEST
836 JURONG WEST ST 81,836,JURONG WEST ST 81,JURONG WEST
737 JURONG WEST ST 75,737,JURONG WEST ST 75,JURONG WEST
550 JURONG WEST ST 42,550,JURONG WEST ST 42,JURONG WEST
904 JURONG WEST ST 91,904,JURONG WEST ST 91,JURONG WEST
361 YUNG AN RD,361,YUNG AN RD,JURONG WEST
748 JURONG WEST ST 73,748,JURONG WEST ST 73,JURONG WEST
478 JURONG WEST ST 41,478,JURONG WEST ST 41,JURONG WEST
636 JURONG WEST ST 65,636,JURONG WEST ST 65,JURONG WEST
433 JURONG WEST ST 42,433,JURONG WEST ST 42,JURONG WEST
650B JURONG WEST ST 61,650B,JURONG WEST ST 61,JURONG WEST
454 JURONG WEST ST 42,454,JURONG WEST ST 42,JURONG WEST
436 JURONG WEST AVE 1,436,JURONG WEST AVE 1,JURONG WEST
431 JURONG WEST AVE 1,431,JURONG WEST AVE 1,JURONG WEST
368 CORPORATION DR,368,CORPORATION DR,JURONG WEST
641 JURONG WEST ST 61,641,JURONG WEST ST 61,JURONG WEST
668C JURONG WEST ST 64,668C,JURONG WEST ST 64,JURONG WEST
647 JURONG WEST ST 61,647,JURONG WEST ST 61,JURONG WEST
657B JURONG WEST ST 65,657B,JURONG WEST ST 65,JURONG WEST
686A JURONG WEST CTRL 1,686A,JURONG WEST CTRL 1,JURONG WEST
745 JURONG WEST ST 73,745,JURONG WEST ST 73,JURONG WEST
907 JURONG WEST ST 91,907,JURONG WEST ST 91,JURONG WEST
206 BOON LAY DR,206,BOON LAY DR,JURONG WEST
766 JURONG WEST ST 74,766,JURONG WEST ST 74,JURONG WEST
552 JURONG WEST ST 42,552,JURONG WEST ST 42,JURONG WEST
360 YUNG AN RD,360,YUNG AN RD,JURONG WEST
661D JURONG WEST ST 64,661D,JURONG WEST ST 64,JURONG WEST
653B JURONG WEST ST 61,653B,JURONG WEST ST 61,JURONG WEST
358 YUNG AN RD,358,YUNG AN RD,JURONG WEST
662B JURONG WEST ST 64,662B,JURONG WEST ST 64,JURONG WEST
618 JURONG WEST ST 65,618,JURONG WEST ST 65,JURONG WEST
468 JURONG WEST ST 41,468,JURONG WEST ST 41,JURONG WEST
523 JURONG WEST ST 52,523,JURONG WEST ST 52,JURONG WEST
661A JURONG WEST ST 64,661A,JURONG WEST ST 64,JURONG WEST
532 JURONG WEST ST 52,532,JURONG WEST ST 52,JURONG WEST
684A JURONG WEST ST 64,684A,JURONG WEST ST 64,JURONG WEST
161 YUNG PING RD,161,YUNG PING RD,JURONG WEST
548 JURONG WEST ST 42,548,JURONG WEST ST 42,JURONG WEST
656C JURONG WEST ST 61,656C,JURONG WEST ST 61,JURONG WEST
656B JURONG WEST ST 61,656B,JURONG WEST ST 61,JURONG WEST
472 JURONG WEST ST 41,472,JURONG WEST ST 41,JURONG WEST
34 JLN BAHAGIA,34,JLN BAHAGIA,KALLANG/WHAMPOA
47 BENDEMEER RD,47,BENDEMEER RD,KALLANG/WHAMPOA
7 ST. GEORGE'S LANE,7,ST. GEORGE'S LANE,KALLANG/WHAMPOA
2 JLN BATU,2,JLN BATU,KALLANG/WHAMPOA
97 GEYLANG BAHRU,97,GEYLANG BAHRU,KALLANG/WHAMPOA
1 BEACH RD,1,BEACH RD,KALLANG/WHAMPOA
50 DORSET RD,50,DORSET RD,KALLANG/WHAMPOA
5 ST. GEORGE'S LANE,5,ST. GEORGE'S LANE,KALLANG/WHAMPOA
101 TOWNER RD,101,TOWNER RD,KALLANG/WHAMPOA
96 WHAMPOA DR,96,WHAMPOA DR,KALLANG/WHAMPOA
49 WHAMPOA STH,49,WHAMPOA STH,KALLANG/WHAMPOA
119 MCNAIR RD,119,MCNAIR RD,KALLANG/WHAMPOA
124 MCNAIR RD,124,MCNAIR RD,KALLANG/WHAMPOA
120 MCNAIR RD,120,MCNAIR RD,KALLANG/WHAMPOA
111 MCNAIR RD,111,MCNAIR RD,KALLANG/WHAMPOA
110 WHAMPOA RD,110,WHAMPOA RD,KALLANG/WHAMPOA
683 TESSENSOHN RD,683,TESSENSOHN RD,KALLANG/WHAMPOA
112 WHAMPOA RD,112,WHAMPOA RD,KALLANG/WHAMPOA
59A GEYLANG BAHRU,59A,GEYLANG BAHRU,KALLANG/WHAMPOA
3A UPP BOON KENG RD,3A,UPP BOON KENG RD,KALLANG/WHAMPOA
3D UPP BOON KENG RD,3D,UPP BOON KENG RD,KALLANG/WHAMPOA
39 UPP BOON KENG RD,39,UPP BOON KENG RD,KALLANG/WHAMPOA
102 JLN DUSUN,102,JLN DUSUN,KALLANG/WHAMPOA
17 JLN TENTERAM,17,JLN TENTERAM,KALLANG/WHAMPOA
54 GEYLANG BAHRU,54,GEYLANG BAHRU,KALLANG/WHAMPOA
22 ST. GEORGE'S RD,22,ST. GEORGE'S RD,KALLANG/WHAMPOA
103 JLN RAJAH,103,JLN RAJAH,KALLANG/WHAMPOA
14A UPP BOON KENG RD,14A,UPP BOON KENG RD,KALLANG/WHAMPOA
110 MCNAIR RD,110,MCNAIR RD,KALLANG/WHAMPOA
16 MARINE TER,16,MARINE TER,MARINE PARADE
57 MARINE TER,57,MARINE TER,MARINE PARADE
46 MARINE CRES,46,MARINE CRES,MARINE PARADE
8 MARINE TER,8,MARINE TER,MARINE PARADE
7 MARINE TER,7,MARINE TER,MARINE PARADE
65 MARINE DR,65,MARINE DR,MARINE PARADE
74 MARINE DR,74,MARINE DR,MARINE PARADE
3 MARINE TER,3,MARINE TER,MARINE PARADE
13 MARINE TER,13,MARINE TER,MARINE PARADE
27 MARINE CRES,27,MARINE CRES,MARINE PARADE
28 MARINE CRES,28,MARINE CRES,MARINE PARADE
4 CHANGI VILLAGE RD,4,CHANGI VILLAGE RD,PASIR RIS
755 PASIR RIS ST 71,755,PASIR RIS ST 71,PASIR RIS
105 PASIR RIS ST 12,105,PASIR RIS ST 12,PASIR RIS
256 PASIR RIS ST 21,256,PASIR RIS ST 21,PASIR RIS
639 PASIR RIS DR 1,639,PASIR RIS DR 1,PASIR RIS
738 PASIR RIS DR 10,738,PASIR RIS DR 10,PASIR RIS
635 PASIR RIS DR 1,635,PASIR RIS DR 1,PASIR RIS
756 PASIR RIS ST 71,756,PASIR RIS ST 71,PASIR RIS
759 PASIR RIS ST 71,759,PASIR RIS ST 71,PASIR RIS
253 PASIR RIS ST 21,253,PASIR RIS ST 21,PASIR RIS
748 PASIR RIS ST 71,748,PASIR RIS ST 71,PASIR RIS
151 PASIR RIS ST 13,151,PASIR RIS ST 13,PASIR RIS
757 PASIR RIS ST 71,757,PASIR RIS ST 71,PASIR RIS
113 PASIR RIS ST 11,113,PASIR RIS ST 11,PASIR RIS
211 PASIR RIS ST 21,211,PASIR RIS ST 21,PASIR RIS
706 PASIR RIS DR 10,706,PASIR RIS DR 10,PASIR RIS
180 PASIR RIS ST 11,180,PASIR RIS ST 11,PASIR RIS
638 PASIR RIS DR 1,638,PASIR RIS DR 1,PASIR RIS
631 PASIR RIS DR 3,631,PASIR RIS DR 3,PASIR RIS
771 PASIR RIS ST 71,771,PASIR RIS ST 71,PASIR RIS
615 ELIAS RD,615,ELIAS RD,PASIR RIS
212 PASIR RIS ST 21,212,PASIR RIS ST 21,PASIR RIS
268 PASIR RIS ST 21,268,PASIR RIS ST 21,PASIR RIS
269 PASIR RIS ST 21,269,PASIR RIS ST 21,PASIR RIS
648 PASIR RIS DR 10,648,PASIR RIS DR 10,PASIR RIS
158 PASIR RIS ST 13,158,PASIR RIS ST 13,PASIR RIS
504 PASIR RIS ST 52,504,PASIR RIS ST 52,PASIR RIS
780 PASIR RIS ST 71,780,PASIR RIS ST 71,PASIR RIS
782 PASIR RIS ST 71,782,PASIR RIS ST 71,PASIR RIS
609 ELIAS RD,609,ELIAS RD,PASIR RIS
583 PASIR RIS ST 53,583,PASIR RIS ST 53,PASIR RIS
454 PASIR RIS DR 6,454,PASIR RIS DR 6,PASIR RIS
408 PASIR RIS DR 6,408,PASIR RIS DR 6,PASIR RIS
601B PUNGGOL CTRL,601B,PUNGGOL CTRL,PUNGGOL
133 EDGEDALE PLAINS,133,EDGEDALE PLAINS,PUNGGOL
176C EDGEFIELD PLAINS,176C,EDGEFIELD PLAINS,PUNGGOL
172A EDGEDALE PLAINS,172A,EDGEDALE PLAINS,PUNGGOL
101D PUNGGOL FIELD,101D,PUNGGOL FIELD,PUNGGOL
297 PUNGGOL CTRL,297,PUNGGOL CTRL,PUNGGOL
167A PUNGGOL EAST,167A,PUNGGOL EAST,PUNGGOL
633B PUNGGOL DR,633B,PUNGGOL DR,PUNGGOL
618D PUNGGOL DR,618D,PUNGGOL DR,PUNGGOL
604A PUNGGOL RD,604A,PUNGGOL RD,PUNGGOL
618A PUNGGOL DR,618A,PUNGGOL DR,PUNGGOL
619B PUNGGOL DR,619B,PUNGGOL DR,PUNGGOL
303D PUNGGOL PL,303D,PUNGGOL PL,PUNGGOL
305B PUNGGOL RD,305B,PUNGGOL RD,PUNGGOL
302D PUNGGOL PL,302D,PUNGGOL PL,PUNGGOL
274A PUNGGOL PL,274A,PUNGGOL PL,PUNGGOL
110B PUNGGOL FIELD,110B,PUNGGOL FIELD,PUNGGOL
181 EDGEFIELD PLAINS,181,EDGEFIELD PLAINS,PUNGGOL
173C PUNGGOL FIELD,173C,PUNGGOL FIELD,PUNGGOL
637D PUNGGOL DR,637D,PUNGGOL DR,PUNGGOL
101C PUNGGOL FIELD,101C,PUNGGOL FIELD,PUNGGOL
645 PUNGGOL CTRL,645,PUNGGOL CTRL,PUNGGOL
637B PUNGGOL DR,637B,PUNGGOL DR,PUNGGOL
647 PUNGGOL CTRL,647,PUNGGOL CTRL,PUNGGOL
186 PUNGGOL CTRL,186,PUNGGOL CTRL,PUNGGOL
188 PUNGGOL CTRL,188,PUNGGOL CTRL,PUNGGOL
192 PUNGGOL CTRL,192,PUNGGOL CTRL,PUNGGOL
89 C'WEALTH DR,89,C'WEALTH DR,QUEENSTOWN
165 STIRLING RD,165,STIRLING RD,QUEENSTOWN
2 GHIM MOH RD,2,GHIM MOH RD,QUEENSTOWN
19 GHIM MOH RD,19,GHIM MOH RD,QUEENSTOWN
152 MEI LING ST,152,MEI LING ST,QUEENSTOWN
157 MEI LING ST,157,MEI LING ST,QUEENSTOWN
90 TANGLIN HALT RD,90,TANGLIN HALT RD,QUEENSTOWN
168A QUEENSWAY,168A,QUEENSWAY,QUEENSTOWN
7A C'WEALTH AVE,7A,C'WEALTH AVE,QUEENSTOWN
50 STRATHMORE AVE,50,STRATHMORE AVE,QUEENSTOWN
3 HOLLAND CL,3,HOLLAND CL,QUEENSTOWN
59 STRATHMORE AVE,59,STRATHMORE AVE,QUEENSTOWN
51 STRATHMORE AVE,51,STRATHMORE AVE,QUEENSTOWN
83 STRATHMORE AVE,83,STRATHMORE AVE,QUEENSTOWN
145 MEI LING ST,145,MEI LING ST,QUEENSTOWN
510A WELLINGTON CIRCLE,510A,WELLINGTON CIRCLE,SEMBAWANG
481 SEMBAWANG DR,481,SEMBAWANG DR,SEMBAWANG
473 SEMBAWANG DR,473,SEMBAWANG DR,SEMBAWANG
486 ADMIRALTY LINK,486,ADMIRALTY LINK,SEMBAWANG
508A WELLINGTON CIRCLE,508A,WELLINGTON CIRCLE,SEMBAWANG
360A ADMIRALTY DR,360A,ADMIRALTY DR,SEMBAWANG
332 SEMBAWANG CL,332,SEMBAWANG CL,SEMBAWANG
356A ADMIRALTY DR,356A,ADMIRALTY DR,SEMBAWANG
352A CANBERRA RD,352A,CANBERRA RD,SEMBAWANG
404 ADMIRALTY LINK,404,ADMIRALTY LINK,SEMBAWANG
403 ADMIRALTY LINK,403,ADMIRALTY LINK,SEMBAWANG
507A WELLINGTON CIRCLE,507A,WELLINGTON CIRCLE,SEMBAWANG
304 CANBERRA RD,304,CANBERRA RD,SEMBAWANG
467B ADMIRALTY DR,467B,ADMIRALTY DR,SEMBAWANG
359C ADMIRALTY DR,359C,ADMIRALTY DR,SEMBAWANG
312 SEMBAWANG DR,312,SEMBAWANG DR,SEMBAWANG
416 CANBERRA RD,416,CANBERRA RD,SEMBAWANG
469A ADMIRALTY DR,469A,ADMIRALTY DR,SEMBAWANG
469B ADMIRALTY DR,469B,ADMIRALTY DR,SEMBAWANG
502A WELLINGTON CIRCLE,502A,WELLINGTON CIRCLE,SEMBAWANG
336 SEMBAWANG CRES,336,SEMBAWANG CRES,SEMBAWANG
302B ANCHORVALE LINK,302B,ANCHORVALE LINK,SENGKANG
124C RIVERVALE DR,124C,RIVERVALE DR,SENGKANG
156 RIVERVALE CRES,156,RIVERVALE CRES,SENGKANG
406A FERNVALE RD,406A,FERNVALE RD,SENGKANG
153 RIVERVALE CRES,153,RIVERVALE CRES,SENGKANG
223D COMPASSVALE WALK,223D,COMPASSVALE WALK,SENGKANG
320A ANCHORVALE DR,320A,ANCHORVALE DR,SENGKANG
201A COMPASSVALE DR,201A,COMPASSVALE DR,SENGKANG
110 RIVERVALE WALK,110,RIVERVALE WALK,SENGKANG
297A COMPASSVALE ST,297A,COMPASSVALE ST,SENGKANG
209A COMPASSVALE LANE,209A,COMPASSVALE LANE,SENGKANG
436C FERNVALE RD,436C,FERNVALE RD,SENGKANG
210B COMPASSVALE LANE,210B,COMPASSVALE LANE,SENGKANG
322A ANCHORVALE DR,322A,ANCHORVALE DR,SENGKANG
408B FERNVALE RD,408B,FERNVALE RD,SENGKANG
127 RIVERVALE ST,127,RIVERVALE ST,SENGKANG
322C ANCHORVALE DR,322C,ANCHORVALE DR,SENGKANG
443A FERNVALE RD,443A,FERNVALE RD,SENGKANG
439C SENGKANG WEST AVE,439C,SENGKANG WEST AVE,SENGKANG
265E COMPASSVALE BOW,265E,COMPASSVALE BOW,SENGKANG
225A COMPASSVALE WALK,225A,COMPASSVALE WALK,SENGKANG
261B SENGKANG EAST WAY,261B,SENGKANG EAST WAY,SENGKANG
264F COMPASSVALE BOW,264F,COMPASSVALE BOW,SENGKANG
266A COMPASSVALE BOW,266A,COMPASSVALE BOW,SENGKANG
272A SENGKANG CTRL,272A,SENGKANG CTRL,SENGKANG
275D COMPASSVALE LINK,275D,COMPASSVALE LINK,SENGKANG
275C COMPASSVALE LINK,275C,COMPASSVALE LINK,SENGKANG
184A RIVERVALE CRES,184A,RIVERVALE CRES,SENGKANG
184B RIVERVALE CRES,184B,RIVERVALE CRES,SENGKANG
141 RIVERVALE ST,141,RIVERVALE ST,SENGKANG
310A ANCHORVALE RD,310A,ANCHORVALE RD,SENGKANG
201D COMPASSVALE DR,201D,COMPASSVALE DR,SENGKANG
307C ANCHORVALE RD,307C,ANCHORVALE RD,SENGKANG
308B ANCHORVALE RD,308B,ANCHORVALE RD,SENGKANG
405C FERNVALE LANE,405C,FERNVALE LANE,SENGKANG
152 RIVERVALE CRES,152,RIVERVALE CRES,SENGKANG
315C ANCHORVALE RD,315C,ANCHORVALE RD,SENGKANG
307D ANCHORVALE RD,307D,ANCHORVALE RD,SENGKANG
413B FERNVALE LINK,413B,FERNVALE LINK,SENGKANG
298B COMPASSVALE ST,298B,COMPASSVALE ST,SENGKANG
409A FERNVALE RD,409A,FERNVALE RD,SENGKANG
412A FERNVALE LINK,412A,FERNVALE LINK,SENGKANG
244 COMPASSVALE RD,244,COMPASSVALE RD,SENGKANG
258C COMPASSVALE RD,258C,COMPASSVALE RD,SENGKANG
319A ANCHORVALE DR,319A,ANCHORVALE DR,SENGKANG
321A ANCHORVALE DR,321A,ANCHORVALE DR,SENGKANG
223A COMPASSVALE WALK,223A,COMPASSVALE WALK,SENGKANG
257C COMPASSVALE RD,257C,COMPASSVALE RD,SENGKANG
268B COMPASSVALE LINK,268B,COMPASSVALE LINK,SENGKANG
306B ANCHORVALE LINK,306B,ANCHORVALE LINK,SENGKANG
298C COMPASSVALE ST,298C,COMPASSVALE ST,SENGKANG
143 RIVERVALE DR,143,RIVERVALE DR,SENGKANG
317D ANCHORVALE RD,317D,ANCHORVALE RD,SENGKANG
5 LOR LEW LIAN,5,LOR LEW LIAN,SERANGOON
306 SERANGOON AVE 2,306,SERANGOON AVE 2,SERANGOON
107 SERANGOON NTH AVE 1,107,SERANGOON NTH AVE 1,SERANGOON
302 SERANGOON AVE 2,302,SERANGOON AVE 2,SERANGOON
201 SERANGOON CTRL,201,SERANGOON CTRL,SERANGOON
254 SERANGOON CTRL DR,254,SERANGOON CTRL DR,SERANGOON
154 SERANGOON NTH AVE 1,154,SERANGOON NTH AVE 1,SERANGOON
508 SERANGOON NTH AVE 4,508,SERANGOON NTH AVE 4,SERANGOON
214 SERANGOON AVE 4,214,SERANGOON AVE 4,SERANGOON
246 SERANGOON AVE 3,246,SERANGOON AVE 3,SERANGOON
235 SERANGOON AVE 3,235,SERANGOON AVE 3,SERANGOON
230 SERANGOON AVE 4,230,SERANGOON AVE 4,SERANGOON
327 SERANGOON AVE 3,327,SERANGOON AVE 3,SERANGOON
240 SERANGOON AVE 2,240,SERANGOON AVE 2,SERANGOON
425 SERANGOON AVE 1,425,SERANGOON AVE 1,SERANGOON
117 SERANGOON NTH AVE 1,117,SERANGOON NTH AVE 1,SERANGOON
529 SERANGOON NTH AVE 4,529,SERANGOON NTH AVE 4,SERANGOON
143 SERANGOON NTH AVE 1,143,SERANGOON NTH AVE 1,SERANGOON
504 SERANGOON NTH AVE 4,504,SERANGOON NTH AVE 4,SERANGOON
500 SERANGOON NTH AVE 4,500,SERANGOON NTH AVE 4,SERANGOON
533 SERANGOON NTH AVE 4,533,SERANGOON NTH AVE 4,SERANGOON
258 SERANGOON CTRL DR,258,SERANGOON CTRL DR,SERANGOON
544 SERANGOON NTH AVE 3,544,SERANGOON NTH AVE 3,SERANGOON
516 SERANGOON NTH AVE 4,516,SERANGOON NTH AVE 4,SERANGOON
318 SERANGOON AVE 2,318,SERANGOON AVE 2,SERANGOON
404 TAMPINES ST 41,404,TAMPINES ST 41,TAMPINES
259 TAMPINES ST 21,259,TAMPINES ST 21,TAMPINES
412 TAMPINES ST 41,412,TAMPINES ST 41,TAMPINES
830 TAMPINES ST 82,830,TAMPINES ST 82,TAMPINES
801 TAMPINES AVE 4,801,TAMPINES AVE 4,TAMPINES
434 TAMPINES ST 43,434,TAMPINES ST 43,TAMPINES
103 TAMPINES ST 11,103,TAMPINES ST 11,TAMPINES
139 TAMPINES ST 11,139,TAMPINES ST 11,TAMPINES
436 TAMPINES ST 43,436,TAMPINES ST 43,TAMPINES
237 TAMPINES ST 21,237,TAMPINES ST 21,TAMPINES
207 TAMPINES ST 21,207,TAMPINES ST 21,TAMPINES
138 TAMPINES ST 11,138,TAMPINES ST 11,TAMPINES
242 TAMPINES ST 21,242,TAMPINES ST 21,TAMPINES
203 TAMPINES ST 21,203,TAMPINES ST 21,TAMPINES
819 TAMPINES ST 81,819,TAMPINES ST 81,TAMPINES
157 TAMPINES ST 12,157,TAMPINES ST 12,TAMPINES
244 TAMPINES ST 21,244,TAMPINES ST 21,TAMPINES
907 TAMPINES AVE 4,907,TAMPINES AVE 4,TAMPINES
150 TAMPINES ST 12,150,TAMPINES ST 12,TAMPINES
432 TAMPINES ST 41,432,TAMPINES ST 41,TAMPINES
842 TAMPINES ST 82,842,TAMPINES ST 82,TAMPINES
263 TAMPINES ST 21,263,TAMPINES ST 21,TAMPINES
117 SIMEI ST 1,117,SIMEI ST 1,TAMPINES
110 TAMPINES ST 11,110,TAMPINES ST 11,TAMPINES
416 TAMPINES ST 41,416,TAMPINES ST 41,TAMPINES
874 TAMPINES ST 84,874,TAMPINES ST 84,TAMPINES
132 SIMEI ST 1,132,SIMEI ST 1,TAMPINES
264 TAMPINES ST 21,264,TAMPINES ST 21,TAMPINES
283 TAMPINES ST 22,283,TAMPINES ST 22,TAMPINES
897A TAMPINES ST 81,897A,TAMPINES ST 81,TAMPINES
486C TAMPINES AVE 9,486C,TAMPINES AVE 9,TAMPINES
859A TAMPINES AVE 5,859A,TAMPINES AVE 5,TAMPINES
733 TAMPINES ST 71,733,TAMPINES ST 71,TAMPINES
858A TAMPINES AVE 5,858A,TAMPINES AVE 5,TAMPINES
872 TAMPINES ST 84,872,TAMPINES ST 84,TAMPINES
718 TAMPINES ST 72,718,TAMPINES ST 72,TAMPINES
897 TAMPINES ST 81,897,TAMPINES ST 81,TAMPINES
275 TAMPINES ST 22,275,TAMPINES ST 22,TAMPINES
140 TAMPINES ST 12,140,TAMPINES ST 12,TAMPINES
101 TAMPINES ST 11,101,TAMPINES ST 11,TAMPINES
929 TAMPINES ST 91,929,TAMPINES ST 91,TAMPINES
921 TAMPINES ST 91,921,TAMPINES ST 91,TAMPINES
271 TAMPINES ST 21,271,TAMPINES ST 21,TAMPINES
891A TAMPINES AVE 8,891A,TAMPINES AVE 8,TAMPINES
230 SIMEI ST 4,230,SIMEI ST 4,TAMPINES
254 SIMEI ST 1,254,SIMEI ST 1,TAMPINES
167C SIMEI LANE,167C,SIMEI LANE,TAMPINES
349 TAMPINES ST 33,349,TAMPINES ST 33,TAMPINES
492B TAMPINES AVE 9,492B,TAMPINES AVE 9,TAMPINES
493E TAMPINES ST 43,493E,TAMPINES ST 43,TAMPINES
126 TAMPINES ST 11,126,TAMPINES ST 11,TAMPINES
443 TAMPINES ST 43,443,TAMPINES ST 43,TAMPINES
843 TAMPINES ST 83,843,TAMPINES ST 83,TAMPINES
134 SIMEI ST 1,134,SIMEI ST 1,TAMPINES
493C TAMPINES ST 43,493C,TAMPINES ST 43,TAMPINES
815 TAMPINES AVE 4,815,TAMPINES AVE 4,TAMPINES
425 TAMPINES ST 41,425,TAMPINES ST 41,TAMPINES
316 TAMPINES ST 33,316,TAMPINES ST 33,TAMPINES
945 TAMPINES AVE 4,945,TAMPINES AVE 4,TAMPINES
491A TAMPINES AVE 9,491A,TAMPINES AVE 9,TAMPINES
912 TAMPINES ST 91,912,TAMPINES ST 91,TAMPINES
715 TAMPINES ST 71,715,TAMPINES ST 71,TAMPINES
229 TAMPINES ST 23,229,TAMPINES ST 23,TAMPINES
124 SIMEI ST 1,124,SIMEI ST 1,TAMPINES
156 SIMEI RD,156,SIMEI RD,TAMPINES
842E TAMPINES ST 82,842E,TAMPINES ST 82,TAMPINES
142 SIMEI ST 2,142,SIMEI ST 2,TAMPINES
515C TAMPINES CTRL 7,515C,TAMPINES CTRL 7,TAMPINES
168B SIMEI LANE,168B,SIMEI LANE,TAMPINES
518D TAMPINES CTRL 7,518D,TAMPINES CTRL 7,TAMPINES
497F TAMPINES ST 45,497F,TAMPINES ST 45,TAMPINES
427 TAMPINES ST 41,427,TAMPINES ST 41,TAMPINES
333 TAMPINES ST 32,333,TAMPINES ST 32,TAMPINES
430 TAMPINES ST 41,430,TAMPINES ST 41,TAMPINES
308 TAMPINES ST 32,308,TAMPINES ST 32,TAMPINES
938 TAMPINES AVE 5,938,TAMPINES AVE 5,TAMPINES
893A TAMPINES AVE 8,893A,TAMPINES AVE 8,TAMPINES
151 TAMPINES ST 12,151,TAMPINES ST 12,TAMPINES
149 TAMPINES ST 12,149,TAMPINES ST 12,TAMPINES
71 LOR 4 TOA PAYOH,71,LOR 4 TOA PAYOH,TOA PAYOH
92 LOR 4 TOA PAYOH,92,LOR 4 TOA PAYOH,TOA PAYOH
8 LOR 7 TOA PAYOH,8,LOR 7 TOA PAYOH,TOA PAYOH
18 LOR 7 TOA PAYOH,18,LOR 7 TOA PAYOH,TOA PAYOH
118 POTONG PASIR AVE 1,118,POTONG PASIR AVE 1,TOA PAYOH
27 TOA PAYOH EAST,27,TOA PAYOH EAST,TOA PAYOH
98 LOR 1 TOA PAYOH,98,LOR 1 TOA PAYOH,TOA PAYOH
183 TOA PAYOH CTRL,183,TOA PAYOH CTRL,TOA PAYOH
205 TOA PAYOH NTH,205,TOA PAYOH NTH,TOA PAYOH
85A LOR 4 TOA PAYOH,85A,LOR 4 TOA PAYOH,TOA PAYOH
201 TOA PAYOH NTH,201,TOA PAYOH NTH,TOA PAYOH
222 LOR 8 TOA PAYOH,222,LOR 8 TOA PAYOH,TOA PAYOH
228 LOR 8 TOA PAYOH,228,LOR 8 TOA PAYOH,TOA PAYOH
10B LOR 7 TOA PAYOH,10B,LOR 7 TOA PAYOH,TOA PAYOH
147 LOR 2 TOA PAYOH,147,LOR 2 TOA PAYOH,TOA PAYOH
256 KIM KEAT AVE,256,KIM KEAT AVE,TOA PAYOH
8 JOO SENG RD,8,JOO SENG RD,TOA PAYOH
236 LOR 1 TOA PAYOH,236,LOR 1 TOA PAYOH,TOA PAYOH
101A LOR 2 TOA PAYOH,101A,LOR 2 TOA PAYOH,TOA PAYOH
203 MARSILING DR,203,MARSILING DR,WOODLANDS
212 MARSILING CRES,212,MARSILING CRES,WOODLANDS
17 MARSILING LANE,17,MARSILING LANE,WOODLANDS
152 WOODLANDS ST 13,152,WOODLANDS ST 13,WOODLANDS
32 MARSILING DR,32,MARSILING DR,WOODLANDS
204 MARSILING DR,204,MARSILING DR,WOODLANDS
314 WOODLANDS ST 31,314,WOODLANDS ST 31,WOODLANDS
318 WOODLANDS ST 31,318,WOODLANDS ST 31,WOODLANDS
12A MARSILING LANE,12A,MARSILING LANE,WOODLANDS
315 WOODLANDS ST 31,315,WOODLANDS ST 31,WOODLANDS
154 WOODLANDS ST 13,154,WOODLANDS ST 13,WOODLANDS
336 WOODLANDS AVE 1,336,WOODLANDS AVE 1,WOODLANDS
338 WOODLANDS AVE 1,338,WOODLANDS AVE 1,WOODLANDS
420 WOODLANDS ST 41,420,WOODLANDS ST 41,WOODLANDS
751 WOODLANDS CIRCLE,751,WOODLANDS CIRCLE,WOODLANDS
557 WOODLANDS DR 53,557,WOODLANDS DR 53,WOODLANDS
765 WOODLANDS CIRCLE,765,WOODLANDS CIRCLE,WOODLANDS
322 WOODLANDS ST 32,322,WOODLANDS ST 32,WOODLANDS
113 WOODLANDS ST 13,113,WOODLANDS ST 13,WOODLANDS
629 WOODLANDS RING RD,629,WOODLANDS RING RD,WOODLANDS
690E WOODLANDS DR 75,690E,WOODLANDS DR 75,WOODLANDS
653 WOODLANDS RING RD,653,WOODLANDS RING RD,WOODLANDS
701 WOODLANDS DR 40,701,WOODLANDS DR 40,WOODLANDS
105 WOODLANDS ST 13,105,WOODLANDS ST 13,WOODLANDS
710 WOODLANDS DR 70,710,WOODLANDS DR 70,WOODLANDS
860 WOODLANDS ST 83,860,WOODLANDS ST 83,WOODLANDS
776 WOODLANDS CRES,776,WOODLANDS CRES,WOODLANDS
12C MARSILING LANE,12C,MARSILING LANE,WOODLANDS
662 WOODLANDS RING RD,662,WOODLANDS RING RD,WOODLANDS
720 WOODLANDS AVE 6,720,WOODLANDS AVE 6,WOODLANDS
366 WOODLANDS AVE 5,366,WOODLANDS AVE 5,WOODLANDS
875 WOODLANDS ST 82,875,WOODLANDS ST 82,WOODLANDS
530 WOODLANDS DR 14,530,WOODLANDS DR 14,WOODLANDS
363 WOODLANDS AVE 5,363,WOODLANDS AVE 5,WOODLANDS
510 WOODLANDS DR 14,510,WOODLANDS DR 14,WOODLANDS
899C WOODLANDS DR 50,899C,WOODLANDS DR 50,WOODLANDS
795 WOODLANDS DR 72,795,WOODLANDS DR 72,WOODLANDS
688D WOODLANDS DR 75,688D,WOODLANDS DR 75,WOODLANDS
787D WOODLANDS CRES,787D,WOODLANDS CRES,WOODLANDS
541 WOODLANDS DR 16,541,WOODLANDS DR 16,WOODLANDS
778 WOODLANDS DR 60,778,WOODLANDS DR 60,WOODLANDS
880 WOODLANDS ST 82,880,WOODLANDS ST 82,WOODLANDS
897C WOODLANDS DR 50,897C,WOODLANDS DR 50,WOODLANDS
125 MARSILING RISE,125,MARSILING RISE,WOODLANDS
134 MARSILING RD,134,MARSILING RD,WOODLANDS
725 WOODLANDS AVE 6,725,WOODLANDS AVE 6,WOODLANDS
722 WOODLANDS AVE 6,722,WOODLANDS AVE 6,WOODLANDS
352 WOODLANDS AVE 1,352,WOODLANDS AVE 1,WOODLANDS
740 WOODLANDS CIRCLE,740,WOODLANDS CIRCLE,WOODLANDS
891A WOODLANDS DR 50,891A,WOODLANDS DR 50,WOODLANDS
660 WOODLANDS RING RD,660,WOODLANDS RING RD,WOODLANDS
370 WOODLANDS AVE 1,370,WOODLANDS AVE 1,WOODLANDS
822 WOODLANDS ST 82,822,WOODLANDS ST 82,WOODLANDS
368 WOODLANDS AVE 1,368,WOODLANDS AVE 1,WOODLANDS
817 WOODLANDS ST 82,817,WOODLANDS ST 82,WOODLANDS
330 WOODLANDS AVE 1,330,WOODLANDS AVE 1,WOODLANDS
798 WOODLANDS DR 72,798,WOODLANDS DR 72,WOODLANDS
797 WOODLANDS DR 72,797,WOODLANDS DR 72,WOODLANDS
320 WOODLANDS ST 32,320,WOODLANDS ST 32,WOODLANDS
141 MARSILING RD,141,MARSILING RD,WOODLANDS
326 WOODLANDS ST 32,326,WOODLANDS ST 32,WOODLANDS
359 WOODLANDS AVE 5,359,WOODLANDS AVE 5,WOODLANDS
866 WOODLANDS ST 83,866,WOODLANDS ST 83,WOODLANDS
119 MARSILING RISE,119,MARSILING RISE,WOODLANDS
308 WOODLANDS AVE 1,308,WOODLANDS AVE 1,WOODLANDS
438 YISHUN AVE 11,438,YISHUN AVE 11,YISHUN
718 YISHUN ST 71,718,YISHUN ST 71,YISHUN
101 YISHUN AVE 5,101,YISHUN AVE 5,YISHUN
268 YISHUN ST 22,268,YISHUN ST 22,YISHUN
789 YISHUN AVE 2,789,YISHUN AVE 2,YISHUN
731 YISHUN ST 72,731,YISHUN ST 72,YISHUN
116 YISHUN RING RD,116,YISHUN RING RD,YISHUN
282 YISHUN AVE 6,282,YISHUN AVE 6,YISHUN
140 YISHUN RING RD,140,YISHUN RING RD,YISHUN
124 YISHUN ST 11,124,YISHUN ST 11,YISHUN
207 YISHUN ST 21,207,YISHUN ST 21,YISHUN
118 YISHUN RING RD,118,YISHUN RING RD,YISHUN
707 YISHUN AVE 5,707,YISHUN AVE 5,YISHUN
220 YISHUN ST 21,220,YISHUN ST 21,YISHUN
145 YISHUN ST 11,145,YISHUN ST 11,YISHUN
153 YISHUN ST 11,153,YISHUN ST 11,YISHUN
201 YISHUN ST 21,201,YISHUN ST 21,YISHUN
132 YISHUN ST 11,132,YISHUN ST 11,YISHUN
784 YISHUN AVE 2,784,YISHUN AVE 2,YISHUN
427 YISHUN AVE 11,427,YISHUN AVE 11,YISHUN
423 YISHUN AVE 11,423,YISHUN AVE 11,YISHUN
312 YISHUN RING RD,312,YISHUN RING RD,YISHUN
403 YISHUN AVE 6,403,YISHUN AVE 6,YISHUN
166 YISHUN RING RD,166,YISHUN RING RD,YISHUN
311 YISHUN RING RD,311,YISHUN RING RD,YISHUN
437 YISHUN AVE 6,437,YISHUN AVE 6,YISHUN
125 YISHUN ST 11,125,YISHUN ST 11,YISHUN
609 YISHUN ST 61,609,YISHUN ST 61,YISHUN
764 YISHUN ST 72,764,YISHUN ST 72,YISHUN
404 YISHUN AVE 6,404,YISHUN AVE 6,YISHUN
397 YISHUN AVE 6,397,YISHUN AVE 6,YISHUN
620 YISHUN RING RD,620,YISHUN RING RD,YISHUN
860 YISHUN AVE 4,860,YISHUN AVE 4,YISHUN
246 YISHUN AVE 9,246,YISHUN AVE 9,YISHUN
411 YISHUN RING RD,411,YISHUN RING RD,YISHUN
610 YISHUN ST 61,610,YISHUN ST 61,YISHUN
458 YISHUN AVE 11,458,YISHUN AVE 11,YISHUN
865 YISHUN ST 81,865,YISHUN ST 81,YISHUN
612 YISHUN ST 61,612,YISHUN ST 61,YISHUN
367 YISHUN RING RD,367,YISHUN RING RD,YISHUN
343 YISHUN AVE 11,343,YISHUN AVE 11,YISHUN
130 YISHUN ST 11,130,YISHUN ST 11,YISHUN
783 YISHUN RING RD,783,YISHUN RING RD,YISHUN
867 YISHUN ST 81,867,YISHUN ST 81,YISHUN
148 YISHUN ST 11,148,YISHUN ST 11,YISHUN
306 YISHUN CTRL,306,YISHUN CTRL,YISHUN
752 YISHUN ST 72,752,YISHUN ST 72,YISHUN
603 YISHUN ST 61,603,YISHUN ST 61,YISHUN
647 YISHUN ST 61,647,YISHUN ST 61,YISHUN
840 YISHUN ST 81,840,YISHUN ST 81,YISHUN
804 YISHUN RING RD,804,YISHUN RING RD,YISHUN
310 YISHUN RING RD,310,YISHUN RING RD,YISHUN
876 YISHUN ST 81,876,YISHUN ST 81,YISHUN
154 YISHUN ST 11,154,YISHUN ST 11,YISHUN
364 YISHUN RING RD,364,YISHUN RING RD,YISHUN
355 YISHUN RING RD,355,YISHUN RING RD,YISHUN
325 YISHUN CTRL,325,YISHUN CTRL,YISHUN
824 YISHUN ST 81,824,YISHUN ST 81,YISHUN
611 ANG MO KIO AVE 5,611,ANG MO KIO AVE 5,ANG MO KIO
109 ANG MO KIO AVE 4,109,ANG MO KIO AVE 4,ANG MO KIO
172 ANG MO KIO AVE 4,172,ANG MO KIO AVE 4,ANG MO KIO
468 ANG MO KIO AVE 10,468,ANG MO KIO AVE 10,ANG MO KIO
610 ANG MO KIO AVE 4,610,ANG MO KIO AVE 4,ANG MO KIO
214 ANG MO KIO AVE 3,214,ANG MO KIO AVE 3,ANG MO KIO
635 ANG MO KIO AVE 6,635,ANG MO KIO AVE 6,ANG MO KIO
404 ANG MO KIO AVE 10,404,ANG MO KIO AVE 10,ANG MO KIO
201 ANG MO KIO AVE 3,201,ANG MO KIO AVE 3,ANG MO KIO
403 ANG MO KIO AVE 10,403,ANG MO KIO AVE 10,ANG MO KIO
585 ANG MO KIO AVE 3,585,ANG MO KIO AVE 3,ANG MO KIO
103 ANG MO KIO AVE 3,103,ANG MO KIO AVE 3,ANG MO KIO
728 ANG MO KIO AVE 6,728,ANG MO KIO AVE 6,ANG MO KIO
308A ANG MO KIO AVE 1,308A,ANG MO KIO AVE 1,ANG MO KIO
210 ANG MO KIO AVE 3,210,ANG MO KIO AVE 3,ANG MO KIO
473 ANG MO KIO AVE 10,473,ANG MO KIO AVE 10,ANG MO KIO
105 ANG MO KIO AVE 4,105,ANG MO KIO AVE 4,ANG MO KIO
229 ANG MO KIO AVE 3,229,ANG MO KIO AVE 3,ANG MO KIO
572 ANG MO KIO AVE 3,572,ANG MO KIO AVE 3,ANG MO KIO
350 ANG MO KIO ST 32,350,ANG MO KIO ST 32,ANG MO KIO
620 ANG MO KIO AVE 9,620,ANG MO KIO AVE 9,ANG MO KIO
519 BEDOK NTH AVE 1,519,BEDOK NTH AVE 1,BEDOK
115 BEDOK NTH RD,115,BEDOK NTH RD,BEDOK
522 BEDOK NTH AVE 1,522,BEDOK NTH AVE 1,BEDOK
619 BEDOK RESERVOIR RD,619,BEDOK RESERVOIR RD,BEDOK
542 BEDOK NTH ST 3,542,BEDOK NTH ST 3,BEDOK
742 BEDOK RESERVOIR RD,742,BEDOK RESERVOIR RD,BEDOK
103 BEDOK NTH AVE 4,103,BEDOK NTH AVE 4,BEDOK
128 BEDOK NTH ST 2,128,BEDOK NTH ST 2,BEDOK
22 BEDOK STH AVE 1,22,BEDOK STH AVE 1,BEDOK
24 NEW UPP CHANGI RD,24,NEW UPP CHANGI RD,BEDOK
36 BEDOK STH AVE 2,36,BEDOK STH AVE 2,BEDOK
631 BEDOK RESERVOIR RD,631,BEDOK RESERVOIR RD,BEDOK
547 BEDOK NTH ST 3,547,BEDOK NTH ST 3,BEDOK
93 BEDOK NTH AVE 4,93,BEDOK NTH AVE 4,BEDOK
119 BEDOK NTH RD,119,BEDOK NTH RD,BEDOK
403 BEDOK NTH AVE 3,403,BEDOK NTH AVE 3,BEDOK
513 BEDOK NTH AVE 2,513,BEDOK NTH AVE 2,BEDOK
108 BEDOK RESERVOIR RD,108,BEDOK RESERVOIR RD,BEDOK
523 BEDOK NTH ST 3,523,BEDOK NTH ST 3,BEDOK
532 BEDOK NTH ST 3,532,BEDOK NTH ST 3,BEDOK
517 BEDOK NTH AVE 2,517,BEDOK NTH AVE 2,BEDOK
132 BEDOK NTH ST 2,132,BEDOK NTH ST 2,BEDOK
164 BEDOK STH RD,164,BEDOK STH RD,BEDOK
157 BEDOK STH AVE 3,157,BEDOK STH AVE 3,BEDOK
611 BEDOK RESERVOIR RD,611,BEDOK RESERVOIR RD,BEDOK
612 BEDOK RESERVOIR RD,612,BEDOK RESERVOIR RD,BEDOK
710 BEDOK RESERVOIR RD,710,BEDOK RESERVOIR RD,BEDOK
649 JLN TENAGA,649,JLN TENAGA,BEDOK
94E BEDOK NTH AVE 4,94E,BEDOK NTH AVE 4,BEDOK
96 BEDOK NTH AVE 4,96,BEDOK NTH AVE 4,BEDOK
629 BEDOK RESERVOIR RD,629,BEDOK RESERVOIR RD,BEDOK
413 BEDOK NTH AVE 2,413,BEDOK NTH AVE 2,BEDOK
114 BEDOK RESERVOIR RD,114,BEDOK RESERVOIR RD,BEDOK
643 BEDOK RESERVOIR RD,643,BEDOK RESERVOIR RD,BEDOK
104 LENGKONG TIGA,104,LENGKONG TIGA,BEDOK
151 BISHAN ST 11,151,BISHAN ST 11,BISHAN
133 BISHAN ST 12,133,BISHAN ST 12,BISHAN
150 BISHAN ST 11,150,BISHAN ST 11,BISHAN
145 BISHAN ST 11,145,BISHAN ST 11,BISHAN
127 BISHAN ST 12,127,BISHAN ST 12,BISHAN
138 BISHAN ST 12,138,BISHAN ST 12,BISHAN
307 SHUNFU RD,307,SHUNFU RD,BISHAN
197 BISHAN ST 13,197,BISHAN ST 13,BISHAN
203 BISHAN ST 23,203,BISHAN ST 23,BISHAN
124 BISHAN ST 12,124,BISHAN ST 12,BISHAN
163 BISHAN ST 13,163,BISHAN ST 13,BISHAN
126 BISHAN ST 12,126,BISHAN ST 12,BISHAN
216 BISHAN ST 23,216,BISHAN ST 23,BISHAN
206 BISHAN ST 23,206,BISHAN ST 23,BISHAN
103 BISHAN ST 12,103,BISHAN ST 12,BISHAN
312 SHUNFU RD,312,SHUNFU RD,BISHAN
239 BISHAN ST 22,239,BISHAN ST 22,BISHAN
261 BISHAN ST 22,261,BISHAN ST 22,BISHAN
201 BISHAN ST 23,201,BISHAN ST 23,BISHAN
506 BT BATOK ST 52,506,BT BATOK ST 52,BUKIT BATOK
251 BT BATOK EAST AVE 5,251,BT BATOK EAST AVE 5,BUKIT BATOK
249 BT BATOK EAST AVE 5,249,BT BATOK EAST AVE 5,BUKIT BATOK
534 BT BATOK ST 51,534,BT BATOK ST 51,BUKIT BATOK
407 BT BATOK WEST AVE 4,407,BT BATOK WEST AVE 4,BUKIT BATOK
135 BT BATOK WEST AVE 6,135,BT BATOK WEST AVE 6,BUKIT BATOK
306 BT BATOK ST 31,306,BT BATOK ST 31,BUKIT BATOK
312 BT BATOK ST 32,312,BT BATOK ST 32,BUKIT BATOK
157 BT BATOK ST 11,157,BT BATOK ST 11,BUKIT BATOK
507 BT BATOK ST 52,507,BT BATOK ST 52,BUKIT BATOK
339 BT BATOK ST 34,339,BT BATOK ST 34,BUKIT BATOK
348 BT BATOK ST 34,348,BT BATOK ST 34,BUKIT BATOK
305 BT BATOK ST 31,305,BT BATOK ST 31,BUKIT BATOK
414 BT BATOK WEST AVE 4,414,BT BATOK WEST AVE 4,BUKIT BATOK
343 BT BATOK ST 34,343,BT BATOK ST 34,BUKIT BATOK
165 BT BATOK WEST AVE 8,165,BT BATOK WEST AVE 8,BUKIT BATOK
304 BT BATOK ST 31,304,BT BATOK ST 31,BUKIT BATOK
104 BT BATOK CTRL,104,BT BATOK CTRL,BUKIT BATOK
426 BT BATOK WEST AVE 2,426,BT BATOK WEST AVE 2,BUKIT BATOK
288B BT BATOK ST 25,288B,BT BATOK ST 25,BUKIT BATOK
170 BT BATOK WEST AVE 8,170,BT BATOK WEST AVE 8,BUKIT BATOK
622 BT BATOK CTRL,622,BT BATOK CTRL,BUKIT BATOK
354 BT BATOK ST 31,354,BT BATOK ST 31,BUKIT BATOK
524 BT BATOK ST 52,524,BT BATOK ST 52,BUKIT BATOK
299 BT BATOK ST 22,299,BT BATOK ST 22,BUKIT BATOK
288G BT BATOK ST 25,288G,BT BATOK ST 25,BUKIT BATOK
16 TELOK BLANGAH CRES,16,TELOK BLANGAH CRES,BUKIT MERAH
12 TAMAN HO SWEE,12,TAMAN HO SWEE,BUKIT MERAH
12 TELOK BLANGAH CRES,12,TELOK BLANGAH CRES,BUKIT MERAH
146 JLN BT MERAH,146,JLN BT MERAH,BUKIT MERAH
104 BT PURMEI RD,104,BT PURMEI RD,BUKIT MERAH
18 TAMAN HO SWEE,18,TAMAN HO SWEE,BUKIT MERAH
112 BT PURMEI RD,112,BT PURMEI RD,BUKIT MERAH
4 EVERTON PK,4,EVERTON PK,BUKIT MERAH
127C KIM TIAN RD,127C,KIM TIAN RD,BUKIT MERAH
38 KIM PONG RD,38,KIM PONG RD,BUKIT MERAH
34 KIM CHENG ST,34,KIM CHENG ST,BUKIT MERAH
103 HENDERSON CRES,103,HENDERSON CRES,BUKIT MERAH
52 LENGKOK BAHRU,52,LENGKOK BAHRU,BUKIT MERAH
14A TELOK BLANGAH CRES,14A,TELOK BLANGAH CRES,BUKIT MERAH
103A DEPOT RD,103A,DEPOT RD,BUKIT MERAH
118D JLN MEMBINA,118D,JLN MEMBINA,BUKIT MERAH
126A KIM TIAN RD,126A,KIM TIAN RD,BUKIT MERAH
124A BT MERAH VIEW,124A,BT MERAH VIEW,BUKIT MERAH
73A REDHILL RD,73A,REDHILL RD,BUKIT MERAH
74A REDHILL RD,74A,REDHILL RD,BUKIT MERAH
76A REDHILL RD,76A,REDHILL RD,BUKIT MERAH
72 TELOK BLANGAH HTS,72,TELOK BLANGAH HTS,BUKIT MERAH
106 SPOTTISWOODE PK RD,106,SPOTTISWOODE PK RD,BUKIT MERAH
87 TELOK BLANGAH HTS,87,TELOK BLANGAH HTS,BUKIT MERAH
86 TELOK BLANGAH HTS,86,TELOK BLANGAH HTS,BUKIT MERAH
125 KIM TIAN RD,125,KIM TIAN RD,BUKIT MERAH
75C REDHILL RD,75C,REDHILL RD,BUKIT MERAH
49 TELOK BLANGAH DR,49,TELOK BLANGAH DR,BUKIT MERAH
19 CANTONMENT CL,19,CANTONMENT CL,BUKIT MERAH
120 KIM TIAN PL,120,KIM TIAN PL,BUKIT MERAH
121 KIM TIAN PL,121,KIM TIAN PL,BUKIT MERAH
63B LENGKOK BAHRU,63B,LENGKOK BAHRU,BUKIT MERAH
227 PENDING RD,227,PENDING RD,BUKIT PANJANG
205 PETIR RD,205,PETIR RD,BUKIT PANJANG
226 PENDING RD,226,PENDING RD,BUKIT PANJANG
409 SAUJANA RD,409,SAUJANA RD,BUKIT PANJANG
472 SEGAR RD,472,SEGAR RD,BUKIT PANJANG
208 PETIR RD,208,PETIR RD,BUKIT PANJANG
609 BT PANJANG RING RD,609,BT PANJANG RING RD,BUKIT PANJANG
421 FAJAR RD,421,FAJAR RD,BUKIT PANJANG
436 FAJAR RD,436,FAJAR RD,BUKIT PANJANG
502 JELAPANG RD,502,JELAPANG RD,BUKIT PANJANG
415 SAUJANA RD,415,SAUJANA RD,BUKIT PANJANG
171 GANGSA RD,171,GANGSA RD,BUKIT PANJANG
185 JELEBU RD,185,JELEBU RD,BUKIT PANJANG
182 JELEBU RD,182,JELEBU RD,BUKIT PANJANG
603 SENJA RD,603,SENJA RD,BUKIT PANJANG
452 FAJAR RD,452,FAJAR RD,BUKIT PANJANG
465 SEGAR RD,465,SEGAR RD,BUKIT PANJANG
201 PETIR RD,201,PETIR RD,BUKIT PANJANG
273 BANGKIT RD,273,BANGKIT RD,BUKIT PANJANG
515 JELAPANG RD,515,JELAPANG RD,BUKIT PANJANG
627 SENJA RD,627,SENJA RD,BUKIT PANJANG
617 BT PANJANG RING RD,617,BT PANJANG RING RD,BUKIT PANJANG
133A CASHEW RD,133A,CASHEW RD,BUKIT PANJANG
155 GANGSA RD,155,GANGSA RD,BUKIT PANJANG
503 JELAPANG RD,503,JELAPANG RD,BUKIT PANJANG
12 TOH YI DR,12,TOH YI DR,BUKIT TIMAH
1 QUEEN'S RD,1,QUEEN'S RD,BUKIT TIMAH
2 TOH YI DR,2,TOH YI DR,BUKIT TIMAH
635 VEERASAMY RD,635,VEERASAMY RD,CENTRAL AREA
637 VEERASAMY RD,637,VEERASAMY RD,CENTRAL AREA
661 BUFFALO RD,661,BUFFALO RD,CENTRAL AREA
233 BAIN ST,233,BAIN ST,CENTRAL AREA
8 TG PAGAR PLAZA,8,TG PAGAR PLAZA,CENTRAL AREA
16 TECK WHYE LANE,16,TECK WHYE LANE,CHOA CHU KANG
252 CHOA CHU KANG AVE 2,252,CHOA CHU KANG AVE 2,CHOA CHU KANG
660 CHOA CHU KANG CRES,660,CHOA CHU KANG CRES,CHOA CHU KANG
690D CHOA CHU KANG CRES,690D,CHOA CHU KANG CRES,CHOA CHU KANG
296 CHOA CHU KANG AVE 2,296,CHOA CHU KANG AVE 2,CHOA CHU KANG
484B CHOA CHU KANG AVE 5,484B,CHOA CHU KANG AVE 5,CHOA CHU KANG
234 CHOA CHU KANG CTRL,234,CHOA CHU KANG CTRL,CHOA CHU KANG
410 CHOA CHU KANG AVE 3,410,CHOA CHU KANG AVE 3,CHOA CHU KANG
685A CHOA CHU KANG CRES,685A,CHOA CHU KANG CRES,CHOA CHU KANG
413 CHOA CHU KANG AVE 3,413,CHOA CHU KANG AVE 3,CHOA CHU KANG
158 JLN TECK WHYE,158,JLN TECK WHYE,CHOA CHU KANG
212 CHOA CHU KANG CTRL,212,CHOA CHU KANG CTRL,CHOA CHU KANG
607 CHOA CHU KANG ST 62,607,CHOA CHU KANG ST 62,CHOA CHU KANG
636 CHOA CHU KANG NTH 6,636,CHOA CHU KANG NTH 6,CHOA CHU KANG
688B CHOA CHU KANG DR,688B,CHOA CHU KANG DR,CHOA CHU KANG
13 TECK WHYE LANE,13,TECK WHYE LANE,CHOA CHU KANG
296C CHOA CHU KANG AVE 2,296C,CHOA CHU KANG AVE 2,CHOA CHU KANG
687D CHOA CHU KANG DR,687D,CHOA CHU KANG DR,CHOA CHU KANG
614 CHOA CHU KANG ST 62,614,CHOA CHU KANG ST 62,CHOA CHU KANG
510 CHOA CHU KANG ST 51,510,CHOA CHU KANG ST 51,CHOA CHU KANG
162 JLN TECK WHYE,162,JLN TECK WHYE,CHOA CHU KANG
669 CHOA CHU KANG CRES,669,CHOA CHU KANG CRES,CHOA CHU KANG
665 CHOA CHU KANG CRES,665,CHOA CHU KANG CRES,CHOA CHU KANG
546 CHOA CHU KANG ST 52,546,CHOA CHU KANG ST 52,CHOA CHU KANG
785 CHOA CHU KANG DR,785,CHOA CHU KANG DR,CHOA CHU KANG
786 CHOA CHU KANG DR,786,CHOA CHU KANG DR,CHOA CHU KANG
638 CHOA CHU KANG ST 64,638,CHOA CHU KANG ST 64,CHOA CHU KANG
561 CHOA CHU KANG NTH 6,561,CHOA CHU KANG NTH 6,CHOA CHU KANG
555 CHOA CHU KANG NTH 6,555,CHOA CHU KANG NTH 6,CHOA CHU KANG
714 CLEMENTI WEST ST 2,714,CLEMENTI WEST ST 2,CLEMENTI
509 WEST COAST DR,509,WEST COAST DR,CLEMENTI
612 CLEMENTI WEST ST 1,612,CLEMENTI WEST ST 1,CLEMENTI
376 CLEMENTI AVE 4,376,CLEMENTI AVE 4,CLEMENTI
105 CLEMENTI ST 12,105,CLEMENTI ST 12,CLEMENTI
330 CLEMENTI AVE 2,330,CLEMENTI AVE 2,CLEMENTI
712 CLEMENTI WEST ST 2,712,CLEMENTI WEST ST 2,CLEMENTI
373 CLEMENTI AVE 4,373,CLEMENTI AVE 4,CLEMENTI
301 CLEMENTI AVE 4,301,CLEMENTI AVE 4,CLEMENTI
460 CLEMENTI AVE 3,460,CLEMENTI AVE 3,CLEMENTI
457 CLEMENTI AVE 3,457,CLEMENTI AVE 3,CLEMENTI
425 CLEMENTI AVE 1,425,CLEMENTI AVE 1,CLEMENTI
441B CLEMENTI AVE 3,441B,CLEMENTI AVE 3,CLEMENTI
204 CLEMENTI AVE 6,204,CLEMENTI AVE 6,CLEMENTI
338 CLEMENTI AVE 2,338,CLEMENTI AVE 2,CLEMENTI
109 ALJUNIED CRES,109,ALJUNIED CRES,GEYLANG
93 PAYA LEBAR WAY,93,PAYA LEBAR WAY,GEYLANG
23 BALAM RD,23,BALAM RD,GEYLANG
69 CIRCUIT RD,69,CIRCUIT RD,GEYLANG
18 EUNOS CRES,18,EUNOS CRES,GEYLANG
83 MACPHERSON LANE,83,MACPHERSON LANE,GEYLANG
52 CIRCUIT RD,52,CIRCUIT RD,GEYLANG
64 CIRCUIT RD,64,CIRCUIT RD,GEYLANG
61 CIRCUIT RD,61,CIRCUIT RD,GEYLANG
12 PINE CL,12,PINE CL,GEYLANG
339 UBI AVE 1,339,UBI AVE 1,GEYLANG
11 EUNOS CRES,11,EUNOS CRES,GEYLANG
49 JLN TIGA,49,JLN TIGA,GEYLANG
330 UBI AVE 1,330,UBI AVE 1,GEYLANG
22 EUNOS CRES,22,EUNOS CRES,GEYLANG
120 PAYA LEBAR WAY,120,PAYA LEBAR WAY,GEYLANG
123 GEYLANG EAST CTRL,123,GEYLANG EAST CTRL,GEYLANG
9 PINE CL,9,PINE CL,GEYLANG
60 DAKOTA CRES,60,DAKOTA CRES,GEYLANG
626 HOUGANG AVE 8,626,HOUGANG AVE 8,HOUGANG
244 HOUGANG ST 22,244,HOUGANG ST 22,HOUGANG
126 HOUGANG AVE 1,126,HOUGANG AVE 1,HOUGANG
620 HOUGANG AVE 8,620,HOUGANG AVE 8,HOUGANG
631 HOUGANG AVE 8,631,HOUGANG AVE 8,HOUGANG
304 HOUGANG AVE 5,304,HOUGANG AVE 5,HOUGANG
524 HOUGANG AVE 6,524,HOUGANG AVE 6,HOUGANG
703 HOUGANG AVE 2,703,HOUGANG AVE 2,HOUGANG
115 HOUGANG AVE 1,115,HOUGANG AVE 1,HOUGANG
15 HOUGANG AVE 3,15,HOUGANG AVE 3,HOUGANG
605 HOUGANG AVE 4,605,HOUGANG AVE 4,HOUGANG
552 HOUGANG ST 51,552,HOUGANG ST 51,HOUGANG
706 HOUGANG AVE 2,706,HOUGANG AVE 2,HOUGANG
515 HOUGANG AVE 10,515,HOUGANG AVE 10,HOUGANG
968 HOUGANG AVE 9,968,HOUGANG AVE 9,HOUGANG
354 HOUGANG AVE 7,354,HOUGANG AVE 7,HOUGANG
109 HOUGANG AVE 1,109,HOUGANG AVE 1,HOUGANG
352 HOUGANG AVE 7,352,HOUGANG AVE 7,HOUGANG
702 HOUGANG AVE 2,702,HOUGANG AVE 2,HOUGANG
927 HOUGANG ST 91,927,HOUGANG ST 91,HOUGANG
301 HOUGANG AVE 5,301,HOUGANG AVE 5,HOUGANG
574 HOUGANG ST 51,574,HOUGANG ST 51,HOUGANG
156 HOUGANG ST 11,156,HOUGANG ST 11,HOUGANG
506 HOUGANG AVE 8,506,HOUGANG AVE 8,HOUGANG
241 HOUGANG ST 22,241,HOUGANG ST 22,HOUGANG
548 HOUGANG ST 51,548,HOUGANG ST 51,HOUGANG
159 HOUGANG ST 11,159,HOUGANG ST 11,HOUGANG
544 HOUGANG AVE 8,544,HOUGANG AVE 8,HOUGANG
361 HOUGANG AVE 5,361,HOUGANG AVE 5,HOUGANG
962 HOUGANG AVE 9,962,HOUGANG AVE 9,HOUGANG
981C BUANGKOK CRES,981C,BUANGKOK CRES,HOUGANG
984B BUANGKOK LINK,984B,BUANGKOK LINK,HOUGANG
616 HOUGANG AVE 8,616,HOUGANG AVE 8,HOUGANG
432 HOUGANG AVE 6,432,HOUGANG AVE 6,HOUGANG
926 HOUGANG ST 91,926,HOUGANG ST 91,HOUGANG
502 HOUGANG AVE 8,502,HOUGANG AVE 8,HOUGANG
956 HOUGANG ST 91,956,HOUGANG ST 91,HOUGANG
957 HOUGANG ST 91,957,HOUGANG ST 91,HOUGANG
531 HOUGANG AVE 6,531,HOUGANG AVE 6,HOUGANG
641 HOUGANG AVE 8,641,HOUGANG AVE 8,HOUGANG
421 HOUGANG AVE 10,421,HOUGANG AVE 10,HOUGANG
830 HOUGANG CTRL,830,HOUGANG CTRL,HOUGANG
120 HOUGANG AVE 1,120,HOUGANG AVE 1,HOUGANG
539 HOUGANG ST 52,539,HOUGANG ST 52,HOUGANG
144 LOR AH SOO,144,LOR AH SOO,HOUGANG
446 HOUGANG AVE 8,446,HOUGANG AVE 8,HOUGANG
560 HOUGANG ST 51,560,HOUGANG ST 51,HOUGANG
428 HOUGANG AVE 6,428,HOUGANG AVE 6,HOUGANG
145 LOR AH SOO,145,LOR AH SOO,HOUGANG
850 HOUGANG CTRL,850,HOUGANG CTRL,HOUGANG
358 HOUGANG AVE 5,358,HOUGANG AVE 5,HOUGANG
834 HOUGANG CTRL,834,HOUGANG CTRL,HOUGANG
562 HOUGANG ST 51,562,HOUGANG ST 51,HOUGANG
33 TEBAN GDNS RD,33,TEBAN GDNS RD,JURONG EAST
35 TEBAN GDNS RD,35,TEBAN GDNS RD,JURONG EAST
202 JURONG EAST ST 21,202,JURONG EAST ST 21,JURONG EAST
229 JURONG EAST ST 21,229,JURONG EAST ST 21,JURONG EAST
341 JURONG EAST AVE 1,341,JURONG EAST AVE 1,JURONG EAST
110 JURONG EAST ST 13,110,JURONG EAST ST 13,JURONG EAST
24 TEBAN GDNS RD,24,TEBAN GDNS RD,JURONG EAST
302 JURONG EAST ST 32,302,JURONG EAST ST 32,JURONG EAST
315 JURONG EAST ST 32,315,JURONG EAST ST 32,JURONG EAST
204 JURONG EAST ST 21,204,JURONG EAST ST 21,JURONG EAST
286A TOH GUAN RD,286A,TOH GUAN RD,JURONG EAST
60 TEBAN GDNS RD,60,TEBAN GDNS RD,JURONG EAST
320 JURONG EAST ST 31,320,JURONG EAST ST 31,JURONG EAST
219A JURONG EAST ST 21,219A,JURONG EAST ST 21,JURONG EAST
281 TOH GUAN RD,281,TOH GUAN RD,JURONG EAST
337 JURONG EAST AVE 1,337,JURONG EAST AVE 1,JURONG EAST
213 BOON LAY PL,213,BOON LAY PL,JURONG WEST
215 BOON LAY PL,215,BOON LAY PL,JURONG WEST
121 YUAN CHING RD,121,YUAN CHING RD,JURONG WEST
485 JURONG WEST AVE 1,485,JURONG WEST AVE 1,JURONG WEST
917 JURONG WEST ST 91,917,JURONG WEST ST 91,JURONG WEST
504 JURONG WEST ST 51,504,JURONG WEST ST 51,JURONG WEST
474 JURONG WEST ST 41,474,JURONG WEST ST 41,JURONG WEST
516 JURONG WEST ST 52,516,JURONG WEST ST 52,JURONG WEST
271A JURONG WEST ST 24,271A,JURONG WEST ST 24,JURONG WEST
903 JURONG WEST ST 91,903,JURONG WEST ST 91,JURONG WEST
815 JURONG WEST ST 81,815,JURONG WEST ST 81,JURONG WEST
938 JURONG WEST ST 91,938,JURONG WEST ST 91,JURONG WEST
824 JURONG WEST ST 81,824,JURONG WEST ST 81,JURONG WEST
835 JURONG WEST ST 81,835,JURONG WEST ST 81,JURONG WEST
837 JURONG WEST ST 81,837,JURONG WEST ST 81,JURONG WEST
420 JURONG WEST ST 42,420,JURONG WEST ST 42,JURONG WEST
711 JURONG WEST ST 71,711,JURONG WEST ST 71,JURONG WEST
706 JURONG WEST ST 71,706,JURONG WEST ST 71,JURONG WEST
980 JURONG WEST ST 93,980,JURONG WEST ST 93,JURONG WEST
464 JURONG WEST ST 41,464,JURONG WEST ST 41,JURONG WEST
668B JURONG WEST ST 64,668B,JURONG WEST ST 64,JURONG WEST
415 JURONG WEST ST 42,415,JURONG WEST ST 42,JURONG WEST
655A JURONG WEST ST 61,655A,JURONG WEST ST 61,JURONG WEST
432 JURONG WEST ST 42,432,JURONG WEST ST 42,JURONG WEST
744 JURONG WEST ST 73,744,JURONG WEST ST 73,JURONG WEST
183 YUNG SHENG RD,183,YUNG SHENG RD,JURONG WEST
667D JURONG WEST ST 65,667D,JURONG WEST ST 65,JURONG WEST
632 JURONG WEST ST 65,632,JURONG WEST ST 65,JURONG WEST
990C JURONG WEST ST 93,990C,JURONG WEST ST 93,JURONG WEST
693 JURONG WEST CTRL 1,693,JURONG WEST CTRL 1,JURONG WEST
352 KANG CHING RD,352,KANG CHING RD,JURONG WEST
648C JURONG WEST ST 61,648C,JURONG WEST ST 61,JURONG WEST
447 JURONG WEST ST 42,447,JURONG WEST ST 42,JURONG WEST
262 BOON LAY DR,262,BOON LAY DR,JURONG WEST
351 CORPORATION DR,351,CORPORATION DR,JURONG WEST
987A JURONG WEST ST 93,987A,JURONG WEST ST 93,JURONG WEST
345 KANG CHING RD,345,KANG CHING RD,JURONG WEST
608 JURONG WEST ST 65,608,JURONG WEST ST 65,JURONG WEST
694 JURONG WEST CTRL 1,694,JURONG WEST CTRL 1,JURONG WEST
684B JURONG WEST ST 64,684B,JURONG WEST ST 64,JURONG WEST
275D JURONG WEST ST 25,275D,JURONG WEST ST 25,JURONG WEST
949 JURONG WEST ST 91,949,JURONG WEST ST 91,JURONG WEST
273A JURONG WEST AVE 3,273A,JURONG WEST AVE 3,JURONG WEST
268B BOON LAY DR,268B,BOON LAY DR,JURONG WEST
271C JURONG WEST ST 24,271C,JURONG WEST ST 24,JURONG WEST
204 BOON LAY DR,204,BOON LAY DR,JURONG WEST
811 JURONG WEST ST 81,811,JURONG WEST ST 81,JURONG WEST
677C JURONG WEST ST 64,677C,JURONG WEST ST 64,JURONG WEST
623 JURONG WEST ST 61,623,JURONG WEST ST 61,JURONG WEST
674A JURONG WEST ST 65,674A,JURONG WEST ST 65,JURONG WEST
670A JURONG WEST ST 65,670A,JURONG WEST ST 65,JURONG WEST
678D JURONG WEST ST 64,678D,JURONG WEST ST 64,JURONG WEST
677A JURONG WEST ST 64,677A,JURONG WEST ST 64,JURONG WEST
365 CORPORATION DR,365,CORPORATION DR,JURONG WEST
705 JURONG WEST ST 71,705,JURONG WEST ST 71,JURONG WEST
539 JURONG WEST AVE 1,539,JURONG WEST AVE 1,JURONG WEST
437 JURONG WEST AVE 1,437,JURONG WEST AVE 1,JURONG WEST
644 JURONG WEST ST 61,644,JURONG WEST ST 61,JURONG WEST
180 YUNG SHENG RD,180,YUNG SHENG RD,JURONG WEST
408 JURONG WEST ST 42,408,JURONG WEST ST 42,JURONG WEST
553 JURONG WEST ST 42,553,JURONG WEST ST 42,JURONG WEST
648A JURONG WEST ST 61,648A,JURONG WEST ST 61,JURONG WEST
660A JURONG WEST ST 64,660A,JURONG WEST ST 64,JURONG WEST
654B JURONG WEST ST 61,654B,JURONG WEST ST 61,JURONG WEST
604 JURONG WEST ST 62,604,JURONG WEST ST 62,JURONG WEST
263 BOON LAY DR,263,BOON LAY DR,JURONG WEST
989D JURONG WEST ST 93,989D,JURONG WEST ST 93,JURONG WEST
274B JURONG WEST ST 25,274B,JURONG WEST ST 25,JURONG WEST
601 JURONG WEST ST 62,601,JURONG WEST ST 62,JURONG WEST
410 JURONG WEST ST 42,410,JURONG WEST ST 42,JURONG WEST
828A JURONG WEST ST 81,828A,JURONG WEST ST 81,JURONG WEST
669C JURONG WEST ST 64,669C,JURONG WEST ST 64,JURONG WEST
160 YUNG PING RD,160,YUNG PING RD,JURONG WEST
606 JURONG WEST ST 65,606,JURONG WEST ST 65,JURONG WEST
666A JURONG WEST ST 65,666A,JURONG WEST ST 65,JURONG WEST
6 BEACH RD,6,BEACH RD,KALLANG/WHAMPOA
32 JLN BAHAGIA,32,JLN BAHAGIA,KALLANG/WHAMPOA
63 KALLANG BAHRU,63,KALLANG BAHRU,KALLANG/WHAMPOA
24 BENDEMEER RD,24,BENDEMEER RD,KALLANG/WHAMPOA
684 RACE COURSE RD,684,RACE COURSE RD,KALLANG/WHAMPOA
12 UPP BOON KENG RD,12,UPP BOON KENG RD,KALLANG/WHAMPOA
65 KALLANG BAHRU,65,KALLANG BAHRU,KALLANG/WHAMPOA
20 ST. GEORGE'S RD,20,ST. GEORGE'S RD,KALLANG/WHAMPOA
801 FRENCH RD,801,FRENCH RD,KALLANG/WHAMPOA
10 GLOUCESTER RD,10,GLOUCESTER RD,KALLANG/WHAMPOA
14 KG ARANG RD,14,KG ARANG RD,KALLANG/WHAMPOA
59 JLN MA'MOR,59,JLN MA'MOR,KALLANG/WHAMPOA
30 JLN BAHAGIA,30,JLN BAHAGIA,KALLANG/WHAMPOA
9 GLOUCESTER RD,9,GLOUCESTER RD,KALLANG/WHAMPOA
121 MCNAIR RD,121,MCNAIR RD,KALLANG/WHAMPOA
466 CRAWFORD LANE,466,CRAWFORD LANE,KALLANG/WHAMPOA
69 MOULMEIN RD,69,MOULMEIN RD,KALLANG/WHAMPOA
52 KENT RD,52,KENT RD,KALLANG/WHAMPOA
59C GEYLANG BAHRU,59C,GEYLANG BAHRU,KALLANG/WHAMPOA
37 CAMBRIDGE RD,37,CAMBRIDGE RD,KALLANG/WHAMPOA
39 CAMBRIDGE RD,39,CAMBRIDGE RD,KALLANG/WHAMPOA
53 GEYLANG BAHRU,53,GEYLANG BAHRU,KALLANG/WHAMPOA
113 WHAMPOA RD,113,WHAMPOA RD,KALLANG/WHAMPOA
13 ST. GEORGE'S RD,13,ST. GEORGE'S RD,KALLANG/WHAMPOA
104 WHAMPOA DR,104,WHAMPOA DR,KALLANG/WHAMPOA
103 AH HOOD RD,103,AH HOOD RD,KALLANG/WHAMPOA
58 MARINE TER,58,MARINE TER,MARINE PARADE
75 MARINE DR,75,MARINE DR,MARINE PARADE
1 MARINE TER,1,MARINE TER,MARINE PARADE
107 PASIR RIS ST 12,107,PASIR RIS ST 12,PASIR RIS
765 PASIR RIS ST 71,765,PASIR RIS ST 71,PASIR RIS
559 PASIR RIS ST 51,559,PASIR RIS ST 51,PASIR RIS
767 PASIR RIS ST 71,767,PASIR RIS ST 71,PASIR RIS
641 PASIR RIS DR 1,641,PASIR RIS DR 1,PASIR RIS
429 PASIR RIS DR 6,429,PASIR RIS DR 6,PASIR RIS
627 PASIR RIS DR 3,627,PASIR RIS DR 3,PASIR RIS
775 PASIR RIS ST 71,775,PASIR RIS ST 71,PASIR RIS
626 PASIR RIS DR 3,626,PASIR RIS DR 3,PASIR RIS
521 PASIR RIS ST 52,521,PASIR RIS ST 52,PASIR RIS
216 PASIR RIS ST 21,216,PASIR RIS ST 21,PASIR RIS
440 PASIR RIS DR 4,440,PASIR RIS DR 4,PASIR RIS
414 PASIR RIS DR 6,414,PASIR RIS DR 6,PASIR RIS
640 PASIR RIS DR 1,640,PASIR RIS DR 1,PASIR RIS
725 PASIR RIS ST 72,725,PASIR RIS ST 72,PASIR RIS
234 PASIR RIS DR 4,234,PASIR RIS DR 4,PASIR RIS
568 PASIR RIS ST 51,568,PASIR RIS ST 51,PASIR RIS
709 PASIR RIS DR 10,709,PASIR RIS DR 10,PASIR RIS
487 PASIR RIS DR 4,487,PASIR RIS DR 4,PASIR RIS
752 PASIR RIS ST 71,752,PASIR RIS ST 71,PASIR RIS
745 PASIR RIS ST 71,745,PASIR RIS ST 71,PASIR RIS
407 PASIR RIS DR 6,407,PASIR RIS DR 6,PASIR RIS
194 PASIR RIS ST 12,194,PASIR RIS ST 12,PASIR RIS
576 PASIR RIS ST 53,576,PASIR RIS ST 53,PASIR RIS
248 PASIR RIS ST 21,248,PASIR RIS ST 21,PASIR RIS
240 PASIR RIS ST 21,240,PASIR RIS ST 21,PASIR RIS
210 PASIR RIS ST 21,210,PASIR RIS ST 21,PASIR RIS
241 PASIR RIS ST 21,241,PASIR RIS ST 21,PASIR RIS
247 PASIR RIS ST 21,247,PASIR RIS ST 21,PASIR RIS
157 PASIR RIS ST 13,157,PASIR RIS ST 13,PASIR RIS
204 PASIR RIS ST 21,204,PASIR RIS ST 21,PASIR RIS
538 PASIR RIS ST 51,538,PASIR RIS ST 51,PASIR RIS
715 PASIR RIS ST 72,715,PASIR RIS ST 72,PASIR RIS
547 PASIR RIS ST 51,547,PASIR RIS ST 51,PASIR RIS
165A PUNGGOL CTRL,165A,PUNGGOL CTRL,PUNGGOL
105C EDGEFIELD PLAINS,105C,EDGEFIELD PLAINS,PUNGGOL
201D PUNGGOL FIELD,201D,PUNGGOL FIELD,PUNGGOL
114 EDGEFIELD PLAINS,114,EDGEFIELD PLAINS,PUNGGOL
306A PUNGGOL PL,306A,PUNGGOL PL,PUNGGOL
269A PUNGGOL FIELD,269A,PUNGGOL FIELD,PUNGGOL
273A PUNGGOL PL,273A,PUNGGOL PL,PUNGGOL
135 EDGEDALE PLAINS,135,EDGEDALE PLAINS,PUNGGOL
126B EDGEDALE PLAINS,126B,EDGEDALE PLAINS,PUNGGOL
183 EDGEFIELD PLAINS,183,EDGEFIELD PLAINS,PUNGGOL
107A EDGEFIELD PLAINS,107A,EDGEFIELD PLAINS,PUNGGOL
165B PUNGGOL CTRL,165B,PUNGGOL CTRL,PUNGGOL
105D EDGEFIELD PLAINS,105D,EDGEFIELD PLAINS,PUNGGOL
178 EDGEFIELD PLAINS,178,EDGEFIELD PLAINS,PUNGGOL
193 EDGEFIELD PLAINS,193,EDGEFIELD PLAINS,PUNGGOL
651 PUNGGOL CTRL,651,PUNGGOL CTRL,PUNGGOL
274B PUNGGOL PL,274B,PUNGGOL PL,PUNGGOL
191 PUNGGOL CTRL,191,PUNGGOL CTRL,PUNGGOL
113 C'WEALTH CRES,113,C'WEALTH CRES,QUEENSTOWN
3 DOVER RD,3,DOVER RD,QUEENSTOWN
31 HOLLAND CL,31,HOLLAND CL,QUEENSTOWN
13 HOLLAND DR,13,HOLLAND DR,QUEENSTOWN
9 HOLLAND AVE,9,HOLLAND AVE,QUEENSTOWN
53 STIRLING RD,53,STIRLING RD,QUEENSTOWN
10 HOLLAND AVE,10,HOLLAND AVE,QUEENSTOWN
15 GHIM MOH RD,15,GHIM MOH RD,QUEENSTOWN
56 STRATHMORE AVE,56,STRATHMORE AVE,QUEENSTOWN
181 STIRLING RD,181,STIRLING RD,QUEENSTOWN
182 STIRLING RD,182,STIRLING RD,QUEENSTOWN
61A STRATHMORE AVE,61A,STRATHMORE AVE,QUEENSTOWN
49 STRATHMORE AVE,49,STRATHMORE AVE,QUEENSTOWN
62A STRATHMORE AVE,62A,STRATHMORE AVE,QUEENSTOWN
478 SEMBAWANG DR,478,SEMBAWANG DR,SEMBAWANG
507B WELLINGTON CIRCLE,507B,WELLINGTON CIRCLE,SEMBAWANG
314 SEMBAWANG DR,314,SEMBAWANG DR,SEMBAWANG
315 SEMBAWANG VISTA,315,SEMBAWANG VISTA,SEMBAWANG
350B CANBERRA RD,350B,CANBERRA RD,SEMBAWANG
339B SEMBAWANG CL,339B,SEMBAWANG CL,SEMBAWANG
320 SEMBAWANG CL,320,SEMBAWANG CL,SEMBAWANG
317 SEMBAWANG VISTA,317,SEMBAWANG VISTA,SEMBAWANG
402 ADMIRALTY LINK,402,ADMIRALTY LINK,SEMBAWANG
409 SEMBAWANG DR,409,SEMBAWANG DR,SEMBAWANG
411 SEMBAWANG DR,411,SEMBAWANG DR,SEMBAWANG
491 ADMIRALTY LINK,491,ADMIRALTY LINK,SEMBAWANG
330 SEMBAWANG CL,330,SEMBAWANG CL,SEMBAWANG
325 SEMBAWANG CRES,325,SEMBAWANG CRES,SEMBAWANG
589B MONTREAL DR,589B,MONTREAL DR,SEMBAWANG
471 SEMBAWANG DR,471,SEMBAWANG DR,SEMBAWANG
501D WELLINGTON CIRCLE,501D,WELLINGTON CIRCLE,SEMBAWANG
507D WELLINGTON CIRCLE,507D,WELLINGTON CIRCLE,SEMBAWANG
310 CANBERRA RD,310,CANBERRA RD,SEMBAWANG
441D FERNVALE RD,441D,FERNVALE RD,SENGKANG
306C ANCHORVALE LINK,306C,ANCHORVALE LINK,SENGKANG
146 RIVERVALE DR,146,RIVERVALE DR,SENGKANG
314A ANCHORVALE LINK,314A,ANCHORVALE LINK,SENGKANG
132 RIVERVALE ST,132,RIVERVALE ST,SENGKANG
122 SENGKANG EAST WAY,122,SENGKANG EAST WAY,SENGKANG
120A RIVERVALE DR,120A,RIVERVALE DR,SENGKANG
114 RIVERVALE WALK,114,RIVERVALE WALK,SENGKANG
116C RIVERVALE DR,116C,RIVERVALE DR,SENGKANG
268A COMPASSVALE LINK,268A,COMPASSVALE LINK,SENGKANG
271B SENGKANG CTRL,271B,SENGKANG CTRL,SENGKANG
275A COMPASSVALE LINK,275A,COMPASSVALE LINK,SENGKANG
292A COMPASSVALE ST,292A,COMPASSVALE ST,SENGKANG
122D RIVERVALE DR,122D,RIVERVALE DR,SENGKANG
158D RIVERVALE CRES,158D,RIVERVALE CRES,SENGKANG
121D SENGKANG EAST WAY,121D,SENGKANG EAST WAY,SENGKANG
157A RIVERVALE CRES,157A,RIVERVALE CRES,SENGKANG
121C SENGKANG EAST WAY,121C,SENGKANG EAST WAY,SENGKANG
119B RIVERVALE DR,119B,RIVERVALE DR,SENGKANG
301A ANCHORVALE DR,301A,ANCHORVALE DR,SENGKANG
291A COMPASSVALE ST,291A,COMPASSVALE ST,SENGKANG
301B ANCHORVALE DR,301B,ANCHORVALE DR,SENGKANG
319C ANCHORVALE DR,319C,ANCHORVALE DR,SENGKANG
190A RIVERVALE DR,190A,RIVERVALE DR,SENGKANG
306A ANCHORVALE LINK,306A,ANCHORVALE LINK,SENGKANG
412B FERNVALE LINK,412B,FERNVALE LINK,SENGKANG
237 COMPASSVALE WALK,237,COMPASSVALE WALK,SENGKANG
413A FERNVALE LINK,413A,FERNVALE LINK,SENGKANG
409B FERNVALE RD,409B,FERNVALE RD,SENGKANG
407B FERNVALE RD,407B,FERNVALE RD,SENGKANG
260A SENGKANG EAST WAY,260A,SENGKANG EAST WAY,SENGKANG
232 COMPASSVALE WALK,232,COMPASSVALE WALK,SENGKANG
268D COMPASSVALE LINK,268D,COMPASSVALE LINK,SENGKANG
312B ANCHORVALE LANE,312B,ANCHORVALE LANE,SENGKANG
250C COMPASSVALE ST,250C,COMPASSVALE ST,SENGKANG
122C SENGKANG EAST WAY,122C,SENGKANG EAST WAY,SENGKANG
313D ANCHORVALE RD,313D,ANCHORVALE RD,SENGKANG
138 RIVERVALE ST,138,RIVERVALE ST,SENGKANG
530 SERANGOON NTH AVE 4,530,SERANGOON NTH AVE 4,SERANGOON
518 SERANGOON NTH AVE 4,518,SERANGOON NTH AVE 4,SERANGOON
111 SERANGOON NTH AVE 1,111,SERANGOON NTH AVE 1,SERANGOON
538 SERANGOON NTH AVE 4,538,SERANGOON NTH AVE 4,SERANGOON
141 SERANGOON NTH AVE 2,141,SERANGOON NTH AVE 2,SERANGOON
521 SERANGOON NTH AVE 4,521,SERANGOON NTH AVE 4,SERANGOON
208 SERANGOON CTRL,208,SERANGOON CTRL,SERANGOON
325 SERANGOON AVE 3,325,SERANGOON AVE 3,SERANGOON
409 SERANGOON CTRL,409,SERANGOON CTRL,SERANGOON
549 SERANGOON NTH AVE 3,549,SERANGOON NTH AVE 3,SERANGOON
532 SERANGOON NTH AVE 4,532,SERANGOON NTH AVE 4,SERANGOON
411 SERANGOON CTRL,411,SERANGOON CTRL,SERANGOON
329 SERANGOON AVE 3,329,SERANGOON AVE 3,SERANGOON
416 SERANGOON CTRL,416,SERANGOON CTRL,SERANGOON
851 TAMPINES ST 83,851,TAMPINES ST 83,TAMPINES
405 TAMPINES ST 41,405,TAMPINES ST 41,TAMPINES
217 TAMPINES ST 23,217,TAMPINES ST 23,TAMPINES
252 TAMPINES ST 21,252,TAMPINES ST 21,TAMPINES
111 TAMPINES ST 11,111,TAMPINES ST 11,TAMPINES
847 TAMPINES ST 83,847,TAMPINES ST 83,TAMPINES
280 TAMPINES ST 22,280,TAMPINES ST 22,TAMPINES
898 TAMPINES ST 81,898,TAMPINES ST 81,TAMPINES
251 TAMPINES ST 21,251,TAMPINES ST 21,TAMPINES
853 TAMPINES ST 83,853,TAMPINES ST 83,TAMPINES
915 TAMPINES ST 91,915,TAMPINES ST 91,TAMPINES
145 TAMPINES ST 12,145,TAMPINES ST 12,TAMPINES
269 TAMPINES ST 21,269,TAMPINES ST 21,TAMPINES
235 TAMPINES ST 21,235,TAMPINES ST 21,TAMPINES
453 TAMPINES ST 42,453,TAMPINES ST 42,TAMPINES
346 TAMPINES ST 33,346,TAMPINES ST 33,TAMPINES
126 SIMEI ST 1,126,SIMEI ST 1,TAMPINES
487A TAMPINES AVE 9,487A,TAMPINES AVE 9,TAMPINES
374 TAMPINES ST 34,374,TAMPINES ST 34,TAMPINES
908 TAMPINES AVE 4,908,TAMPINES AVE 4,TAMPINES
450E TAMPINES ST 42,450E,TAMPINES ST 42,TAMPINES
444 TAMPINES ST 42,444,TAMPINES ST 42,TAMPINES
450C TAMPINES ST 42,450C,TAMPINES ST 42,TAMPINES
242 SIMEI ST 5,242,SIMEI ST 5,TAMPINES
503 TAMPINES CTRL 1,503,TAMPINES CTRL 1,TAMPINES
265 TAMPINES ST 21,265,TAMPINES ST 21,TAMPINES
285 TAMPINES ST 22,285,TAMPINES ST 22,TAMPINES
498J TAMPINES ST 45,498J,TAMPINES ST 45,TAMPINES
859 TAMPINES AVE 5,859,TAMPINES AVE 5,TAMPINES
221 SIMEI ST 4,221,SIMEI ST 4,TAMPINES
418 TAMPINES ST 41,418,TAMPINES ST 41,TAMPINES
390 TAMPINES AVE 7,390,TAMPINES AVE 7,TAMPINES
248 TAMPINES ST 21,248,TAMPINES ST 21,TAMPINES
131 SIMEI ST 1,131,SIMEI ST 1,TAMPINES
255 SIMEI ST 1,255,SIMEI ST 1,TAMPINES
158 TAMPINES ST 12,158,TAMPINES ST 12,TAMPINES
496E TAMPINES AVE 9,496E,TAMPINES AVE 9,TAMPINES
359 TAMPINES ST 34,359,TAMPINES ST 34,TAMPINES
887A TAMPINES ST 81,887A,TAMPINES ST 81,TAMPINES
496C TAMPINES ST 43,496C,TAMPINES ST 43,TAMPINES
307 TAMPINES ST 32,307,TAMPINES ST 32,TAMPINES
450F TAMPINES ST 42,450F,TAMPINES ST 42,TAMPINES
887 TAMPINES ST 81,887,TAMPINES ST 81,TAMPINES
247 SIMEI ST 5,247,SIMEI ST 5,TAMPINES
108 SIMEI ST 1,108,SIMEI ST 1,TAMPINES
102 SIMEI ST 1,102,SIMEI ST 1,TAMPINES
146 SIMEI ST 2,146,SIMEI ST 2,TAMPINES
114 TAMPINES ST 11,114,TAMPINES ST 11,TAMPINES
231 SIMEI ST 4,231,SIMEI ST 4,TAMPINES
109 SIMEI ST 1,109,SIMEI ST 1,TAMPINES
164 SIMEI RD,164,SIMEI RD,TAMPINES
143 TAMPINES ST 12,143,TAMPINES ST 12,TAMPINES
243 SIMEI ST 5,243,SIMEI ST 5,TAMPINES
515A TAMPINES CTRL 7,515A,TAMPINES CTRL 7,TAMPINES
495D TAMPINES ST 43,495D,TAMPINES ST 43,TAMPINES
230J TAMPINES ST 21,230J,TAMPINES ST 21,TAMPINES
740 TAMPINES ST 72,740,TAMPINES ST 72,TAMPINES
325 TAMPINES ST 32,325,TAMPINES ST 32,TAMPINES
311 TAMPINES ST 33,311,TAMPINES ST 33,TAMPINES
330 TAMPINES ST 32,330,TAMPINES ST 32,TAMPINES
896A TAMPINES ST 81,896A,TAMPINES ST 81,TAMPINES
144 SIMEI ST 2,144,SIMEI ST 2,TAMPINES
156 TAMPINES ST 12,156,TAMPINES ST 12,TAMPINES
161 LOR 1 TOA PAYOH,161,LOR 1 TOA PAYOH,TOA PAYOH
58 LOR 4 TOA PAYOH,58,LOR 4 TOA PAYOH,TOA PAYOH
234 LOR 8 TOA PAYOH,234,LOR 8 TOA PAYOH,TOA PAYOH
1 LOR 7 TOA PAYOH,1,LOR 7 TOA PAYOH,TOA PAYOH
169 LOR 1 TOA PAYOH,169,LOR 1 TOA PAYOH,TOA PAYOH
112 LOR 1 TOA PAYOH,112,LOR 1 TOA PAYOH,TOA PAYOH
38 LOR 5 TOA PAYOH,38,LOR 5 TOA PAYOH,TOA PAYOH
125 LOR 1 TOA PAYOH,125,LOR 1 TOA PAYOH,TOA PAYOH
100 LOR 1 TOA PAYOH,100,LOR 1 TOA PAYOH,TOA PAYOH
114 POTONG PASIR AVE 1,114,POTONG PASIR AVE 1,TOA PAYOH
17 LOR 7 TOA PAYOH,17,LOR 7 TOA PAYOH,TOA PAYOH
118 LOR 1 TOA PAYOH,118,LOR 1 TOA PAYOH,TOA PAYOH
177 TOA PAYOH CTRL,177,TOA PAYOH CTRL,TOA PAYOH
104 POTONG PASIR AVE 1,104,POTONG PASIR AVE 1,TOA PAYOH
226 LOR 8 TOA PAYOH,226,LOR 8 TOA PAYOH,TOA PAYOH
221 LOR 8 TOA PAYOH,221,LOR 8 TOA PAYOH,TOA PAYOH
200 TOA PAYOH NTH,200,TOA PAYOH NTH,TOA PAYOH
179 TOA PAYOH CTRL,179,TOA PAYOH CTRL,TOA PAYOH
148 POTONG PASIR AVE 1,148,POTONG PASIR AVE 1,TOA PAYOH
142 LOR 2 TOA PAYOH,142,LOR 2 TOA PAYOH,TOA PAYOH
141 POTONG PASIR AVE 3,141,POTONG PASIR AVE 3,TOA PAYOH
239 LOR 1 TOA PAYOH,239,LOR 1 TOA PAYOH,TOA PAYOH
135 POTONG PASIR AVE 3,135,POTONG PASIR AVE 3,TOA PAYOH
10 LOR 7 TOA PAYOH,10,LOR 7 TOA PAYOH,TOA PAYOH
79A TOA PAYOH CTRL,79A,TOA PAYOH CTRL,TOA PAYOH
10 JOO SENG RD,10,JOO SENG RD,TOA PAYOH
97 LOR 3 TOA PAYOH,97,LOR 3 TOA PAYOH,TOA PAYOH
138B LOR 1A TOA PAYOH,138B,LOR 1A TOA PAYOH,TOA PAYOH
136 POTONG PASIR AVE 3,136,POTONG PASIR AVE 3,TOA PAYOH
145 POTONG PASIR AVE 2,145,POTONG PASIR AVE 2,TOA PAYOH
19 MARSILING LANE,19,MARSILING LANE,WOODLANDS
166 WOODLANDS ST 13,166,WOODLANDS ST 13,WOODLANDS
206 MARSILING DR,206,MARSILING DR,WOODLANDS
218 MARSILING CRES,218,MARSILING CRES,WOODLANDS
331 WOODLANDS AVE 1,331,WOODLANDS AVE 1,WOODLANDS
160 WOODLANDS ST 13,160,WOODLANDS ST 13,WOODLANDS
7 MARSILING DR,7,MARSILING DR,WOODLANDS
617 WOODLANDS AVE 4,617,WOODLANDS AVE 4,WOODLANDS
774 WOODLANDS CRES,774,WOODLANDS CRES,WOODLANDS
850 WOODLANDS ST 82,850,WOODLANDS ST 82,WOODLANDS
579 WOODLANDS DR 16,579,WOODLANDS DR 16,WOODLANDS
666 WOODLANDS RING RD,666,WOODLANDS RING RD,WOODLANDS
612 WOODLANDS AVE 4,612,WOODLANDS AVE 4,WOODLANDS
669 WOODLANDS RING RD,669,WOODLANDS RING RD,WOODLANDS
758 WOODLANDS AVE 6,758,WOODLANDS AVE 6,WOODLANDS
802 WOODLANDS ST 81,802,WOODLANDS ST 81,WOODLANDS
406 WOODLANDS ST 41,406,WOODLANDS ST 41,WOODLANDS
847 WOODLANDS ST 82,847,WOODLANDS ST 82,WOODLANDS
876 WOODLANDS AVE 9,876,WOODLANDS AVE 9,WOODLANDS
547 WOODLANDS DR 16,547,WOODLANDS DR 16,WOODLANDS
413 WOODLANDS ST 41,413,WOODLANDS ST 41,WOODLANDS
172 WOODLANDS ST 13,172,WOODLANDS ST 13,WOODLANDS
772 WOODLANDS DR 60,772,WOODLANDS DR 60,WOODLANDS
703 WOODLANDS DR 40,703,WOODLANDS DR 40,WOODLANDS
769 WOODLANDS DR 60,769,WOODLANDS DR 60,WOODLANDS
898A WOODLANDS DR 50,898A,WOODLANDS DR 50,WOODLANDS
689B WOODLANDS DR 75,689B,WOODLANDS DR 75,WOODLANDS
603 WOODLANDS DR 42,603,WOODLANDS DR 42,WOODLANDS
354 WOODLANDS AVE 1,354,WOODLANDS AVE 1,WOODLANDS
764 WOODLANDS CIRCLE,764,WOODLANDS CIRCLE,WOODLANDS
36 MARSILING DR,36,MARSILING DR,WOODLANDS
623 WOODLANDS DR 52,623,WOODLANDS DR 52,WOODLANDS
621 WOODLANDS DR 52,621,WOODLANDS DR 52,WOODLANDS
137 MARSILING RD,137,MARSILING RD,WOODLANDS
759 WOODLANDS AVE 6,759,WOODLANDS AVE 6,WOODLANDS
733 WOODLANDS CIRCLE,733,WOODLANDS CIRCLE,WOODLANDS
215 MARSILING LANE,215,MARSILING LANE,WOODLANDS
607 WOODLANDS RING RD,607,WOODLANDS RING RD,WOODLANDS
752 WOODLANDS CIRCLE,752,WOODLANDS CIRCLE,WOODLANDS
544 WOODLANDS DR 16,544,WOODLANDS DR 16,WOODLANDS
578 WOODLANDS DR 16,578,WOODLANDS DR 16,WOODLANDS
655 WOODLANDS RING RD,655,WOODLANDS RING RD,WOODLANDS
659 WOODLANDS RING RD,659,WOODLANDS RING RD,WOODLANDS
672 WOODLANDS DR 71,672,WOODLANDS DR 71,WOODLANDS
537 WOODLANDS DR 16,537,WOODLANDS DR 16,WOODLANDS
683D WOODLANDS DR 62,683D,WOODLANDS DR 62,WOODLANDS
501 WOODLANDS DR 14,501,WOODLANDS DR 14,WOODLANDS
524 WOODLANDS DR 14,524,WOODLANDS DR 14,WOODLANDS
513 WOODLANDS DR 14,513,WOODLANDS DR 14,WOODLANDS
825 WOODLANDS ST 81,825,WOODLANDS ST 81,WOODLANDS
586 WOODLANDS DR 16,586,WOODLANDS DR 16,WOODLANDS
789 WOODLANDS AVE 6,789,WOODLANDS AVE 6,WOODLANDS
637 WOODLANDS RING RD,637,WOODLANDS RING RD,WOODLANDS
656 WOODLANDS RING RD,656,WOODLANDS RING RD,WOODLANDS
358 WOODLANDS AVE 5,358,WOODLANDS AVE 5,WOODLANDS
635 WOODLANDS RING RD,635,WOODLANDS RING RD,WOODLANDS
124 MARSILING RISE,124,MARSILING RISE,WOODLANDS
818 WOODLANDS ST 82,818,WOODLANDS ST 82,WOODLANDS
459 YISHUN AVE 11,459,YISHUN AVE 11,YISHUN
753 YISHUN ST 72,753,YISHUN ST 72,YISHUN
243 YISHUN RING RD,243,YISHUN RING RD,YISHUN
767 YISHUN AVE 3,767,YISHUN AVE 3,YISHUN
269 YISHUN ST 22,269,YISHUN ST 22,YISHUN
138 YISHUN RING RD,138,YISHUN RING RD,YISHUN
129 YISHUN ST 11,129,YISHUN ST 11,YISHUN
210 YISHUN ST 21,210,YISHUN ST 21,YISHUN
127 YISHUN ST 11,127,YISHUN ST 11,YISHUN
151 YISHUN ST 11,151,YISHUN ST 11,YISHUN
287 YISHUN AVE 6,287,YISHUN AVE 6,YISHUN
409 YISHUN RING RD,409,YISHUN RING RD,YISHUN
806 YISHUN RING RD,806,YISHUN RING RD,YISHUN
215 YISHUN ST 21,215,YISHUN ST 21,YISHUN
740 YISHUN AVE 5,740,YISHUN AVE 5,YISHUN
202 YISHUN ST 21,202,YISHUN ST 21,YISHUN
395 YISHUN RING RD,395,YISHUN RING RD,YISHUN
713 YISHUN ST 71,713,YISHUN ST 71,YISHUN
408 YISHUN AVE 6,408,YISHUN AVE 6,YISHUN
619 YISHUN RING RD,619,YISHUN RING RD,YISHUN
275 YISHUN ST 22,275,YISHUN ST 22,YISHUN
631 YISHUN ST 61,631,YISHUN ST 61,YISHUN
660 YISHUN AVE 4,660,YISHUN AVE 4,YISHUN
657 YISHUN AVE 4,657,YISHUN AVE 4,YISHUN
415 YISHUN AVE 11,415,YISHUN AVE 11,YISHUN
722 YISHUN ST 71,722,YISHUN ST 71,YISHUN
346 YISHUN AVE 11,346,YISHUN AVE 11,YISHUN
726 YISHUN ST 71,726,YISHUN ST 71,YISHUN
768 YISHUN AVE 3,768,YISHUN AVE 3,YISHUN
727 YISHUN ST 71,727,YISHUN ST 71,YISHUN
605 YISHUN ST 61,605,YISHUN ST 61,YISHUN
816 YISHUN ST 81,816,YISHUN ST 81,YISHUN
115C YISHUN RING RD,115C,YISHUN RING RD,YISHUN
835 YISHUN ST 81,835,YISHUN ST 81,YISHUN
858 YISHUN AVE 4,858,YISHUN AVE 4,YISHUN
321 YISHUN CTRL,321,YISHUN CTRL,YISHUN
743 YISHUN AVE 5,743,YISHUN AVE 5,YISHUN
205 YISHUN ST 21,205,YISHUN ST 21,YISHUN
832 YISHUN ST 81,832,YISHUN ST 81,YISHUN
932 YISHUN CTRL 1,932,YISHUN CTRL 1,YISHUN
170 YISHUN AVE 7,170,YISHUN AVE 7,YISHUN
212 YISHUN ST 21,212,YISHUN ST 21,YISHUN
716 YISHUN ST 71,716,YISHUN ST 71,YISHUN
786 YISHUN RING RD,786,YISHUN RING RD,YISHUN
927 YISHUN CTRL 1,927,YISHUN CTRL 1,YISHUN
866 YISHUN ST 81,866,YISHUN ST 81,YISHUN
733 YISHUN AVE 5,733,YISHUN AVE 5,YISHUN
360 YISHUN RING RD,360,YISHUN RING RD,YISHUN
616 YISHUN RING RD,616,YISHUN RING RD,YISHUN
151 ANG MO KIO AVE 5,151,ANG MO KIO AVE 5,ANG MO KIO
576 ANG MO KIO AVE 10,576,ANG MO KIO AVE 10,ANG MO KIO
603 ANG MO KIO AVE 5,603,ANG MO KIO AVE 5,ANG MO KIO
208 ANG MO KIO AVE 1,208,ANG MO KIO AVE 1,ANG MO KIO
450 ANG MO KIO AVE 10,450,ANG MO KIO AVE 10,ANG MO KIO
129 ANG MO KIO AVE 3,129,ANG MO KIO AVE 3,ANG MO KIO
623 ANG MO KIO AVE 9,623,ANG MO KIO AVE 9,ANG MO KIO
405 ANG MO KIO AVE 10,405,ANG MO KIO AVE 10,ANG MO KIO
461 ANG MO KIO AVE 10,461,ANG MO KIO AVE 10,ANG MO KIO
448 ANG MO KIO AVE 10,448,ANG MO KIO AVE 10,ANG MO KIO
643 ANG MO KIO AVE 5,643,ANG MO KIO AVE 5,ANG MO KIO
121 ANG MO KIO AVE 3,121,ANG MO KIO AVE 3,ANG MO KIO
418 ANG MO KIO AVE 10,418,ANG MO KIO AVE 10,ANG MO KIO
313 ANG MO KIO AVE 3,313,ANG MO KIO AVE 3,ANG MO KIO
130 ANG MO KIO AVE 3,130,ANG MO KIO AVE 3,ANG MO KIO
175 ANG MO KIO AVE 4,175,ANG MO KIO AVE 4,ANG MO KIO
561 ANG MO KIO AVE 10,561,ANG MO KIO AVE 10,ANG MO KIO
637 ANG MO KIO AVE 6,637,ANG MO KIO AVE 6,ANG MO KIO
573 ANG MO KIO AVE 3,573,ANG MO KIO AVE 3,ANG MO KIO
426 ANG MO KIO AVE 3,426,ANG MO KIO AVE 3,ANG MO KIO
327 ANG MO KIO AVE 3,327,ANG MO KIO AVE 3,ANG MO KIO
325 ANG MO KIO AVE 3,325,ANG MO KIO AVE 3,ANG MO KIO
634 ANG MO KIO AVE 6,634,ANG MO KIO AVE 6,ANG MO KIO
316A ANG MO KIO ST 31,316A,ANG MO KIO ST 31,ANG MO KIO
234 ANG MO KIO AVE 3,234,ANG MO KIO AVE 3,ANG MO KIO
176 ANG MO KIO AVE 4,176,ANG MO KIO AVE 4,ANG MO KIO
642 ANG MO KIO AVE 5,642,ANG MO KIO AVE 5,ANG MO KIO
617 ANG MO KIO AVE 4,617,ANG MO KIO AVE 4,ANG MO KIO
102 ANG MO KIO AVE 3,102,ANG MO KIO AVE 3,ANG MO KIO
171 ANG MO KIO AVE 4,171,ANG MO KIO AVE 4,ANG MO KIO
353 ANG MO KIO ST 32,353,ANG MO KIO ST 32,ANG MO KIO
700C ANG MO KIO AVE 6,700C,ANG MO KIO AVE 6,ANG MO KIO
615 ANG MO KIO AVE 4,615,ANG MO KIO AVE 4,ANG MO KIO
45 CHAI CHEE ST,45,CHAI CHEE ST,BEDOK
39 BEDOK STH RD,39,BEDOK STH RD,BEDOK
127 BEDOK NTH ST 2,127,BEDOK NTH ST 2,BEDOK
89 BEDOK NTH ST 4,89,BEDOK NTH ST 4,BEDOK
116 BEDOK NTH RD,116,BEDOK NTH RD,BEDOK
35 CHAI CHEE AVE,35,CHAI CHEE AVE,BEDOK
121 BEDOK NTH RD,121,BEDOK NTH RD,BEDOK
15 BEDOK STH RD,15,BEDOK STH RD,BEDOK
130 BEDOK NTH ST 2,130,BEDOK NTH ST 2,BEDOK
90 BEDOK NTH ST 4,90,BEDOK NTH ST 4,BEDOK
518 BEDOK NTH AVE 2,518,BEDOK NTH AVE 2,BEDOK
724 BEDOK RESERVOIR RD,724,BEDOK RESERVOIR RD,BEDOK
766 BEDOK RESERVOIR VIEW,766,BEDOK RESERVOIR VIEW,BEDOK
147 BEDOK RESERVOIR RD,147,BEDOK RESERVOIR RD,BEDOK
120 BEDOK NTH ST 2,120,BEDOK NTH ST 2,BEDOK
669 JLN DAMAI,669,JLN DAMAI,BEDOK
804 CHAI CHEE RD,804,CHAI CHEE RD,BEDOK
140 BEDOK NTH ST 2,140,BEDOK NTH ST 2,BEDOK
20 BEDOK STH RD,20,BEDOK STH RD,BEDOK
721 BEDOK RESERVOIR RD,721,BEDOK RESERVOIR RD,BEDOK
719 BEDOK RESERVOIR RD,719,BEDOK RESERVOIR RD,BEDOK
663 JLN DAMAI,663,JLN DAMAI,BEDOK
403 SIN MING AVE,403,SIN MING AVE,BISHAN
193 BISHAN ST 13,193,BISHAN ST 13,BISHAN
108 BISHAN ST 12,108,BISHAN ST 12,BISHAN
304 SHUNFU RD,304,SHUNFU RD,BISHAN
112 BISHAN ST 12,112,BISHAN ST 12,BISHAN
131 BISHAN ST 12,131,BISHAN ST 12,BISHAN
243 BISHAN ST 22,243,BISHAN ST 22,BISHAN
286 BISHAN ST 24,286,BISHAN ST 24,BISHAN
255 BISHAN ST 22,255,BISHAN ST 22,BISHAN
171 BISHAN ST 13,171,BISHAN ST 13,BISHAN
236 BISHAN ST 22,236,BISHAN ST 22,BISHAN
223 BISHAN ST 23,223,BISHAN ST 23,BISHAN
242 BISHAN ST 22,242,BISHAN ST 22,BISHAN
172 BISHAN ST 13,172,BISHAN ST 13,BISHAN
229 BISHAN ST 23,229,BISHAN ST 23,BISHAN
213 BISHAN ST 23,213,BISHAN ST 23,BISHAN
251 BISHAN ST 22,251,BISHAN ST 22,BISHAN
237 BISHAN ST 22,237,BISHAN ST 22,BISHAN
452 SIN MING AVE,452,SIN MING AVE,BISHAN
169 BISHAN ST 13,169,BISHAN ST 13,BISHAN
324 BT BATOK ST 33,324,BT BATOK ST 33,BUKIT BATOK
416 BT BATOK WEST AVE 4,416,BT BATOK WEST AVE 4,BUKIT BATOK
504 BT BATOK ST 52,504,BT BATOK ST 52,BUKIT BATOK
375 BT BATOK ST 31,375,BT BATOK ST 31,BUKIT BATOK
250 BT BATOK EAST AVE 5,250,BT BATOK EAST AVE 5,BUKIT BATOK
127 BT BATOK WEST AVE 6,127,BT BATOK WEST AVE 6,BUKIT BATOK
240 BT BATOK EAST AVE 5,240,BT BATOK EAST AVE 5,BUKIT BATOK
336 BT BATOK ST 32,336,BT BATOK ST 32,BUKIT BATOK
329 BT BATOK ST 33,329,BT BATOK ST 33,BUKIT BATOK
269 BT BATOK EAST AVE 4,269,BT BATOK EAST AVE 4,BUKIT BATOK
327 BT BATOK ST 33,327,BT BATOK ST 33,BUKIT BATOK
215 BT BATOK ST 21,215,BT BATOK ST 21,BUKIT BATOK
107 BT BATOK WEST AVE 6,107,BT BATOK WEST AVE 6,BUKIT BATOK
171 BT BATOK WEST AVE 8,171,BT BATOK WEST AVE 8,BUKIT BATOK
177 BT BATOK WEST AVE 8,177,BT BATOK WEST AVE 8,BUKIT BATOK
289G BT BATOK ST 25,289G,BT BATOK ST 25,BUKIT BATOK
131 BT BATOK WEST AVE 6,131,BT BATOK WEST AVE 6,BUKIT BATOK
102 BT BATOK WEST AVE 6,102,BT BATOK WEST AVE 6,BUKIT BATOK
625 BT BATOK CTRL,625,BT BATOK CTRL,BUKIT BATOK
236 BT BATOK EAST AVE 5,236,BT BATOK EAST AVE 5,BUKIT BATOK
192 BT BATOK WEST AVE 6,192,BT BATOK WEST AVE 6,BUKIT BATOK
289D BT BATOK ST 25,289D,BT BATOK ST 25,BUKIT BATOK
620 BT BATOK CTRL,620,BT BATOK CTRL,BUKIT BATOK
512 BT BATOK ST 52,512,BT BATOK ST 52,BUKIT BATOK
535 BT BATOK ST 52,535,BT BATOK ST 52,BUKIT BATOK
76 TELOK BLANGAH DR,76,TELOK BLANGAH DR,BUKIT MERAH
48 LOWER DELTA RD,48,LOWER DELTA RD,BUKIT MERAH
113 JLN BT MERAH,113,JLN BT MERAH,BUKIT MERAH
150 SILAT AVE,150,SILAT AVE,BUKIT MERAH
75 TELOK BLANGAH DR,75,TELOK BLANGAH DR,BUKIT MERAH
80B TELOK BLANGAH ST 31,80B,TELOK BLANGAH ST 31,BUKIT MERAH
49 HOY FATT RD,49,HOY FATT RD,BUKIT MERAH
105 BT PURMEI RD,105,BT PURMEI RD,BUKIT MERAH
109 JLN BT MERAH,109,JLN BT MERAH,BUKIT MERAH
68 TELOK BLANGAH HTS,68,TELOK BLANGAH HTS,BUKIT MERAH
110 BT PURMEI RD,110,BT PURMEI RD,BUKIT MERAH
26B JLN MEMBINA,26B,JLN MEMBINA,BUKIT MERAH
39 TELOK BLANGAH RISE,39,TELOK BLANGAH RISE,BUKIT MERAH
18 TELOK BLANGAH CRES,18,TELOK BLANGAH CRES,BUKIT MERAH
48 TELOK BLANGAH DR,48,TELOK BLANGAH DR,BUKIT MERAH
47 LENGKOK BAHRU,47,LENGKOK BAHRU,BUKIT MERAH
8 CANTONMENT CL,8,CANTONMENT CL,BUKIT MERAH
119C KIM TIAN RD,119C,KIM TIAN RD,BUKIT MERAH
108 GANGSA RD,108,GANGSA RD,BUKIT PANJANG
220 PETIR RD,220,PETIR RD,BUKIT PANJANG
106 GANGSA RD,106,GANGSA RD,BUKIT PANJANG
435 BT PANJANG RING RD,435,BT PANJANG RING RD,BUKIT PANJANG
449 BT PANJANG RING RD,449,BT PANJANG RING RD,BUKIT PANJANG
416 SAUJANA RD,416,SAUJANA RD,BUKIT PANJANG
505 JELAPANG RD,505,JELAPANG RD,BUKIT PANJANG
270 BANGKIT RD,270,BANGKIT RD,BUKIT PANJANG
434 BT PANJANG RING RD,434,BT PANJANG RING RD,BUKIT PANJANG
510 JELAPANG RD,510,JELAPANG RD,BUKIT PANJANG
616 SENJA RD,616,SENJA RD,BUKIT PANJANG
541 BT PANJANG RING RD,541,BT PANJANG RING RD,BUKIT PANJANG
448 BT PANJANG RING RD,448,BT PANJANG RING RD,BUKIT PANJANG
471 SEGAR RD,471,SEGAR RD,BUKIT PANJANG
411 SAUJANA RD,411,SAUJANA RD,BUKIT PANJANG
135 CASHEW RD,135,CASHEW RD,BUKIT PANJANG
180 LOMPANG RD,180,LOMPANG RD,BUKIT PANJANG
2 QUEEN'S RD,2,QUEEN'S RD,BUKIT TIMAH
1 TOH YI DR,1,TOH YI DR,BUKIT TIMAH
14 TOH YI DR,14,TOH YI DR,BUKIT TIMAH
269A QUEEN ST,269A,QUEEN ST,CENTRAL AREA
641 ROWELL RD,641,ROWELL RD,CENTRAL AREA
634 VEERASAMY RD,634,VEERASAMY RD,CENTRAL AREA
113 TECK WHYE LANE,113,TECK WHYE LANE,CHOA CHU KANG
291 CHOA CHU KANG AVE 3,291,CHOA CHU KANG AVE 3,CHOA CHU KANG
223 CHOA CHU KANG CTRL,223,CHOA CHU KANG CTRL,CHOA CHU KANG
514 CHOA CHU KANG ST 51,514,CHOA CHU KANG ST 51,CHOA CHU KANG
685C CHOA CHU KANG CRES,685C,CHOA CHU KANG CRES,CHOA CHU KANG
405 CHOA CHU KANG AVE 3,405,CHOA CHU KANG AVE 3,CHOA CHU KANG
455 CHOA CHU KANG AVE 4,455,CHOA CHU KANG AVE 4,CHOA CHU KANG
281 CHOA CHU KANG AVE 3,281,CHOA CHU KANG AVE 3,CHOA CHU KANG
485A CHOA CHU KANG AVE 5,485A,CHOA CHU KANG AVE 5,CHOA CHU KANG
277 CHOA CHU KANG AVE 2,277,CHOA CHU KANG AVE 2,CHOA CHU KANG
236 CHOA CHU KANG CTRL,236,CHOA CHU KANG CTRL,CHOA CHU KANG
122 TECK WHYE LANE,122,TECK WHYE LANE,CHOA CHU KANG
678 CHOA CHU KANG CRES,678,CHOA CHU KANG CRES,CHOA CHU KANG
682 CHOA CHU KANG CRES,682,CHOA CHU KANG CRES,CHOA CHU KANG
661 CHOA CHU KANG CRES,661,CHOA CHU KANG CRES,CHOA CHU KANG
787 CHOA CHU KANG NTH 6,787,CHOA CHU KANG NTH 6,CHOA CHU KANG
210 CHOA CHU KANG CTRL,210,CHOA CHU KANG CTRL,CHOA CHU KANG
640 CHOA CHU KANG ST 64,640,CHOA CHU KANG ST 64,CHOA CHU KANG
340 CHOA CHU KANG LOOP,340,CHOA CHU KANG LOOP,CHOA CHU KANG
683C CHOA CHU KANG CRES,683C,CHOA CHU KANG CRES,CHOA CHU KANG
690B CHOA CHU KANG CRES,690B,CHOA CHU KANG CRES,CHOA CHU KANG
687A CHOA CHU KANG DR,687A,CHOA CHU KANG DR,CHOA CHU KANG
685B CHOA CHU KANG CRES,685B,CHOA CHU KANG CRES,CHOA CHU KANG
112 TECK WHYE LANE,112,TECK WHYE LANE,CHOA CHU KANG
684A CHOA CHU KANG CRES,684A,CHOA CHU KANG CRES,CHOA CHU KANG
703 CHOA CHU KANG ST 53,703,CHOA CHU KANG ST 53,CHOA CHU KANG
670A CHOA CHU KANG CRES,670A,CHOA CHU KANG CRES,CHOA CHU KANG
249 CHOA CHU KANG AVE 2,249,CHOA CHU KANG AVE 2,CHOA CHU KANG
666 CHOA CHU KANG CRES,666,CHOA CHU KANG CRES,CHOA CHU KANG
454 CHOA CHU KANG AVE 4,454,CHOA CHU KANG AVE 4,CHOA CHU KANG
272 CHOA CHU KANG AVE 2,272,CHOA CHU KANG AVE 2,CHOA CHU KANG
758 CHOA CHU KANG NTH 5,758,CHOA CHU KANG NTH 5,CHOA CHU KANG
282 CHOA CHU KANG AVE 3,282,CHOA CHU KANG AVE 3,CHOA CHU KANG
759 CHOA CHU KANG NTH 5,759,CHOA CHU KANG NTH 5,CHOA CHU KANG
558 CHOA CHU KANG NTH 6,558,CHOA CHU KANG NTH 6,CHOA CHU KANG
523 CHOA CHU KANG ST 51,523,CHOA CHU KANG ST 51,CHOA CHU KANG
431 CLEMENTI AVE 3,431,CLEMENTI AVE 3,CLEMENTI
329 CLEMENTI AVE 2,329,CLEMENTI AVE 2,CLEMENTI
450 CLEMENTI AVE 3,450,CLEMENTI AVE 3,CLEMENTI
432 CLEMENTI AVE 3,432,CLEMENTI AVE 3,CLEMENTI
423 CLEMENTI AVE 1,423,CLEMENTI AVE 1,CLEMENTI
512 WEST COAST DR,512,WEST COAST DR,CLEMENTI
358 CLEMENTI AVE 2,358,CLEMENTI AVE 2,CLEMENTI
454 CLEMENTI AVE 3,454,CLEMENTI AVE 3,CLEMENTI
71 CIRCUIT RD,71,CIRCUIT RD,GEYLANG
97 JLN DUA,97,JLN DUA,GEYLANG
39 CIRCUIT RD,39,CIRCUIT RD,GEYLANG
20 BALAM RD,20,BALAM RD,GEYLANG
34 CIRCUIT RD,34,CIRCUIT RD,GEYLANG
3 HAIG RD,3,HAIG RD,GEYLANG
342 UBI AVE 1,342,UBI AVE 1,GEYLANG
95 ALJUNIED CRES,95,ALJUNIED CRES,GEYLANG
1 HAIG RD,1,HAIG RD,GEYLANG
52 SIMS PL,52,SIMS PL,GEYLANG
22 HAIG RD,22,HAIG RD,GEYLANG
343 UBI AVE 1,343,UBI AVE 1,GEYLANG
122 PAYA LEBAR WAY,122,PAYA LEBAR WAY,GEYLANG
338 UBI AVE 1,338,UBI AVE 1,GEYLANG
10 EUNOS CRES,10,EUNOS CRES,GEYLANG
11 HAIG RD,11,HAIG RD,GEYLANG
2C GEYLANG SERAI,2C,GEYLANG SERAI,GEYLANG
311 UBI AVE 1,311,UBI AVE 1,GEYLANG
13 EUNOS CRES,13,EUNOS CRES,GEYLANG
36 EUNOS CRES,36,EUNOS CRES,GEYLANG
7 PINE CL,7,PINE CL,GEYLANG
1 PINE CL,1,PINE CL,GEYLANG
119 HOUGANG AVE 1,119,HOUGANG AVE 1,HOUGANG
514 HOUGANG AVE 10,514,HOUGANG AVE 10,HOUGANG
671 HOUGANG AVE 8,671,HOUGANG AVE 8,HOUGANG
305 HOUGANG AVE 5,305,HOUGANG AVE 5,HOUGANG
210 HOUGANG ST 21,210,HOUGANG ST 21,HOUGANG
911 HOUGANG ST 91,911,HOUGANG ST 91,HOUGANG
635 HOUGANG AVE 8,635,HOUGANG AVE 8,HOUGANG
337 HOUGANG AVE 7,337,HOUGANG AVE 7,HOUGANG
708 HOUGANG AVE 2,708,HOUGANG AVE 2,HOUGANG
458 HOUGANG AVE 10,458,HOUGANG AVE 10,HOUGANG
569 HOUGANG ST 51,569,HOUGANG ST 51,HOUGANG
643 HOUGANG AVE 8,643,HOUGANG AVE 8,HOUGANG
351 HOUGANG AVE 7,351,HOUGANG AVE 7,HOUGANG
310 HOUGANG AVE 5,310,HOUGANG AVE 5,HOUGANG
924 HOUGANG AVE 9,924,HOUGANG AVE 9,HOUGANG
930 HOUGANG ST 91,930,HOUGANG ST 91,HOUGANG
460 HOUGANG AVE 10,460,HOUGANG AVE 10,HOUGANG
111 HOUGANG AVE 1,111,HOUGANG AVE 1,HOUGANG
373 HOUGANG ST 31,373,HOUGANG ST 31,HOUGANG
132 LOR AH SOO,132,LOR AH SOO,HOUGANG
639 HOUGANG AVE 8,639,HOUGANG AVE 8,HOUGANG
615 HOUGANG AVE 8,615,HOUGANG AVE 8,HOUGANG
522 HOUGANG AVE 6,522,HOUGANG AVE 6,HOUGANG
357 HOUGANG AVE 7,357,HOUGANG AVE 7,HOUGANG
449 HOUGANG AVE 10,449,HOUGANG AVE 10,HOUGANG
374 HOUGANG ST 31,374,HOUGANG ST 31,HOUGANG
851 HOUGANG CTRL,851,HOUGANG CTRL,HOUGANG
31 TEBAN GDNS RD,31,TEBAN GDNS RD,JURONG EAST
414 PANDAN GDNS,414,PANDAN GDNS,JURONG EAST
280 TOH GUAN RD,280,TOH GUAN RD,JURONG EAST
285B TOH GUAN RD,285B,TOH GUAN RD,JURONG EAST
246 JURONG EAST ST 24,246,JURONG EAST ST 24,JURONG EAST
336 JURONG EAST AVE 1,336,JURONG EAST AVE 1,JURONG EAST
325 JURONG EAST ST 31,325,JURONG EAST ST 31,JURONG EAST
322A JURONG EAST ST 31,322A,JURONG EAST ST 31,JURONG EAST
223A JURONG EAST ST 21,223A,JURONG EAST ST 21,JURONG EAST
285C TOH GUAN RD,285C,TOH GUAN RD,JURONG EAST
111 HO CHING RD,111,HO CHING RD,JURONG WEST
494 JURONG WEST ST 41,494,JURONG WEST ST 41,JURONG WEST
916 JURONG WEST ST 91,916,JURONG WEST ST 91,JURONG WEST
429 JURONG WEST AVE 1,429,JURONG WEST AVE 1,JURONG WEST
503 JURONG WEST AVE 1,503,JURONG WEST AVE 1,JURONG WEST
810 JURONG WEST ST 81,810,JURONG WEST ST 81,JURONG WEST
739 JURONG WEST ST 73,739,JURONG WEST ST 73,JURONG WEST
929 JURONG WEST ST 92,929,JURONG WEST ST 92,JURONG WEST
746 JURONG WEST ST 73,746,JURONG WEST ST 73,JURONG WEST
850 JURONG WEST ST 81,850,JURONG WEST ST 81,JURONG WEST
274D JURONG WEST AVE 3,274D,JURONG WEST AVE 3,JURONG WEST
531 JURONG WEST ST 52,531,JURONG WEST ST 52,JURONG WEST
931 JURONG WEST ST 92,931,JURONG WEST ST 92,JURONG WEST
845 JURONG WEST ST 81,845,JURONG WEST ST 81,JURONG WEST
448 JURONG WEST ST 42,448,JURONG WEST ST 42,JURONG WEST
732 JURONG WEST ST 73,732,JURONG WEST ST 73,JURONG WEST
858 JURONG WEST ST 81,858,JURONG WEST ST 81,JURONG WEST
948 JURONG WEST ST 91,948,JURONG WEST ST 91,JURONG WEST
643 JURONG WEST ST 61,643,JURONG WEST ST 61,JURONG WEST
856 JURONG WEST ST 81,856,JURONG WEST ST 81,JURONG WEST
367 CORPORATION DR,367,CORPORATION DR,JURONG WEST
634 JURONG WEST ST 65,634,JURONG WEST ST 65,JURONG WEST
659C JURONG WEST ST 65,659C,JURONG WEST ST 65,JURONG WEST
660D JURONG WEST ST 64,660D,JURONG WEST ST 64,JURONG WEST
271D JURONG WEST ST 24,271D,JURONG WEST ST 24,JURONG WEST
751 JURONG WEST ST 73,751,JURONG WEST ST 73,JURONG WEST
865 JURONG WEST ST 81,865,JURONG WEST ST 81,JURONG WEST
703 JURONG WEST ST 71,703,JURONG WEST ST 71,JURONG WEST
678A JURONG WEST ST 64,678A,JURONG WEST ST 64,JURONG WEST
444 JURONG WEST AVE 1,444,JURONG WEST AVE 1,JURONG WEST
461 JURONG WEST ST 41,461,JURONG WEST ST 41,JURONG WEST
652B JURONG WEST ST 61,652B,JURONG WEST ST 61,JURONG WEST
663B JURONG WEST ST 65,663B,JURONG WEST ST 65,JURONG WEST
607 JURONG WEST ST 65,607,JURONG WEST ST 65,JURONG WEST
261 BOON LAY DR,261,BOON LAY DR,JURONG WEST
533 JURONG WEST ST 52,533,JURONG WEST ST 52,JURONG WEST
660C JURONG WEST ST 64,660C,JURONG WEST ST 64,JURONG WEST
680C JURONG WEST CTRL 1,680C,JURONG WEST CTRL 1,JURONG WEST
274C JURONG WEST ST 25,274C,JURONG WEST ST 25,JURONG WEST
726 JURONG WEST AVE 5,726,JURONG WEST AVE 5,JURONG WEST
115 HO CHING RD,115,HO CHING RD,JURONG WEST
861 JURONG WEST ST 81,861,JURONG WEST ST 81,JURONG WEST
709 JURONG WEST ST 71,709,JURONG WEST ST 71,JURONG WEST
159 YUNG PING RD,159,YUNG PING RD,JURONG WEST
710 JURONG WEST ST 71,710,JURONG WEST ST 71,JURONG WEST
64 KALLANG BAHRU,64,KALLANG BAHRU,KALLANG/WHAMPOA
66 KALLANG BAHRU,66,KALLANG BAHRU,KALLANG/WHAMPOA
55 JLN BAHAGIA,55,JLN BAHAGIA,KALLANG/WHAMPOA
38 JLN BAHAGIA,38,JLN BAHAGIA,KALLANG/WHAMPOA
84 WHAMPOA DR,84,WHAMPOA DR,KALLANG/WHAMPOA
102 JLN RAJAH,102,JLN RAJAH,KALLANG/WHAMPOA
51 KENT RD,51,KENT RD,KALLANG/WHAMPOA
109 WHAMPOA RD,109,WHAMPOA RD,KALLANG/WHAMPOA
13 FARRER PK RD,13,FARRER PK RD,KALLANG/WHAMPOA
13 UPP BOON KENG RD,13,UPP BOON KENG RD,KALLANG/WHAMPOA
109 MCNAIR RD,109,MCNAIR RD,KALLANG/WHAMPOA
2D UPP BOON KENG RD,2D,UPP BOON KENG RD,KALLANG/WHAMPOA
106 TOWNER RD,106,TOWNER RD,KALLANG/WHAMPOA
30 MARINE CRES,30,MARINE CRES,MARINE PARADE
64 MARINE DR,64,MARINE DR,MARINE PARADE
19 MARINE TER,19,MARINE TER,MARINE PARADE
63 MARINE DR,63,MARINE DR,MARINE PARADE
1 CHANGI VILLAGE RD,1,CHANGI VILLAGE RD,PASIR RIS
482 PASIR RIS DR 4,482,PASIR RIS DR 4,PASIR RIS
724 PASIR RIS ST 72,724,PASIR RIS ST 72,PASIR RIS
229 PASIR RIS ST 21,229,PASIR RIS ST 21,PASIR RIS
469 PASIR RIS DR 6,469,PASIR RIS DR 6,PASIR RIS
103 PASIR RIS ST 12,103,PASIR RIS ST 12,PASIR RIS
409 PASIR RIS DR 6,409,PASIR RIS DR 6,PASIR RIS
718 PASIR RIS ST 72,718,PASIR RIS ST 72,PASIR RIS
479 PASIR RIS DR 4,479,PASIR RIS DR 4,PASIR RIS
707 PASIR RIS DR 10,707,PASIR RIS DR 10,PASIR RIS
766 PASIR RIS ST 71,766,PASIR RIS ST 71,PASIR RIS
719 PASIR RIS ST 72,719,PASIR RIS ST 72,PASIR RIS
182 PASIR RIS ST 11,182,PASIR RIS ST 11,PASIR RIS
274 PASIR RIS ST 21,274,PASIR RIS ST 21,PASIR RIS
744 PASIR RIS ST 71,744,PASIR RIS ST 71,PASIR RIS
405 PASIR RIS DR 6,405,PASIR RIS DR 6,PASIR RIS
236 PASIR RIS ST 21,236,PASIR RIS ST 21,PASIR RIS
223 PASIR RIS ST 21,223,PASIR RIS ST 21,PASIR RIS
218 PASIR RIS ST 21,218,PASIR RIS ST 21,PASIR RIS
508 PASIR RIS ST 52,508,PASIR RIS ST 52,PASIR RIS
541 PASIR RIS ST 51,541,PASIR RIS ST 51,PASIR RIS
501 PASIR RIS ST 52,501,PASIR RIS ST 52,PASIR RIS
578 PASIR RIS ST 53,578,PASIR RIS ST 53,PASIR RIS
540 PASIR RIS ST 51,540,PASIR RIS ST 51,PASIR RIS
306B PUNGGOL PL,306B,PUNGGOL PL,PUNGGOL
623C PUNGGOL CTRL,623C,PUNGGOL CTRL,PUNGGOL
623A PUNGGOL CTRL,623A,PUNGGOL CTRL,PUNGGOL
636A PUNGGOL DR,636A,PUNGGOL DR,PUNGGOL
636B PUNGGOL DR,636B,PUNGGOL DR,PUNGGOL
604C PUNGGOL RD,604C,PUNGGOL RD,PUNGGOL
619D PUNGGOL DR,619D,PUNGGOL DR,PUNGGOL
602B PUNGGOL CTRL,602B,PUNGGOL CTRL,PUNGGOL
602C PUNGGOL CTRL,602C,PUNGGOL CTRL,PUNGGOL
624C PUNGGOL CTRL,624C,PUNGGOL CTRL,PUNGGOL
603A PUNGGOL RD,603A,PUNGGOL RD,PUNGGOL
302C PUNGGOL PL,302C,PUNGGOL PL,PUNGGOL
301C PUNGGOL CTRL,301C,PUNGGOL CTRL,PUNGGOL
176A EDGEFIELD PLAINS,176A,EDGEFIELD PLAINS,PUNGGOL
109D EDGEDALE PLAINS,109D,EDGEDALE PLAINS,PUNGGOL
126C EDGEDALE PLAINS,126C,EDGEDALE PLAINS,PUNGGOL
187 PUNGGOL CTRL,187,PUNGGOL CTRL,PUNGGOL
101B PUNGGOL FIELD,101B,PUNGGOL FIELD,PUNGGOL
197A PUNGGOL FIELD,197A,PUNGGOL FIELD,PUNGGOL
174D EDGEDALE PLAINS,174D,EDGEDALE PLAINS,PUNGGOL
160B PUNGGOL CTRL,160B,PUNGGOL CTRL,PUNGGOL
18 GHIM MOH RD,18,GHIM MOH RD,QUEENSTOWN
163 STIRLING RD,163,STIRLING RD,QUEENSTOWN
96 C'WEALTH CRES,96,C'WEALTH CRES,QUEENSTOWN
23A QUEEN'S CL,23A,QUEEN'S CL,QUEENSTOWN
166 STIRLING RD,166,STIRLING RD,QUEENSTOWN
100 C'WEALTH CRES,100,C'WEALTH CRES,QUEENSTOWN
5 GHIM MOH RD,5,GHIM MOH RD,QUEENSTOWN
20 DOVER CRES,20,DOVER CRES,QUEENSTOWN
51 C'WEALTH DR,51,C'WEALTH DR,QUEENSTOWN
27 GHIM MOH LINK,27,GHIM MOH LINK,QUEENSTOWN
143 MEI LING ST,143,MEI LING ST,QUEENSTOWN
61C STRATHMORE AVE,61C,STRATHMORE AVE,QUEENSTOWN
53 C'WEALTH DR,53,C'WEALTH DR,QUEENSTOWN
50 C'WEALTH DR,50,C'WEALTH DR,QUEENSTOWN
8 GHIM MOH RD,8,GHIM MOH RD,QUEENSTOWN
13 DOVER CL EAST,13,DOVER CL EAST,QUEENSTOWN
132 CLARENCE LANE,132,CLARENCE LANE,QUEENSTOWN
149 MEI LING ST,149,MEI LING ST,QUEENSTOWN
414 SEMBAWANG DR,414,SEMBAWANG DR,SEMBAWANG
318 SEMBAWANG VISTA,318,SEMBAWANG VISTA,SEMBAWANG
356C ADMIRALTY DR,356C,ADMIRALTY DR,SEMBAWANG
353A ADMIRALTY DR,353A,ADMIRALTY DR,SEMBAWANG
501B WELLINGTON CIRCLE,501B,WELLINGTON CIRCLE,SEMBAWANG
421 CANBERRA RD,421,CANBERRA RD,SEMBAWANG
417 CANBERRA RD,417,CANBERRA RD,SEMBAWANG
588C MONTREAL DR,588C,MONTREAL DR,SEMBAWANG
468B ADMIRALTY DR,468B,ADMIRALTY DR,SEMBAWANG
359A ADMIRALTY DR,359A,ADMIRALTY DR,SEMBAWANG
503A CANBERRA LINK,503A,CANBERRA LINK,SEMBAWANG
309 CANBERRA RD,309,CANBERRA RD,SEMBAWANG
730 TAMPINES ST 71,730,TAMPINES ST 71,TAMPINES
438B SENGKANG WEST AVE,438B,SENGKANG WEST AVE,SENGKANG
209C COMPASSVALE LANE,209C,COMPASSVALE LANE,SENGKANG
313C ANCHORVALE RD,313C,ANCHORVALE RD,SENGKANG
188B RIVERVALE DR,188B,RIVERVALE DR,SENGKANG
204C COMPASSVALE DR,204C,COMPASSVALE DR,SENGKANG
185A RIVERVALE CRES,185A,RIVERVALE CRES,SENGKANG
122E RIVERVALE DR,122E,RIVERVALE DR,SENGKANG
107 RIVERVALE WALK,107,RIVERVALE WALK,SENGKANG
317A ANCHORVALE RD,317A,ANCHORVALE RD,SENGKANG
259A COMPASSVALE RD,259A,COMPASSVALE RD,SENGKANG
313B ANCHORVALE RD,313B,ANCHORVALE RD,SENGKANG
318D ANCHORVALE LINK,318D,ANCHORVALE LINK,SENGKANG
446B JLN KAYU,446B,JLN KAYU,SENGKANG
324A SENGKANG EAST WAY,324A,SENGKANG EAST WAY,SENGKANG
226A COMPASSVALE WALK,226A,COMPASSVALE WALK,SENGKANG
267A COMPASSVALE LINK,267A,COMPASSVALE LINK,SENGKANG
273A COMPASSVALE LINK,273A,COMPASSVALE LINK,SENGKANG
158A RIVERVALE CRES,158A,RIVERVALE CRES,SENGKANG
183A RIVERVALE CRES,183A,RIVERVALE CRES,SENGKANG
311D ANCHORVALE LANE,311D,ANCHORVALE LANE,SENGKANG
157B RIVERVALE CRES,157B,RIVERVALE CRES,SENGKANG
403D FERNVALE LANE,403D,FERNVALE LANE,SENGKANG
117B RIVERVALE DR,117B,RIVERVALE DR,SENGKANG
318C ANCHORVALE LINK,318C,ANCHORVALE LINK,SENGKANG
245 COMPASSVALE RD,245,COMPASSVALE RD,SENGKANG
148 RIVERVALE CRES,148,RIVERVALE CRES,SENGKANG
260C SENGKANG EAST WAY,260C,SENGKANG EAST WAY,SENGKANG
196 RIVERVALE DR,196,RIVERVALE DR,SENGKANG
206D COMPASSVALE LANE,206D,COMPASSVALE LANE,SENGKANG
197 RIVERVALE DR,197,RIVERVALE DR,SENGKANG
403B FERNVALE LANE,403B,FERNVALE LANE,SENGKANG
224B COMPASSVALE WALK,224B,COMPASSVALE WALK,SENGKANG
121B RIVERVALE DR,121B,RIVERVALE DR,SENGKANG
256 COMPASSVALE RD,256,COMPASSVALE RD,SENGKANG
312A ANCHORVALE LANE,312A,ANCHORVALE LANE,SENGKANG
310B ANCHORVALE RD,310B,ANCHORVALE RD,SENGKANG
315A ANCHORVALE RD,315A,ANCHORVALE RD,SENGKANG
205A COMPASSVALE LANE,205A,COMPASSVALE LANE,SENGKANG
324C SENGKANG EAST WAY,324C,SENGKANG EAST WAY,SENGKANG
511 SERANGOON NTH AVE 4,511,SERANGOON NTH AVE 4,SERANGOON
315 SERANGOON AVE 2,315,SERANGOON AVE 2,SERANGOON
211 SERANGOON AVE 4,211,SERANGOON AVE 4,SERANGOON
204 SERANGOON CTRL,204,SERANGOON CTRL,SERANGOON
413 SERANGOON CTRL,413,SERANGOON CTRL,SERANGOON
517 SERANGOON NTH AVE 4,517,SERANGOON NTH AVE 4,SERANGOON
135 SERANGOON NTH AVE 2,135,SERANGOON NTH AVE 2,SERANGOON
539 SERANGOON NTH AVE 4,539,SERANGOON NTH AVE 4,SERANGOON
319 SERANGOON AVE 2,319,SERANGOON AVE 2,SERANGOON
831 TAMPINES ST 83,831,TAMPINES ST 83,TAMPINES
215 TAMPINES ST 23,215,TAMPINES ST 23,TAMPINES
438 TAMPINES ST 43,438,TAMPINES ST 43,TAMPINES
221 TAMPINES ST 24,221,TAMPINES ST 24,TAMPINES
463 TAMPINES ST 44,463,TAMPINES ST 44,TAMPINES
884 TAMPINES ST 83,884,TAMPINES ST 83,TAMPINES
274 TAMPINES ST 22,274,TAMPINES ST 22,TAMPINES
234 TAMPINES ST 21,234,TAMPINES ST 21,TAMPINES
817 TAMPINES ST 81,817,TAMPINES ST 81,TAMPINES
107 TAMPINES ST 11,107,TAMPINES ST 11,TAMPINES
161 TAMPINES ST 12,161,TAMPINES ST 12,TAMPINES
136 SIMEI ST 1,136,SIMEI ST 1,TAMPINES
317 TAMPINES ST 33,317,TAMPINES ST 33,TAMPINES
805 TAMPINES AVE 4,805,TAMPINES AVE 4,TAMPINES
113 SIMEI ST 1,113,SIMEI ST 1,TAMPINES
717 TAMPINES ST 72,717,TAMPINES ST 72,TAMPINES
702 TAMPINES ST 71,702,TAMPINES ST 71,TAMPINES
423 TAMPINES ST 41,423,TAMPINES ST 41,TAMPINES
710 TAMPINES ST 71,710,TAMPINES ST 71,TAMPINES
127 SIMEI ST 1,127,SIMEI ST 1,TAMPINES
266 TAMPINES ST 21,266,TAMPINES ST 21,TAMPINES
293 TAMPINES ST 22,293,TAMPINES ST 22,TAMPINES
497C TAMPINES ST 45,497C,TAMPINES ST 45,TAMPINES
222 TAMPINES ST 24,222,TAMPINES ST 24,TAMPINES
409 TAMPINES ST 41,409,TAMPINES ST 41,TAMPINES
868 TAMPINES ST 83,868,TAMPINES ST 83,TAMPINES
249 TAMPINES ST 21,249,TAMPINES ST 21,TAMPINES
814 TAMPINES ST 81,814,TAMPINES ST 81,TAMPINES
159 TAMPINES ST 12,159,TAMPINES ST 12,TAMPINES
163 TAMPINES ST 12,163,TAMPINES ST 12,TAMPINES
210 TAMPINES ST 23,210,TAMPINES ST 23,TAMPINES
925 TAMPINES ST 91,925,TAMPINES ST 91,TAMPINES
933 TAMPINES ST 91,933,TAMPINES ST 91,TAMPINES
262 TAMPINES ST 21,262,TAMPINES ST 21,TAMPINES
342 TAMPINES ST 33,342,TAMPINES ST 33,TAMPINES
366 TAMPINES ST 34,366,TAMPINES ST 34,TAMPINES
395 TAMPINES AVE 7,395,TAMPINES AVE 7,TAMPINES
385 TAMPINES ST 32,385,TAMPINES ST 32,TAMPINES
158 SIMEI RD,158,SIMEI RD,TAMPINES
880A TAMPINES AVE 8,880A,TAMPINES AVE 8,TAMPINES
493B TAMPINES AVE 9,493B,TAMPINES AVE 9,TAMPINES
233 SIMEI ST 4,233,SIMEI ST 4,TAMPINES
417 TAMPINES ST 41,417,TAMPINES ST 41,TAMPINES
384 TAMPINES ST 32,384,TAMPINES ST 32,TAMPINES
515D TAMPINES CTRL 7,515D,TAMPINES CTRL 7,TAMPINES
497J TAMPINES ST 45,497J,TAMPINES ST 45,TAMPINES
495F TAMPINES ST 43,495F,TAMPINES ST 43,TAMPINES
226 SIMEI ST 4,226,SIMEI ST 4,TAMPINES
160 LOR 1 TOA PAYOH,160,LOR 1 TOA PAYOH,TOA PAYOH
120 LOR 2 TOA PAYOH,120,LOR 2 TOA PAYOH,TOA PAYOH
54 LOR 5 TOA PAYOH,54,LOR 5 TOA PAYOH,TOA PAYOH
59 LOR 5 TOA PAYOH,59,LOR 5 TOA PAYOH,TOA PAYOH
233 LOR 8 TOA PAYOH,233,LOR 8 TOA PAYOH,TOA PAYOH
206 TOA PAYOH NTH,206,TOA PAYOH NTH,TOA PAYOH
168 LOR 1 TOA PAYOH,168,LOR 1 TOA PAYOH,TOA PAYOH
102 POTONG PASIR AVE 1,102,POTONG PASIR AVE 1,TOA PAYOH
214 LOR 8 TOA PAYOH,214,LOR 8 TOA PAYOH,TOA PAYOH
219 LOR 8 TOA PAYOH,219,LOR 8 TOA PAYOH,TOA PAYOH
248 KIM KEAT LINK,248,KIM KEAT LINK,TOA PAYOH
259 KIM KEAT AVE,259,KIM KEAT AVE,TOA PAYOH
45 LOR 5 TOA PAYOH,45,LOR 5 TOA PAYOH,TOA PAYOH
14 LOR 7 TOA PAYOH,14,LOR 7 TOA PAYOH,TOA PAYOH
152 LOR 2 TOA PAYOH,152,LOR 2 TOA PAYOH,TOA PAYOH
139A LOR 1A TOA PAYOH,139A,LOR 1A TOA PAYOH,TOA PAYOH
11 JOO SENG RD,11,JOO SENG RD,TOA PAYOH
14 JOO SENG RD,14,JOO SENG RD,TOA PAYOH
238 LOR 1 TOA PAYOH,238,LOR 1 TOA PAYOH,TOA PAYOH
122 POTONG PASIR AVE 1,122,POTONG PASIR AVE 1,TOA PAYOH
138A LOR 1A TOA PAYOH,138A,LOR 1A TOA PAYOH,TOA PAYOH
257 KIM KEAT AVE,257,KIM KEAT AVE,TOA PAYOH
254 KIM KEAT AVE,254,KIM KEAT AVE,TOA PAYOH
99B LOR 2 TOA PAYOH,99B,LOR 2 TOA PAYOH,TOA PAYOH
155 WOODLANDS ST 13,155,WOODLANDS ST 13,WOODLANDS
339 WOODLANDS AVE 1,339,WOODLANDS AVE 1,WOODLANDS
855 WOODLANDS ST 83,855,WOODLANDS ST 83,WOODLANDS
343 WOODLANDS AVE 1,343,WOODLANDS AVE 1,WOODLANDS
665 WOODLANDS RING RD,665,WOODLANDS RING RD,WOODLANDS
810 WOODLANDS ST 81,810,WOODLANDS ST 81,WOODLANDS
426 WOODLANDS ST 41,426,WOODLANDS ST 41,WOODLANDS
429 WOODLANDS ST 41,429,WOODLANDS ST 41,WOODLANDS
754 WOODLANDS CIRCLE,754,WOODLANDS CIRCLE,WOODLANDS
715 WOODLANDS DR 70,715,WOODLANDS DR 70,WOODLANDS
102 WOODLANDS ST 13,102,WOODLANDS ST 13,WOODLANDS
853 WOODLANDS ST 83,853,WOODLANDS ST 83,WOODLANDS
616 WOODLANDS AVE 4,616,WOODLANDS AVE 4,WOODLANDS
839 WOODLANDS ST 82,839,WOODLANDS ST 82,WOODLANDS
764A WOODLANDS CIRCLE,764A,WOODLANDS CIRCLE,WOODLANDS
682A WOODLANDS DR 62,682A,WOODLANDS DR 62,WOODLANDS
506 WOODLANDS DR 14,506,WOODLANDS DR 14,WOODLANDS
895C WOODLANDS DR 50,895C,WOODLANDS DR 50,WOODLANDS
689F WOODLANDS DR 75,689F,WOODLANDS DR 75,WOODLANDS
649 WOODLANDS RING RD,649,WOODLANDS RING RD,WOODLANDS
355 WOODLANDS AVE 1,355,WOODLANDS AVE 1,WOODLANDS
713 WOODLANDS DR 70,713,WOODLANDS DR 70,WOODLANDS
570C WOODLANDS AVE 1,570C,WOODLANDS AVE 1,WOODLANDS
353 WOODLANDS AVE 1,353,WOODLANDS AVE 1,WOODLANDS
512 WOODLANDS DR 14,512,WOODLANDS DR 14,WOODLANDS
745 WOODLANDS CIRCLE,745,WOODLANDS CIRCLE,WOODLANDS
582 WOODLANDS DR 16,582,WOODLANDS DR 16,WOODLANDS
625B WOODLANDS DR 52,625B,WOODLANDS DR 52,WOODLANDS
555 WOODLANDS DR 53,555,WOODLANDS DR 53,WOODLANDS
690D WOODLANDS DR 75,690D,WOODLANDS DR 75,WOODLANDS
744 WOODLANDS CIRCLE,744,WOODLANDS CIRCLE,WOODLANDS
136 MARSILING RD,136,MARSILING RD,WOODLANDS
409 WOODLANDS ST 41,409,WOODLANDS ST 41,WOODLANDS
168 WOODLANDS ST 11,168,WOODLANDS ST 11,WOODLANDS
892A WOODLANDS DR 50,892A,WOODLANDS DR 50,WOODLANDS
581 WOODLANDS DR 16,581,WOODLANDS DR 16,WOODLANDS
138 MARSILING RD,138,MARSILING RD,WOODLANDS
788E WOODLANDS CRES,788E,WOODLANDS CRES,WOODLANDS
827 WOODLANDS ST 81,827,WOODLANDS ST 81,WOODLANDS
323 WOODLANDS ST 32,323,WOODLANDS ST 32,WOODLANDS
361 WOODLANDS AVE 5,361,WOODLANDS AVE 5,WOODLANDS
111 WOODLANDS ST 13,111,WOODLANDS ST 13,WOODLANDS
807 WOODLANDS ST 81,807,WOODLANDS ST 81,WOODLANDS
763 YISHUN ST 72,763,YISHUN ST 72,YISHUN
123 YISHUN ST 11,123,YISHUN ST 11,YISHUN
399 YISHUN AVE 6,399,YISHUN AVE 6,YISHUN
121 YISHUN ST 11,121,YISHUN ST 11,YISHUN
144 YISHUN ST 11,144,YISHUN ST 11,YISHUN
402 YISHUN RING RD,402,YISHUN RING RD,YISHUN
131 YISHUN ST 11,131,YISHUN ST 11,YISHUN
442 YISHUN AVE 11,442,YISHUN AVE 11,YISHUN
704 YISHUN AVE 5,704,YISHUN AVE 5,YISHUN
320 YISHUN CTRL,320,YISHUN CTRL,YISHUN
440 YISHUN AVE 11,440,YISHUN AVE 11,YISHUN
250 YISHUN AVE 9,250,YISHUN AVE 9,YISHUN
639 YISHUN ST 61,639,YISHUN ST 61,YISHUN
653 YISHUN AVE 4,653,YISHUN AVE 4,YISHUN
254 YISHUN RING RD,254,YISHUN RING RD,YISHUN
638 YISHUN ST 61,638,YISHUN ST 61,YISHUN
626 YISHUN ST 61,626,YISHUN ST 61,YISHUN
864 YISHUN AVE 4,864,YISHUN AVE 4,YISHUN
203 YISHUN ST 21,203,YISHUN ST 21,YISHUN
157 YISHUN ST 11,157,YISHUN ST 11,YISHUN
120 YISHUN RING RD,120,YISHUN RING RD,YISHUN
602 YISHUN ST 61,602,YISHUN ST 61,YISHUN
232 YISHUN ST 21,232,YISHUN ST 21,YISHUN
792 YISHUN RING RD,792,YISHUN RING RD,YISHUN
663A YISHUN AVE 4,663A,YISHUN AVE 4,YISHUN
181 ANG MO KIO AVE 5,181,ANG MO KIO AVE 5,ANG MO KIO
212 ANG MO KIO AVE 3,212,ANG MO KIO AVE 3,ANG MO KIO
503 ANG MO KIO AVE 5,503,ANG MO KIO AVE 5,ANG MO KIO
449 ANG MO KIO AVE 10,449,ANG MO KIO AVE 10,ANG MO KIO
114 ANG MO KIO AVE 4,114,ANG MO KIO AVE 4,ANG MO KIO
560 ANG MO KIO AVE 10,560,ANG MO KIO AVE 10,ANG MO KIO
644 ANG MO KIO AVE 4,644,ANG MO KIO AVE 4,ANG MO KIO
578 ANG MO KIO AVE 10,578,ANG MO KIO AVE 10,ANG MO KIO
444 ANG MO KIO AVE 10,444,ANG MO KIO AVE 10,ANG MO KIO
321 ANG MO KIO AVE 1,321,ANG MO KIO AVE 1,ANG MO KIO
638 ANG MO KIO AVE 6,638,ANG MO KIO AVE 6,ANG MO KIO
415 ANG MO KIO AVE 10,415,ANG MO KIO AVE 10,ANG MO KIO
402 ANG MO KIO AVE 10,402,ANG MO KIO AVE 10,ANG MO KIO
725 ANG MO KIO AVE 6,725,ANG MO KIO AVE 6,ANG MO KIO
521 ANG MO KIO AVE 5,521,ANG MO KIO AVE 5,ANG MO KIO
352 ANG MO KIO ST 32,352,ANG MO KIO ST 32,ANG MO KIO
259 ANG MO KIO AVE 2,259,ANG MO KIO AVE 2,ANG MO KIO
36 CHAI CHEE AVE,36,CHAI CHEE AVE,BEDOK
109 BEDOK NTH RD,109,BEDOK NTH RD,BEDOK
86 BEDOK NTH ST 4,86,BEDOK NTH ST 4,BEDOK
426 BEDOK NTH RD,426,BEDOK NTH RD,BEDOK
608 BEDOK RESERVOIR RD,608,BEDOK RESERVOIR RD,BEDOK
626 BEDOK RESERVOIR RD,626,BEDOK RESERVOIR RD,BEDOK
43 CHAI CHEE ST,43,CHAI CHEE ST,BEDOK
708 BEDOK NTH RD,708,BEDOK NTH RD,BEDOK
667 JLN DAMAI,667,JLN DAMAI,BEDOK
408 BEDOK NTH AVE 2,408,BEDOK NTH AVE 2,BEDOK
764 BEDOK RESERVOIR VIEW,764,BEDOK RESERVOIR VIEW,BEDOK
112 BEDOK RESERVOIR RD,112,BEDOK RESERVOIR RD,BEDOK
51 CHAI CHEE ST,51,CHAI CHEE ST,BEDOK
670 JLN DAMAI,670,JLN DAMAI,BEDOK
553 BEDOK NTH AVE 1,553,BEDOK NTH AVE 1,BEDOK
714 BEDOK RESERVOIR RD,714,BEDOK RESERVOIR RD,BEDOK
506 BEDOK NTH AVE 3,506,BEDOK NTH AVE 3,BEDOK
21 BEDOK STH RD,21,BEDOK STH RD,BEDOK
34 CHAI CHEE AVE,34,CHAI CHEE AVE,BEDOK
10E BEDOK STH AVE 2,10E,BEDOK STH AVE 2,BEDOK
108 LENGKONG TIGA,108,LENGKONG TIGA,BEDOK
188 BISHAN ST 13,188,BISHAN ST 13,BISHAN
267 BISHAN ST 24,267,BISHAN ST 24,BISHAN
207 BISHAN ST 23,207,BISHAN ST 23,BISHAN
264 BISHAN ST 24,264,BISHAN ST 24,BISHAN
246 BISHAN ST 22,246,BISHAN ST 22,BISHAN
158 BISHAN ST 13,158,BISHAN ST 13,BISHAN
183 BISHAN ST 13,183,BISHAN ST 13,BISHAN
101 BISHAN ST 12,101,BISHAN ST 12,BISHAN
219 BISHAN ST 23,219,BISHAN ST 23,BISHAN
374 BT BATOK ST 31,374,BT BATOK ST 31,BUKIT BATOK
280 BT BATOK EAST AVE 3,280,BT BATOK EAST AVE 3,BUKIT BATOK
318 BT BATOK ST 32,318,BT BATOK ST 32,BUKIT BATOK
242 BT BATOK EAST AVE 5,242,BT BATOK EAST AVE 5,BUKIT BATOK
232 BT BATOK EAST AVE 5,232,BT BATOK EAST AVE 5,BUKIT BATOK
540 BT BATOK ST 52,540,BT BATOK ST 52,BUKIT BATOK
208 BT BATOK ST 21,208,BT BATOK ST 21,BUKIT BATOK
331 BT BATOK ST 33,331,BT BATOK ST 33,BUKIT BATOK
310 BT BATOK ST 32,310,BT BATOK ST 32,BUKIT BATOK
262 BT BATOK EAST AVE 4,262,BT BATOK EAST AVE 4,BUKIT BATOK
112 BT BATOK WEST AVE 6,112,BT BATOK WEST AVE 6,BUKIT BATOK
621 BT BATOK CTRL,621,BT BATOK CTRL,BUKIT BATOK
290G BT BATOK ST 24,290G,BT BATOK ST 24,BUKIT BATOK
366 BT BATOK ST 31,366,BT BATOK ST 31,BUKIT BATOK
122 BT BATOK CTRL,122,BT BATOK CTRL,BUKIT BATOK
50 HAVELOCK RD,50,HAVELOCK RD,BUKIT MERAH
20 JLN KLINIK,20,JLN KLINIK,BUKIT MERAH
107 BT PURMEI RD,107,BT PURMEI RD,BUKIT MERAH
1 JLN BT MERAH,1,JLN BT MERAH,BUKIT MERAH
141 JLN BT MERAH,141,JLN BT MERAH,BUKIT MERAH
5 TELOK BLANGAH CRES,5,TELOK BLANGAH CRES,BUKIT MERAH
15 TELOK BLANGAH CRES,15,TELOK BLANGAH CRES,BUKIT MERAH
6 TELOK BLANGAH CRES,6,TELOK BLANGAH CRES,BUKIT MERAH
149 SILAT AVE,149,SILAT AVE,BUKIT MERAH
1 EVERTON PK,1,EVERTON PK,BUKIT MERAH
49 KIM PONG RD,49,KIM PONG RD,BUKIT MERAH
59 TELOK BLANGAH HTS,59,TELOK BLANGAH HTS,BUKIT MERAH
109A DEPOT RD,109A,DEPOT RD,BUKIT MERAH
119D KIM TIAN RD,119D,KIM TIAN RD,BUKIT MERAH
25B JLN MEMBINA,25B,JLN MEMBINA,BUKIT MERAH
20 JLN MEMBINA,20,JLN MEMBINA,BUKIT MERAH
8A BOON TIONG RD,8A,BOON TIONG RD,BUKIT MERAH
113 DEPOT RD,113,DEPOT RD,BUKIT MERAH
106A DEPOT RD,106A,DEPOT RD,BUKIT MERAH
26 TELOK BLANGAH CRES,26,TELOK BLANGAH CRES,BUKIT MERAH
84 TELOK BLANGAH HTS,84,TELOK BLANGAH HTS,BUKIT MERAH
122 KIM TIAN RD,122,KIM TIAN RD,BUKIT MERAH
25A JLN MEMBINA,25A,JLN MEMBINA,BUKIT MERAH
63A LENGKOK BAHRU,63A,LENGKOK BAHRU,BUKIT MERAH
4A BOON TIONG RD,4A,BOON TIONG RD,BUKIT MERAH
105 GANGSA RD,105,GANGSA RD,BUKIT PANJANG
431 BT PANJANG RING RD,431,BT PANJANG RING RD,BUKIT PANJANG
524 JELAPANG RD,524,JELAPANG RD,BUKIT PANJANG
274 BANGKIT RD,274,BANGKIT RD,BUKIT PANJANG
520 JELAPANG RD,520,JELAPANG RD,BUKIT PANJANG
441 FAJAR RD,441,FAJAR RD,BUKIT PANJANG
238 BT PANJANG RING RD,238,BT PANJANG RING RD,BUKIT PANJANG
615 BT PANJANG RING RD,615,BT PANJANG RING RD,BUKIT PANJANG
450 BT PANJANG RING RD,450,BT PANJANG RING RD,BUKIT PANJANG
602 SENJA RD,602,SENJA RD,BUKIT PANJANG
633C SENJA RD,633C,SENJA RD,BUKIT PANJANG
478 SEGAR RD,478,SEGAR RD,BUKIT PANJANG
439 FAJAR RD,439,FAJAR RD,BUKIT PANJANG
432 BT PANJANG RING RD,432,BT PANJANG RING RD,BUKIT PANJANG
474 SEGAR RD,474,SEGAR RD,BUKIT PANJANG
610 SENJA RD,610,SENJA RD,BUKIT PANJANG
210 PETIR RD,210,PETIR RD,BUKIT PANJANG
153 GANGSA RD,153,GANGSA RD,BUKIT PANJANG
467 SEGAR RD,467,SEGAR RD,BUKIT PANJANG
254 BANGKIT RD,254,BANGKIT RD,BUKIT PANJANG
531 JELAPANG RD,531,JELAPANG RD,BUKIT PANJANG
607 SENJA RD,607,SENJA RD,BUKIT PANJANG
8 SELEGIE RD,8,SELEGIE RD,CENTRAL AREA
663 BUFFALO RD,663,BUFFALO RD,CENTRAL AREA
671B KLANG LANE,671B,KLANG LANE,CENTRAL AREA
110 TECK WHYE LANE,110,TECK WHYE LANE,CHOA CHU KANG
118 TECK WHYE LANE,118,TECK WHYE LANE,CHOA CHU KANG
296D CHOA CHU KANG AVE 2,296D,CHOA CHU KANG AVE 2,CHOA CHU KANG
701 CHOA CHU KANG ST 53,701,CHOA CHU KANG ST 53,CHOA CHU KANG
2 TECK WHYE AVE,2,TECK WHYE AVE,CHOA CHU KANG
226 CHOA CHU KANG CTRL,226,CHOA CHU KANG CTRL,CHOA CHU KANG
658 CHOA CHU KANG CRES,658,CHOA CHU KANG CRES,CHOA CHU KANG
686C CHOA CHU KANG CRES,686C,CHOA CHU KANG CRES,CHOA CHU KANG
439 CHOA CHU KANG AVE 4,439,CHOA CHU KANG AVE 4,CHOA CHU KANG
751 CHOA CHU KANG NTH 5,751,CHOA CHU KANG NTH 5,CHOA CHU KANG
569 CHOA CHU KANG ST 52,569,CHOA CHU KANG ST 52,CHOA CHU KANG
568 CHOA CHU KANG ST 52,568,CHOA CHU KANG ST 52,CHOA CHU KANG
463 CHOA CHU KANG AVE 4,463,CHOA CHU KANG AVE 4,CHOA CHU KANG
507 CHOA CHU KANG ST 51,507,CHOA CHU KANG ST 51,CHOA CHU KANG
451 CHOA CHU KANG AVE 4,451,CHOA CHU KANG AVE 4,CHOA CHU KANG
484C CHOA CHU KANG AVE 5,484C,CHOA CHU KANG AVE 5,CHOA CHU KANG
297C CHOA CHU KANG AVE 2,297C,CHOA CHU KANG AVE 2,CHOA CHU KANG
155 JLN TECK WHYE,155,JLN TECK WHYE,CHOA CHU KANG
7 TECK WHYE AVE,7,TECK WHYE AVE,CHOA CHU KANG
526 CHOA CHU KANG ST 51,526,CHOA CHU KANG ST 51,CHOA CHU KANG
108 TECK WHYE LANE,108,TECK WHYE LANE,CHOA CHU KANG
235 CHOA CHU KANG CTRL,235,CHOA CHU KANG CTRL,CHOA CHU KANG
109 TECK WHYE LANE,109,TECK WHYE LANE,CHOA CHU KANG
203 CHOA CHU KANG AVE 1,203,CHOA CHU KANG AVE 1,CHOA CHU KANG
557 CHOA CHU KANG NTH 6,557,CHOA CHU KANG NTH 6,CHOA CHU KANG
436 CHOA CHU KANG AVE 4,436,CHOA CHU KANG AVE 4,CHOA CHU KANG
306 CLEMENTI AVE 4,306,CLEMENTI AVE 4,CLEMENTI
304 CLEMENTI AVE 4,304,CLEMENTI AVE 4,CLEMENTI
326 CLEMENTI AVE 5,326,CLEMENTI AVE 5,CLEMENTI
703 WEST COAST RD,703,WEST COAST RD,CLEMENTI
381 CLEMENTI AVE 5,381,CLEMENTI AVE 5,CLEMENTI
417 CLEMENTI AVE 1,417,CLEMENTI AVE 1,CLEMENTI
118 CLEMENTI ST 13,118,CLEMENTI ST 13,CLEMENTI
111 CLEMENTI ST 13,111,CLEMENTI ST 13,CLEMENTI
85 CIRCUIT RD,85,CIRCUIT RD,GEYLANG
20 EUNOS CRES,20,EUNOS CRES,GEYLANG
329 UBI AVE 1,329,UBI AVE 1,GEYLANG
9 EUNOS CRES,9,EUNOS CRES,GEYLANG
32 EUNOS CRES,32,EUNOS CRES,GEYLANG
47 JLN TIGA,47,JLN TIGA,GEYLANG
51 SIMS DR,51,SIMS DR,GEYLANG
29 BALAM RD,29,BALAM RD,GEYLANG
33 BALAM RD,33,BALAM RD,GEYLANG
846 SIMS AVE,846,SIMS AVE,GEYLANG
132 GEYLANG EAST AVE 1,132,GEYLANG EAST AVE 1,GEYLANG
341 HOUGANG AVE 7,341,HOUGANG AVE 7,HOUGANG
254 HOUGANG AVE 3,254,HOUGANG AVE 3,HOUGANG
909 HOUGANG ST 91,909,HOUGANG ST 91,HOUGANG
418 HOUGANG AVE 8,418,HOUGANG AVE 8,HOUGANG
939 HOUGANG ST 92,939,HOUGANG ST 92,HOUGANG
950 HOUGANG ST 91,950,HOUGANG ST 91,HOUGANG
133 LOR AH SOO,133,LOR AH SOO,HOUGANG
444 HOUGANG AVE 8,444,HOUGANG AVE 8,HOUGANG
565 HOUGANG ST 51,565,HOUGANG ST 51,HOUGANG
137 LOR AH SOO,137,LOR AH SOO,HOUGANG
439 HOUGANG AVE 8,439,HOUGANG AVE 8,HOUGANG
234 HOUGANG AVE 1,234,HOUGANG AVE 1,HOUGANG
973 HOUGANG ST 91,973,HOUGANG ST 91,HOUGANG
945 HOUGANG ST 92,945,HOUGANG ST 92,HOUGANG
533 HOUGANG AVE 6,533,HOUGANG AVE 6,HOUGANG
54 TEBAN GDNS RD,54,TEBAN GDNS RD,JURONG EAST
102 JURONG EAST ST 13,102,JURONG EAST ST 13,JURONG EAST
47 TEBAN GDNS RD,47,TEBAN GDNS RD,JURONG EAST
275 TOH GUAN RD,275,TOH GUAN RD,JURONG EAST
266 TOH GUAN RD,266,TOH GUAN RD,JURONG EAST
404 PANDAN GDNS,404,PANDAN GDNS,JURONG EAST
263 JURONG EAST ST 24,263,JURONG EAST ST 24,JURONG EAST
413 PANDAN GDNS,413,PANDAN GDNS,JURONG EAST
309 JURONG EAST ST 32,309,JURONG EAST ST 32,JURONG EAST
106 JURONG EAST ST 13,106,JURONG EAST ST 13,JURONG EAST
440 JURONG WEST AVE 1,440,JURONG WEST AVE 1,JURONG WEST
502 JURONG WEST AVE 1,502,JURONG WEST AVE 1,JURONG WEST
534 JURONG WEST ST 52,534,JURONG WEST ST 52,JURONG WEST
495 JURONG WEST ST 41,495,JURONG WEST ST 41,JURONG WEST
823 JURONG WEST ST 81,823,JURONG WEST ST 81,JURONG WEST
921 JURONG WEST ST 92,921,JURONG WEST ST 92,JURONG WEST
527 JURONG WEST ST 52,527,JURONG WEST ST 52,JURONG WEST
557 JURONG WEST ST 42,557,JURONG WEST ST 42,JURONG WEST
731 JURONG WEST ST 72,731,JURONG WEST ST 72,JURONG WEST
152 YUNG HO RD,152,YUNG HO RD,JURONG WEST
457 JURONG WEST ST 41,457,JURONG WEST ST 41,JURONG WEST
490 JURONG WEST AVE 1,490,JURONG WEST AVE 1,JURONG WEST
650C JURONG WEST ST 61,650C,JURONG WEST ST 61,JURONG WEST
337B TAH CHING RD,337B,TAH CHING RD,JURONG WEST
661B JURONG WEST ST 64,661B,JURONG WEST ST 64,JURONG WEST
988B JURONG WEST ST 93,988B,JURONG WEST ST 93,JURONG WEST
622 JURONG WEST ST 61,622,JURONG WEST ST 61,JURONG WEST
658D JURONG WEST ST 65,658D,JURONG WEST ST 65,JURONG WEST
673B JURONG WEST ST 65,673B,JURONG WEST ST 65,JURONG WEST
637 JURONG WEST ST 61,637,JURONG WEST ST 61,JURONG WEST
625 JURONG WEST ST 61,625,JURONG WEST ST 61,JURONG WEST
662A JURONG WEST ST 64,662A,JURONG WEST ST 64,JURONG WEST
611 JURONG WEST ST 65,611,JURONG WEST ST 65,JURONG WEST
860 JURONG WEST ST 81,860,JURONG WEST ST 81,JURONG WEST
162 YUNG PING RD,162,YUNG PING RD,JURONG WEST
689 JURONG WEST CTRL 1,689,JURONG WEST CTRL 1,JURONG WEST
77 LOR LIMAU,77,LOR LIMAU,KALLANG/WHAMPOA
45 BENDEMEER RD,45,BENDEMEER RD,KALLANG/WHAMPOA
23 BENDEMEER RD,23,BENDEMEER RD,KALLANG/WHAMPOA
463 CRAWFORD LANE,463,CRAWFORD LANE,KALLANG/WHAMPOA
6 ST. GEORGE'S LANE,6,ST. GEORGE'S LANE,KALLANG/WHAMPOA
19 JLN TENTERAM,19,JLN TENTERAM,KALLANG/WHAMPOA
44 OWEN RD,44,OWEN RD,KALLANG/WHAMPOA
48 BENDEMEER RD,48,BENDEMEER RD,KALLANG/WHAMPOA
47 MARINE CRES,47,MARINE CRES,MARINE PARADE
67 MARINE DR,67,MARINE DR,MARINE PARADE
76 MARINE DR,76,MARINE DR,MARINE PARADE
254 PASIR RIS ST 21,254,PASIR RIS ST 21,PASIR RIS
772 PASIR RIS ST 71,772,PASIR RIS ST 71,PASIR RIS
450 PASIR RIS DR 6,450,PASIR RIS DR 6,PASIR RIS
758 PASIR RIS ST 71,758,PASIR RIS ST 71,PASIR RIS
485 PASIR RIS DR 4,485,PASIR RIS DR 4,PASIR RIS
472 PASIR RIS DR 6,472,PASIR RIS DR 6,PASIR RIS
415 PASIR RIS DR 6,415,PASIR RIS DR 6,PASIR RIS
551 PASIR RIS ST 51,551,PASIR RIS ST 51,PASIR RIS
708 PASIR RIS DR 10,708,PASIR RIS DR 10,PASIR RIS
556 PASIR RIS ST 51,556,PASIR RIS ST 51,PASIR RIS
160 PASIR RIS ST 13,160,PASIR RIS ST 13,PASIR RIS
206 PASIR RIS ST 21,206,PASIR RIS ST 21,PASIR RIS
136 PASIR RIS ST 11,136,PASIR RIS ST 11,PASIR RIS
250 PASIR RIS ST 21,250,PASIR RIS ST 21,PASIR RIS
717 PASIR RIS ST 72,717,PASIR RIS ST 72,PASIR RIS
603 ELIAS RD,603,ELIAS RD,PASIR RIS
457 PASIR RIS DR 4,457,PASIR RIS DR 4,PASIR RIS
235 PASIR RIS ST 21,235,PASIR RIS ST 21,PASIR RIS
585 PASIR RIS ST 53,585,PASIR RIS ST 53,PASIR RIS
623B PUNGGOL CTRL,623B,PUNGGOL CTRL,PUNGGOL
161A PUNGGOL CTRL,161A,PUNGGOL CTRL,PUNGGOL
174C EDGEDALE PLAINS,174C,EDGEDALE PLAINS,PUNGGOL
167C PUNGGOL EAST,167C,PUNGGOL EAST,PUNGGOL
195A PUNGGOL RD,195A,PUNGGOL RD,PUNGGOL
109A EDGEDALE PLAINS,109A,EDGEDALE PLAINS,PUNGGOL
172B EDGEDALE PLAINS,172B,EDGEDALE PLAINS,PUNGGOL
201B PUNGGOL FIELD,201B,PUNGGOL FIELD,PUNGGOL
175B PUNGGOL FIELD,175B,PUNGGOL FIELD,PUNGGOL
162A PUNGGOL CTRL,162A,PUNGGOL CTRL,PUNGGOL
110A PUNGGOL FIELD,110A,PUNGGOL FIELD,PUNGGOL
107D EDGEFIELD PLAINS,107D,EDGEFIELD PLAINS,PUNGGOL
115 EDGEFIELD PLAINS,115,EDGEFIELD PLAINS,PUNGGOL
93 C'WEALTH DR,93,C'WEALTH DR,QUEENSTOWN
99 C'WEALTH CRES,99,C'WEALTH CRES,QUEENSTOWN
32 HOLLAND CL,32,HOLLAND CL,QUEENSTOWN
158 MEI LING ST,158,MEI LING ST,QUEENSTOWN
42 HOLLAND DR,42,HOLLAND DR,QUEENSTOWN
62B STRATHMORE AVE,62B,STRATHMORE AVE,QUEENSTOWN
52 C'WEALTH DR,52,C'WEALTH DR,QUEENSTOWN
48 STRATHMORE AVE,48,STRATHMORE AVE,QUEENSTOWN
22 DOVER CRES,22,DOVER CRES,QUEENSTOWN
148 MEI LING ST,148,MEI LING ST,QUEENSTOWN
405 ADMIRALTY LINK,405,ADMIRALTY LINK,SEMBAWANG
480 SEMBAWANG DR,480,SEMBAWANG DR,SEMBAWANG
475 SEMBAWANG DR,475,SEMBAWANG DR,SEMBAWANG
467A ADMIRALTY DR,467A,ADMIRALTY DR,SEMBAWANG
466D SEMBAWANG DR,466D,SEMBAWANG DR,SEMBAWANG
354C ADMIRALTY DR,354C,ADMIRALTY DR,SEMBAWANG
359 ADMIRALTY DR,359,ADMIRALTY DR,SEMBAWANG
328 SEMBAWANG CRES,328,SEMBAWANG CRES,SEMBAWANG
504C CANBERRA LINK,504C,CANBERRA LINK,SEMBAWANG
418 CANBERRA RD,418,CANBERRA RD,SEMBAWANG
340A SEMBAWANG CL,340A,SEMBAWANG CL,SEMBAWANG
305 CANBERRA RD,305,CANBERRA RD,SEMBAWANG
354B ADMIRALTY DR,354B,ADMIRALTY DR,SEMBAWANG
359B ADMIRALTY DR,359B,ADMIRALTY DR,SEMBAWANG
447B JLN KAYU,447B,JLN KAYU,SENGKANG
247 COMPASSVALE RD,247,COMPASSVALE RD,SENGKANG
204A COMPASSVALE DR,204A,COMPASSVALE DR,SENGKANG
249 COMPASSVALE RD,249,COMPASSVALE RD,SENGKANG
117A RIVERVALE DR,117A,RIVERVALE DR,SENGKANG
269D COMPASSVALE LINK,269D,COMPASSVALE LINK,SENGKANG
269B COMPASSVALE LINK,269B,COMPASSVALE LINK,SENGKANG
231 COMPASSVALE WALK,231,COMPASSVALE WALK,SENGKANG
145 RIVERVALE DR,145,RIVERVALE DR,SENGKANG
186B RIVERVALE DR,186B,RIVERVALE DR,SENGKANG
200D SENGKANG EAST RD,200D,SENGKANG EAST RD,SENGKANG
226B COMPASSVALE WALK,226B,COMPASSVALE WALK,SENGKANG
206B COMPASSVALE LANE,206B,COMPASSVALE LANE,SENGKANG
318B ANCHORVALE LINK,318B,ANCHORVALE LINK,SENGKANG
290C COMPASSVALE CRES,290C,COMPASSVALE CRES,SENGKANG
207C COMPASSVALE LANE,207C,COMPASSVALE LANE,SENGKANG
325C SENGKANG EAST WAY,325C,SENGKANG EAST WAY,SENGKANG
291C COMPASSVALE ST,291C,COMPASSVALE ST,SENGKANG
202B SENGKANG EAST RD,202B,SENGKANG EAST RD,SENGKANG
237 SERANGOON AVE 3,237,SERANGOON AVE 3,SERANGOON
151 SERANGOON NTH AVE 2,151,SERANGOON NTH AVE 2,SERANGOON
541 SERANGOON NTH AVE 4,541,SERANGOON NTH AVE 4,SERANGOON
509 SERANGOON NTH AVE 4,509,SERANGOON NTH AVE 4,SERANGOON
229 SERANGOON AVE 4,229,SERANGOON AVE 4,SERANGOON
7 LOR LEW LIAN,7,LOR LEW LIAN,SERANGOON
332 SERANGOON AVE 3,332,SERANGOON AVE 3,SERANGOON
534 SERANGOON NTH AVE 4,534,SERANGOON NTH AVE 4,SERANGOON
121 SERANGOON NTH AVE 1,121,SERANGOON NTH AVE 1,SERANGOON
256 SERANGOON CTRL DR,256,SERANGOON CTRL DR,SERANGOON
506A SERANGOON NTH AVE 4,506A,SERANGOON NTH AVE 4,SERANGOON
236A SERANGOON AVE 2,236A,SERANGOON AVE 2,SERANGOON
829 TAMPINES ST 81,829,TAMPINES ST 81,TAMPINES
824 TAMPINES ST 81,824,TAMPINES ST 81,TAMPINES
277 TAMPINES ST 22,277,TAMPINES ST 22,TAMPINES
813 TAMPINES ST 81,813,TAMPINES ST 81,TAMPINES
807 TAMPINES AVE 4,807,TAMPINES AVE 4,TAMPINES
231 TAMPINES ST 21,231,TAMPINES ST 21,TAMPINES
250 TAMPINES ST 21,250,TAMPINES ST 21,TAMPINES
340 TAMPINES ST 33,340,TAMPINES ST 33,TAMPINES
351 TAMPINES ST 33,351,TAMPINES ST 33,TAMPINES
345 TAMPINES ST 33,345,TAMPINES ST 33,TAMPINES
834 TAMPINES ST 82,834,TAMPINES ST 82,TAMPINES
138 SIMEI ST 1,138,SIMEI ST 1,TAMPINES
876 TAMPINES ST 84,876,TAMPINES ST 84,TAMPINES
845 TAMPINES ST 83,845,TAMPINES ST 83,TAMPINES
735 TAMPINES ST 72,735,TAMPINES ST 72,TAMPINES
863A TAMPINES ST 83,863A,TAMPINES ST 83,TAMPINES
450A TAMPINES ST 42,450A,TAMPINES ST 42,TAMPINES
861A TAMPINES AVE 5,861A,TAMPINES AVE 5,TAMPINES
286 TAMPINES ST 22,286,TAMPINES ST 22,TAMPINES
141 TAMPINES ST 12,141,TAMPINES ST 12,TAMPINES
864 TAMPINES ST 83,864,TAMPINES ST 83,TAMPINES
936 TAMPINES AVE 5,936,TAMPINES AVE 5,TAMPINES
162 SIMEI RD,162,SIMEI RD,TAMPINES
508 TAMPINES CTRL 1,508,TAMPINES CTRL 1,TAMPINES
494C TAMPINES ST 43,494C,TAMPINES ST 43,TAMPINES
496D TAMPINES AVE 9,496D,TAMPINES AVE 9,TAMPINES
230B TAMPINES ST 24,230B,TAMPINES ST 24,TAMPINES
804 TAMPINES AVE 4,804,TAMPINES AVE 4,TAMPINES
381 TAMPINES ST 32,381,TAMPINES ST 32,TAMPINES
842C TAMPINES ST 82,842C,TAMPINES ST 82,TAMPINES
168D SIMEI LANE,168D,SIMEI LANE,TAMPINES
739 TAMPINES ST 72,739,TAMPINES ST 72,TAMPINES
498D TAMPINES ST 45,498D,TAMPINES ST 45,TAMPINES
495E TAMPINES ST 43,495E,TAMPINES ST 43,TAMPINES
230F TAMPINES ST 24,230F,TAMPINES ST 24,TAMPINES
230G TAMPINES ST 21,230G,TAMPINES ST 21,TAMPINES
331 TAMPINES ST 32,331,TAMPINES ST 32,TAMPINES
245 TAMPINES ST 21,245,TAMPINES ST 21,TAMPINES
147 SIMEI ST 2,147,SIMEI ST 2,TAMPINES
4 LOR 7 TOA PAYOH,4,LOR 7 TOA PAYOH,TOA PAYOH
159 LOR 1 TOA PAYOH,159,LOR 1 TOA PAYOH,TOA PAYOH
107 POTONG PASIR AVE 1,107,POTONG PASIR AVE 1,TOA PAYOH
138C LOR 1A TOA PAYOH,138C,LOR 1A TOA PAYOH,TOA PAYOH
202 TOA PAYOH NTH,202,TOA PAYOH NTH,TOA PAYOH
175 LOR 2 TOA PAYOH,175,LOR 2 TOA PAYOH,TOA PAYOH
84A LOR 2 TOA PAYOH,84A,LOR 2 TOA PAYOH,TOA PAYOH
244 KIM KEAT LINK,244,KIM KEAT LINK,TOA PAYOH
86 LOR 2 TOA PAYOH,86,LOR 2 TOA PAYOH,TOA PAYOH
140 POTONG PASIR AVE 3,140,POTONG PASIR AVE 3,TOA PAYOH
139B LOR 1A TOA PAYOH,139B,LOR 1A TOA PAYOH,TOA PAYOH
127 POTONG PASIR AVE 1,127,POTONG PASIR AVE 1,TOA PAYOH
16 MARSILING LANE,16,MARSILING LANE,WOODLANDS
149 WOODLANDS ST 13,149,WOODLANDS ST 13,WOODLANDS
319 WOODLANDS ST 31,319,WOODLANDS ST 31,WOODLANDS
27 MARSILING DR,27,MARSILING DR,WOODLANDS
347 WOODLANDS AVE 3,347,WOODLANDS AVE 3,WOODLANDS
689A WOODLANDS DR 75,689A,WOODLANDS DR 75,WOODLANDS
750 WOODLANDS AVE 4,750,WOODLANDS AVE 4,WOODLANDS
335 WOODLANDS ST 32,335,WOODLANDS ST 32,WOODLANDS
150 WOODLANDS ST 13,150,WOODLANDS ST 13,WOODLANDS
123 MARSILING RISE,123,MARSILING RISE,WOODLANDS
688E WOODLANDS DR 75,688E,WOODLANDS DR 75,WOODLANDS
164 WOODLANDS ST 13,164,WOODLANDS ST 13,WOODLANDS
870 WOODLANDS ST 81,870,WOODLANDS ST 81,WOODLANDS
721 WOODLANDS CIRCLE,721,WOODLANDS CIRCLE,WOODLANDS
874 WOODLANDS ST 82,874,WOODLANDS ST 82,WOODLANDS
690B WOODLANDS DR 75,690B,WOODLANDS DR 75,WOODLANDS
163 WOODLANDS ST 13,163,WOODLANDS ST 13,WOODLANDS
684A WOODLANDS DR 73,684A,WOODLANDS DR 73,WOODLANDS
718 WOODLANDS AVE 6,718,WOODLANDS AVE 6,WOODLANDS
37 MARSILING DR,37,MARSILING DR,WOODLANDS
622 WOODLANDS DR 52,622,WOODLANDS DR 52,WOODLANDS
349 WOODLANDS AVE 3,349,WOODLANDS AVE 3,WOODLANDS
763 WOODLANDS AVE 6,763,WOODLANDS AVE 6,WOODLANDS
545 WOODLANDS DR 16,545,WOODLANDS DR 16,WOODLANDS
685C WOODLANDS DR 73,685C,WOODLANDS DR 73,WOODLANDS
864 WOODLANDS ST 83,864,WOODLANDS ST 83,WOODLANDS
625A WOODLANDS DR 52,625A,WOODLANDS DR 52,WOODLANDS
788D WOODLANDS CRES,788D,WOODLANDS CRES,WOODLANDS
636 WOODLANDS RING RD,636,WOODLANDS RING RD,WOODLANDS
356 WOODLANDS AVE 5,356,WOODLANDS AVE 5,WOODLANDS
805 WOODLANDS ST 81,805,WOODLANDS ST 81,WOODLANDS
303 WOODLANDS ST 31,303,WOODLANDS ST 31,WOODLANDS
820 WOODLANDS ST 82,820,WOODLANDS ST 82,WOODLANDS
135 YISHUN ST 11,135,YISHUN ST 11,YISHUN
115 YISHUN RING RD,115,YISHUN RING RD,YISHUN
803 YISHUN RING RD,803,YISHUN RING RD,YISHUN
283 YISHUN AVE 6,283,YISHUN AVE 6,YISHUN
136 YISHUN RING RD,136,YISHUN RING RD,YISHUN
807 YISHUN RING RD,807,YISHUN RING RD,YISHUN
173 YISHUN AVE 7,173,YISHUN AVE 7,YISHUN
715 YISHUN ST 71,715,YISHUN ST 71,YISHUN
278 YISHUN ST 22,278,YISHUN ST 22,YISHUN
790 YISHUN AVE 2,790,YISHUN AVE 2,YISHUN
755 YISHUN ST 72,755,YISHUN ST 72,YISHUN
757 YISHUN ST 72,757,YISHUN ST 72,YISHUN
247 YISHUN AVE 9,247,YISHUN AVE 9,YISHUN
280 YISHUN ST 22,280,YISHUN ST 22,YISHUN
218 YISHUN ST 21,218,YISHUN ST 21,YISHUN
810 YISHUN RING RD,810,YISHUN RING RD,YISHUN
324 YISHUN CTRL,324,YISHUN CTRL,YISHUN
611 YISHUN ST 61,611,YISHUN ST 61,YISHUN
650 YISHUN AVE 4,650,YISHUN AVE 4,YISHUN
232 ANG MO KIO AVE 3,232,ANG MO KIO AVE 3,ANG MO KIO
587 ANG MO KIO AVE 3,587,ANG MO KIO AVE 3,ANG MO KIO
506 ANG MO KIO AVE 8,506,ANG MO KIO AVE 8,ANG MO KIO
421 ANG MO KIO AVE 10,421,ANG MO KIO AVE 10,ANG MO KIO
231 ANG MO KIO AVE 3,231,ANG MO KIO AVE 3,ANG MO KIO
226 ANG MO KIO AVE 1,226,ANG MO KIO AVE 1,ANG MO KIO
609 ANG MO KIO AVE 4,609,ANG MO KIO AVE 4,ANG MO KIO
307A ANG MO KIO AVE 1,307A,ANG MO KIO AVE 1,ANG MO KIO
401 ANG MO KIO AVE 10,401,ANG MO KIO AVE 10,ANG MO KIO
460 ANG MO KIO AVE 10,460,ANG MO KIO AVE 10,ANG MO KIO
102 BEDOK NTH AVE 4,102,BEDOK NTH AVE 4,BEDOK
88 BEDOK NTH ST 4,88,BEDOK NTH ST 4,BEDOK
702 BEDOK RESERVOIR RD,702,BEDOK RESERVOIR RD,BEDOK
410 BEDOK NTH AVE 2,410,BEDOK NTH AVE 2,BEDOK
704 BEDOK RESERVOIR RD,704,BEDOK RESERVOIR RD,BEDOK
213 BEDOK NTH ST 1,213,BEDOK NTH ST 1,BEDOK
61 CHAI CHEE RD,61,CHAI CHEE RD,BEDOK
123 BEDOK RESERVOIR RD,123,BEDOK RESERVOIR RD,BEDOK
63 NEW UPP CHANGI RD,63,NEW UPP CHANGI RD,BEDOK
671 JLN DAMAI,671,JLN DAMAI,BEDOK
411 BEDOK NTH AVE 2,411,BEDOK NTH AVE 2,BEDOK
762 BEDOK RESERVOIR VIEW,762,BEDOK RESERVOIR VIEW,BEDOK
159 BEDOK STH AVE 3,159,BEDOK STH AVE 3,BEDOK
25 CHAI CHEE RD,25,CHAI CHEE RD,BEDOK
115 LENGKONG TIGA,115,LENGKONG TIGA,BEDOK
53 CHAI CHEE ST,53,CHAI CHEE ST,BEDOK
774 BEDOK RESERVOIR VIEW,774,BEDOK RESERVOIR VIEW,BEDOK
172 BEDOK STH RD,172,BEDOK STH RD,BEDOK
773 BEDOK RESERVOIR VIEW,773,BEDOK RESERVOIR VIEW,BEDOK
406 BEDOK NTH AVE 3,406,BEDOK NTH AVE 3,BEDOK
54 NEW UPP CHANGI RD,54,NEW UPP CHANGI RD,BEDOK
11 CHAI CHEE RD,11,CHAI CHEE RD,BEDOK
717 BEDOK RESERVOIR RD,717,BEDOK RESERVOIR RD,BEDOK
112 LENGKONG TIGA,112,LENGKONG TIGA,BEDOK
10D BEDOK STH AVE 2,10D,BEDOK STH AVE 2,BEDOK
25 SIN MING RD,25,SIN MING RD,BISHAN
449 SIN MING AVE,449,SIN MING AVE,BISHAN
155 BISHAN ST 13,155,BISHAN ST 13,BISHAN
248 BISHAN ST 22,248,BISHAN ST 22,BISHAN
270 BISHAN ST 24,270,BISHAN ST 24,BISHAN
269 BISHAN ST 24,269,BISHAN ST 24,BISHAN
259 BISHAN ST 22,259,BISHAN ST 22,BISHAN
232 BISHAN ST 22,232,BISHAN ST 22,BISHAN
285 BISHAN ST 22,285,BISHAN ST 22,BISHAN
212 BISHAN ST 23,212,BISHAN ST 23,BISHAN
301 SHUNFU RD,301,SHUNFU RD,BISHAN
139 BT BATOK WEST AVE 6,139,BT BATOK WEST AVE 6,BUKIT BATOK
264 BT BATOK EAST AVE 4,264,BT BATOK EAST AVE 4,BUKIT BATOK
317 BT BATOK ST 32,317,BT BATOK ST 32,BUKIT BATOK
531 BT BATOK ST 51,531,BT BATOK ST 51,BUKIT BATOK
263 BT BATOK EAST AVE 4,263,BT BATOK EAST AVE 4,BUKIT BATOK
209 BT BATOK ST 21,209,BT BATOK ST 21,BUKIT BATOK
172 BT BATOK WEST AVE 8,172,BT BATOK WEST AVE 8,BUKIT BATOK
214 BT BATOK ST 21,214,BT BATOK ST 21,BUKIT BATOK
107 JLN BT MERAH,107,JLN BT MERAH,BUKIT MERAH
132 JLN BT MERAH,132,JLN BT MERAH,BUKIT MERAH
77 INDUS RD,77,INDUS RD,BUKIT MERAH
34 TELOK BLANGAH WAY,34,TELOK BLANGAH WAY,BUKIT MERAH
56 TELOK BLANGAH HTS,56,TELOK BLANGAH HTS,BUKIT MERAH
17A TELOK BLANGAH CRES,17A,TELOK BLANGAH CRES,BUKIT MERAH
135 JLN BT MERAH,135,JLN BT MERAH,BUKIT MERAH
83 REDHILL LANE,83,REDHILL LANE,BUKIT MERAH
27B JLN MEMBINA,27B,JLN MEMBINA,BUKIT MERAH
139 JLN BT MERAH,139,JLN BT MERAH,BUKIT MERAH
115 PENDING RD,115,PENDING RD,BUKIT PANJANG
207 PETIR RD,207,PETIR RD,BUKIT PANJANG
475 SEGAR RD,475,SEGAR RD,BUKIT PANJANG
148 GANGSA RD,148,GANGSA RD,BUKIT PANJANG
255 BANGKIT RD,255,BANGKIT RD,BUKIT PANJANG
412 SAUJANA RD,412,SAUJANA RD,BUKIT PANJANG
251 BANGKIT RD,251,BANGKIT RD,BUKIT PANJANG
259 BT PANJANG RING RD,259,BT PANJANG RING RD,BUKIT PANJANG
252 BANGKIT RD,252,BANGKIT RD,BUKIT PANJANG
530 JELAPANG RD,530,JELAPANG RD,BUKIT PANJANG
540 JELAPANG RD,540,JELAPANG RD,BUKIT PANJANG
442 FAJAR RD,442,FAJAR RD,BUKIT PANJANG
451 FAJAR RD,451,FAJAR RD,BUKIT PANJANG
614 SENJA RD,614,SENJA RD,BUKIT PANJANG
146 GANGSA RD,146,GANGSA RD,BUKIT PANJANG
480 SEGAR RD,480,SEGAR RD,BUKIT PANJANG
535 BT PANJANG RING RD,535,BT PANJANG RING RD,BUKIT PANJANG
426 FAJAR RD,426,FAJAR RD,BUKIT PANJANG
655 SENJA RD,655,SENJA RD,BUKIT PANJANG
9 SELEGIE RD,9,SELEGIE RD,CENTRAL AREA
263 WATERLOO ST,263,WATERLOO ST,CENTRAL AREA
671A KLANG LANE,671A,KLANG LANE,CENTRAL AREA
639 ROWELL RD,639,ROWELL RD,CENTRAL AREA
535 CHOA CHU KANG ST 51,535,CHOA CHU KANG ST 51,CHOA CHU KANG
288 CHOA CHU KANG AVE 3,288,CHOA CHU KANG AVE 3,CHOA CHU KANG
464 CHOA CHU KANG AVE 4,464,CHOA CHU KANG AVE 4,CHOA CHU KANG
675 CHOA CHU KANG CRES,675,CHOA CHU KANG CRES,CHOA CHU KANG
205 CHOA CHU KANG CTRL,205,CHOA CHU KANG CTRL,CHOA CHU KANG
58 CIRCUIT RD,58,CIRCUIT RD,GEYLANG
469 CHOA CHU KANG AVE 3,469,CHOA CHU KANG AVE 3,CHOA CHU KANG
761 CHOA CHU KANG NTH 5,761,CHOA CHU KANG NTH 5,CHOA CHU KANG
762 CHOA CHU KANG NTH 5,762,CHOA CHU KANG NTH 5,CHOA CHU KANG
769 CHOA CHU KANG ST 54,769,CHOA CHU KANG ST 54,CHOA CHU KANG
431 CHOA CHU KANG AVE 4,431,CHOA CHU KANG AVE 4,CHOA CHU KANG
610 CHOA CHU KANG ST 62,610,CHOA CHU KANG ST 62,CHOA CHU KANG
616 CHOA CHU KANG ST 62,616,CHOA CHU KANG ST 62,CHOA CHU KANG
14 TECK WHYE LANE,14,TECK WHYE LANE,CHOA CHU KANG
485D CHOA CHU KANG AVE 5,485D,CHOA CHU KANG AVE 5,CHOA CHU KANG
354 CHOA CHU KANG CTRL,354,CHOA CHU KANG CTRL,CHOA CHU KANG
503 CHOA CHU KANG ST 51,503,CHOA CHU KANG ST 51,CHOA CHU KANG
671A CHOA CHU KANG CRES,671A,CHOA CHU KANG CRES,CHOA CHU KANG
417 CHOA CHU KANG AVE 4,417,CHOA CHU KANG AVE 4,CHOA CHU KANG
560 CHOA CHU KANG NTH 6,560,CHOA CHU KANG NTH 6,CHOA CHU KANG
292 CHOA CHU KANG AVE 3,292,CHOA CHU KANG AVE 3,CHOA CHU KANG
367 CLEMENTI AVE 2,367,CLEMENTI AVE 2,CLEMENTI
429 CLEMENTI AVE 3,429,CLEMENTI AVE 3,CLEMENTI
318 CLEMENTI AVE 4,318,CLEMENTI AVE 4,CLEMENTI
201 CLEMENTI AVE 6,201,CLEMENTI AVE 6,CLEMENTI
32 BALAM RD,32,BALAM RD,GEYLANG
17 EUNOS CRES,17,EUNOS CRES,GEYLANG
54 CASSIA CRES,54,CASSIA CRES,GEYLANG
42 CASSIA CRES,42,CASSIA CRES,GEYLANG
35 CIRCUIT RD,35,CIRCUIT RD,GEYLANG
346 UBI AVE 1,346,UBI AVE 1,GEYLANG
327 UBI AVE 1,327,UBI AVE 1,GEYLANG
44 SIMS DR,44,SIMS DR,GEYLANG
323 UBI AVE 1,323,UBI AVE 1,GEYLANG
31 BALAM RD,31,BALAM RD,GEYLANG
105 ALJUNIED CRES,105,ALJUNIED CRES,GEYLANG
126 GEYLANG EAST AVE 1,126,GEYLANG EAST AVE 1,GEYLANG
322 UBI AVE 1,322,UBI AVE 1,GEYLANG
126 ALJUNIED RD,126,ALJUNIED RD,GEYLANG
6 HAIG RD,6,HAIG RD,GEYLANG
62 DAKOTA CRES,62,DAKOTA CRES,GEYLANG
334 UBI AVE 1,334,UBI AVE 1,GEYLANG
632 HOUGANG AVE 8,632,HOUGANG AVE 8,HOUGANG
7 HOUGANG AVE 3,7,HOUGANG AVE 3,HOUGANG
658 HOUGANG AVE 8,658,HOUGANG AVE 8,HOUGANG
23 HOUGANG AVE 3,23,HOUGANG AVE 3,HOUGANG
689 HOUGANG ST 61,689,HOUGANG ST 61,HOUGANG
662 HOUGANG AVE 4,662,HOUGANG AVE 4,HOUGANG
627 HOUGANG AVE 8,627,HOUGANG AVE 8,HOUGANG
636 HOUGANG AVE 8,636,HOUGANG AVE 8,HOUGANG
970 HOUGANG ST 91,970,HOUGANG ST 91,HOUGANG
510 HOUGANG AVE 10,510,HOUGANG AVE 10,HOUGANG
981B BUANGKOK CRES,981B,BUANGKOK CRES,HOUGANG
516 HOUGANG AVE 10,516,HOUGANG AVE 10,HOUGANG
18 HOUGANG AVE 3,18,HOUGANG AVE 3,HOUGANG
540 HOUGANG AVE 8,540,HOUGANG AVE 8,HOUGANG
831 HOUGANG CTRL,831,HOUGANG CTRL,HOUGANG
453 HOUGANG AVE 10,453,HOUGANG AVE 10,HOUGANG
170 HOUGANG AVE 1,170,HOUGANG AVE 1,HOUGANG
405 HOUGANG AVE 10,405,HOUGANG AVE 10,HOUGANG
370 HOUGANG ST 31,370,HOUGANG ST 31,HOUGANG
320 HOUGANG AVE 5,320,HOUGANG AVE 5,HOUGANG
985B BUANGKOK CRES,985B,BUANGKOK CRES,HOUGANG
913 HOUGANG ST 91,913,HOUGANG ST 91,HOUGANG
979B BUANGKOK CRES,979B,BUANGKOK CRES,HOUGANG
964 HOUGANG AVE 9,964,HOUGANG AVE 9,HOUGANG
576 HOUGANG AVE 4,576,HOUGANG AVE 4,HOUGANG
521 HOUGANG AVE 6,521,HOUGANG AVE 6,HOUGANG
129 LOR AH SOO,129,LOR AH SOO,HOUGANG
122 HOUGANG AVE 1,122,HOUGANG AVE 1,HOUGANG
312 HOUGANG AVE 5,312,HOUGANG AVE 5,HOUGANG
853 HOUGANG CTRL,853,HOUGANG CTRL,HOUGANG
215A JURONG EAST ST 21,215A,JURONG EAST ST 21,JURONG EAST
208 JURONG EAST ST 21,208,JURONG EAST ST 21,JURONG EAST
20 TEBAN GDNS RD,20,TEBAN GDNS RD,JURONG EAST
340 JURONG EAST AVE 1,340,JURONG EAST AVE 1,JURONG EAST
288D JURONG EAST ST 21,288D,JURONG EAST ST 21,JURONG EAST
286D TOH GUAN RD,286D,TOH GUAN RD,JURONG EAST
327 JURONG EAST ST 31,327,JURONG EAST ST 31,JURONG EAST
323 JURONG EAST ST 31,323,JURONG EAST ST 31,JURONG EAST
287B JURONG EAST ST 21,287B,JURONG EAST ST 21,JURONG EAST
114 HO CHING RD,114,HO CHING RD,JURONG WEST
473 JURONG WEST ST 41,473,JURONG WEST ST 41,JURONG WEST
536 JURONG WEST ST 52,536,JURONG WEST ST 52,JURONG WEST
414 JURONG WEST ST 42,414,JURONG WEST ST 42,JURONG WEST
944 JURONG WEST ST 91,944,JURONG WEST ST 91,JURONG WEST
922 JURONG WEST ST 92,922,JURONG WEST ST 92,JURONG WEST
717 JURONG WEST ST 71,717,JURONG WEST ST 71,JURONG WEST
923 JURONG WEST ST 92,923,JURONG WEST ST 92,JURONG WEST
977 JURONG WEST ST 93,977,JURONG WEST ST 93,JURONG WEST
554 JURONG WEST ST 42,554,JURONG WEST ST 42,JURONG WEST
465 JURONG WEST ST 41,465,JURONG WEST ST 41,JURONG WEST
546 JURONG WEST ST 42,546,JURONG WEST ST 42,JURONG WEST
642 JURONG WEST ST 61,642,JURONG WEST ST 61,JURONG WEST
350 CORPORATION DR,350,CORPORATION DR,JURONG WEST
691 JURONG WEST CTRL 1,691,JURONG WEST CTRL 1,JURONG WEST
913 JURONG WEST ST 91,913,JURONG WEST ST 91,JURONG WEST
272B JURONG WEST ST 24,272B,JURONG WEST ST 24,JURONG WEST
849 JURONG WEST ST 81,849,JURONG WEST ST 81,JURONG WEST
675A JURONG WEST ST 64,675A,JURONG WEST ST 64,JURONG WEST
667C JURONG WEST ST 65,667C,JURONG WEST ST 65,JURONG WEST
986A JURONG WEST ST 93,986A,JURONG WEST ST 93,JURONG WEST
987B JURONG WEST ST 93,987B,JURONG WEST ST 93,JURONG WEST
989A JURONG WEST ST 93,989A,JURONG WEST ST 93,JURONG WEST
529 JURONG WEST ST 52,529,JURONG WEST ST 52,JURONG WEST
682B JURONG WEST CTRL 1,682B,JURONG WEST CTRL 1,JURONG WEST
405 JURONG WEST ST 42,405,JURONG WEST ST 42,JURONG WEST
859 JURONG WEST ST 81,859,JURONG WEST ST 81,JURONG WEST
331 TAH CHING RD,331,TAH CHING RD,JURONG WEST
669D JURONG WEST ST 64,669D,JURONG WEST ST 64,JURONG WEST
334 KANG CHING RD,334,KANG CHING RD,JURONG WEST
82 WHAMPOA DR,82,WHAMPOA DR,KALLANG/WHAMPOA
97 WHAMPOA DR,97,WHAMPOA DR,KALLANG/WHAMPOA
2 ST. GEORGE'S RD,2,ST. GEORGE'S RD,KALLANG/WHAMPOA
14 ST. GEORGE'S RD,14,ST. GEORGE'S RD,KALLANG/WHAMPOA
38B BENDEMEER RD,38B,BENDEMEER RD,KALLANG/WHAMPOA
467 NTH BRIDGE RD,467,NTH BRIDGE RD,KALLANG/WHAMPOA
806 KING GEORGE'S AVE,806,KING GEORGE'S AVE,KALLANG/WHAMPOA
26 BENDEMEER RD,26,BENDEMEER RD,KALLANG/WHAMPOA
28 BENDEMEER RD,28,BENDEMEER RD,KALLANG/WHAMPOA
23 ST. GEORGE'S RD,23,ST. GEORGE'S RD,KALLANG/WHAMPOA
15 UPP BOON KENG RD,15,UPP BOON KENG RD,KALLANG/WHAMPOA
15 FARRER PK RD,15,FARRER PK RD,KALLANG/WHAMPOA
114 WHAMPOA RD,114,WHAMPOA RD,KALLANG/WHAMPOA
38 CAMBRIDGE RD,38,CAMBRIDGE RD,KALLANG/WHAMPOA
101 AH HOOD RD,101,AH HOOD RD,KALLANG/WHAMPOA
106 JLN RAJAH,106,JLN RAJAH,KALLANG/WHAMPOA
6 MARINE TER,6,MARINE TER,MARINE PARADE
14 MARINE TER,14,MARINE TER,MARINE PARADE
150 PASIR RIS ST 13,150,PASIR RIS ST 13,PASIR RIS
446 PASIR RIS DR 6,446,PASIR RIS DR 6,PASIR RIS
762 PASIR RIS ST 71,762,PASIR RIS ST 71,PASIR RIS
749 PASIR RIS ST 71,749,PASIR RIS ST 71,PASIR RIS
451 PASIR RIS DR 6,451,PASIR RIS DR 6,PASIR RIS
214 PASIR RIS ST 21,214,PASIR RIS ST 21,PASIR RIS
569 PASIR RIS ST 51,569,PASIR RIS ST 51,PASIR RIS
193 PASIR RIS ST 12,193,PASIR RIS ST 12,PASIR RIS
143 PASIR RIS ST 11,143,PASIR RIS ST 11,PASIR RIS
145 PASIR RIS ST 11,145,PASIR RIS ST 11,PASIR RIS
776 PASIR RIS ST 71,776,PASIR RIS ST 71,PASIR RIS
275 PASIR RIS ST 21,275,PASIR RIS ST 21,PASIR RIS
272 PASIR RIS ST 21,272,PASIR RIS ST 21,PASIR RIS
740 PASIR RIS ST 71,740,PASIR RIS ST 71,PASIR RIS
244 PASIR RIS ST 21,244,PASIR RIS ST 21,PASIR RIS
463 PASIR RIS ST 41,463,PASIR RIS ST 41,PASIR RIS
601 ELIAS RD,601,ELIAS RD,PASIR RIS
128 PASIR RIS ST 11,128,PASIR RIS ST 11,PASIR RIS
537 PASIR RIS ST 51,537,PASIR RIS ST 51,PASIR RIS
459 PASIR RIS DR 4,459,PASIR RIS DR 4,PASIR RIS
466 PASIR RIS ST 41,466,PASIR RIS ST 41,PASIR RIS
586 PASIR RIS ST 53,586,PASIR RIS ST 53,PASIR RIS
635B PUNGGOL DR,635B,PUNGGOL DR,PUNGGOL
110C PUNGGOL FIELD,110C,PUNGGOL FIELD,PUNGGOL
195C PUNGGOL RD,195C,PUNGGOL RD,PUNGGOL
168A PUNGGOL EAST,168A,PUNGGOL EAST,PUNGGOL
169B PUNGGOL FIELD,169B,PUNGGOL FIELD,PUNGGOL
168C PUNGGOL FIELD,168C,PUNGGOL FIELD,PUNGGOL
168D PUNGGOL FIELD,168D,PUNGGOL FIELD,PUNGGOL
106D PUNGGOL FIELD,106D,PUNGGOL FIELD,PUNGGOL
128C PUNGGOL FIELD WALK,128C,PUNGGOL FIELD WALK,PUNGGOL
107B EDGEFIELD PLAINS,107B,EDGEFIELD PLAINS,PUNGGOL
202B PUNGGOL FIELD,202B,PUNGGOL FIELD,PUNGGOL
642B PUNGGOL DR,642B,PUNGGOL DR,PUNGGOL
271B PUNGGOL WALK,271B,PUNGGOL WALK,PUNGGOL
87 C'WEALTH CL,87,C'WEALTH CL,QUEENSTOWN
21 DOVER CRES,21,DOVER CRES,QUEENSTOWN
19 DOVER CRES,19,DOVER CRES,QUEENSTOWN
5 HOLLAND CL,5,HOLLAND CL,QUEENSTOWN
19 QUEEN'S CL,19,QUEEN'S CL,QUEENSTOWN
129 CLARENCE LANE,129,CLARENCE LANE,QUEENSTOWN
82 STRATHMORE AVE,82,STRATHMORE AVE,QUEENSTOWN
589D MONTREAL DR,589D,MONTREAL DR,SEMBAWANG
302 CANBERRA RD,302,CANBERRA RD,SEMBAWANG
436D FERNVALE RD,436D,FERNVALE RD,SENGKANG
406B FERNVALE RD,406B,FERNVALE RD,SENGKANG
264C COMPASSVALE BOW,264C,COMPASSVALE BOW,SENGKANG
187B RIVERVALE DR,187B,RIVERVALE DR,SENGKANG
309A ANCHORVALE RD,309A,ANCHORVALE RD,SENGKANG
124 RIVERVALE DR,124,RIVERVALE DR,SENGKANG
246 COMPASSVALE RD,246,COMPASSVALE RD,SENGKANG
253 COMPASSVALE ST,253,COMPASSVALE ST,SENGKANG
311B ANCHORVALE LANE,311B,ANCHORVALE LANE,SENGKANG
134 RIVERVALE ST,134,RIVERVALE ST,SENGKANG
254 COMPASSVALE RD,254,COMPASSVALE RD,SENGKANG
291B COMPASSVALE ST,291B,COMPASSVALE ST,SENGKANG
116A RIVERVALE DR,116A,RIVERVALE DR,SENGKANG
403A FERNVALE LANE,403A,FERNVALE LANE,SENGKANG
259C COMPASSVALE RD,259C,COMPASSVALE RD,SENGKANG
204B COMPASSVALE DR,204B,COMPASSVALE DR,SENGKANG
103 RIVERVALE WALK,103,RIVERVALE WALK,SENGKANG
147 RIVERVALE CRES,147,RIVERVALE CRES,SENGKANG
136 RIVERVALE ST,136,RIVERVALE ST,SENGKANG
106 SERANGOON NTH AVE 1,106,SERANGOON NTH AVE 1,SERANGOON
535A SERANGOON NTH AVE 4,535A,SERANGOON NTH AVE 4,SERANGOON
546 SERANGOON NTH AVE 3,546,SERANGOON NTH AVE 3,SERANGOON
245 SERANGOON AVE 2,245,SERANGOON AVE 2,SERANGOON
6 LOR LEW LIAN,6,LOR LEW LIAN,SERANGOON
414 SERANGOON CTRL,414,SERANGOON CTRL,SERANGOON
427 SERANGOON CTRL,427,SERANGOON CTRL,SERANGOON
523 SERANGOON NTH AVE 4,523,SERANGOON NTH AVE 4,SERANGOON
213 SERANGOON AVE 4,213,SERANGOON AVE 4,SERANGOON
333 SERANGOON AVE 3,333,SERANGOON AVE 3,SERANGOON
138 SERANGOON NTH AVE 2,138,SERANGOON NTH AVE 2,SERANGOON
223 TAMPINES ST 24,223,TAMPINES ST 24,TAMPINES
407 TAMPINES ST 41,407,TAMPINES ST 41,TAMPINES
291 TAMPINES ST 22,291,TAMPINES ST 22,TAMPINES
446 TAMPINES ST 42,446,TAMPINES ST 42,TAMPINES
451 TAMPINES ST 42,451,TAMPINES ST 42,TAMPINES
319 TAMPINES ST 33,319,TAMPINES ST 33,TAMPINES
856 TAMPINES ST 82,856,TAMPINES ST 82,TAMPINES
867 TAMPINES ST 83,867,TAMPINES ST 83,TAMPINES
708 TAMPINES ST 71,708,TAMPINES ST 71,TAMPINES
927 TAMPINES ST 91,927,TAMPINES ST 91,TAMPINES
498A TAMPINES ST 45,498A,TAMPINES ST 45,TAMPINES
705 TAMPINES ST 71,705,TAMPINES ST 71,TAMPINES
909 TAMPINES AVE 4,909,TAMPINES AVE 4,TAMPINES
902 TAMPINES AVE 4,902,TAMPINES AVE 4,TAMPINES
278 TAMPINES ST 22,278,TAMPINES ST 22,TAMPINES
294 TAMPINES ST 22,294,TAMPINES ST 22,TAMPINES
154 SIMEI ST 1,154,SIMEI ST 1,TAMPINES
289 TAMPINES ST 22,289,TAMPINES ST 22,TAMPINES
449 TAMPINES ST 42,449,TAMPINES ST 42,TAMPINES
926 TAMPINES ST 91,926,TAMPINES ST 91,TAMPINES
498H TAMPINES ST 45,498H,TAMPINES ST 45,TAMPINES
373 TAMPINES ST 34,373,TAMPINES ST 34,TAMPINES
127 TAMPINES ST 11,127,TAMPINES ST 11,TAMPINES
497A TAMPINES ST 45,497A,TAMPINES ST 45,TAMPINES
394 TAMPINES AVE 7,394,TAMPINES AVE 7,TAMPINES
230C TAMPINES ST 24,230C,TAMPINES ST 24,TAMPINES
727 TAMPINES ST 71,727,TAMPINES ST 71,TAMPINES
145 SIMEI ST 2,145,SIMEI ST 2,TAMPINES
518C TAMPINES CTRL 7,518C,TAMPINES CTRL 7,TAMPINES
148 TAMPINES AVE 5,148,TAMPINES AVE 5,TAMPINES
889 TAMPINES ST 81,889,TAMPINES ST 81,TAMPINES
431 TAMPINES ST 41,431,TAMPINES ST 41,TAMPINES
310 TAMPINES ST 32,310,TAMPINES ST 32,TAMPINES
893 TAMPINES AVE 8,893,TAMPINES AVE 8,TAMPINES
863 TAMPINES ST 83,863,TAMPINES ST 83,TAMPINES
94 LOR 4 TOA PAYOH,94,LOR 4 TOA PAYOH,TOA PAYOH
4 UPP ALJUNIED LANE,4,UPP ALJUNIED LANE,TOA PAYOH
2 UPP ALJUNIED LANE,2,UPP ALJUNIED LANE,TOA PAYOH
231 LOR 8 TOA PAYOH,231,LOR 8 TOA PAYOH,TOA PAYOH
126 LOR 1 TOA PAYOH,126,LOR 1 TOA PAYOH,TOA PAYOH
174 LOR 1 TOA PAYOH,174,LOR 1 TOA PAYOH,TOA PAYOH
249 KIM KEAT LINK,249,KIM KEAT LINK,TOA PAYOH
250 KIM KEAT LINK,250,KIM KEAT LINK,TOA PAYOH
82 LOR 4 TOA PAYOH,82,LOR 4 TOA PAYOH,TOA PAYOH
138 POTONG PASIR AVE 3,138,POTONG PASIR AVE 3,TOA PAYOH
84 LOR 2 TOA PAYOH,84,LOR 2 TOA PAYOH,TOA PAYOH
80A LOR 4 TOA PAYOH,80A,LOR 4 TOA PAYOH,TOA PAYOH
217 LOR 8 TOA PAYOH,217,LOR 8 TOA PAYOH,TOA PAYOH
215 LOR 8 TOA PAYOH,215,LOR 8 TOA PAYOH,TOA PAYOH
216 LOR 8 TOA PAYOH,216,LOR 8 TOA PAYOH,TOA PAYOH
50 LOR 5 TOA PAYOH,50,LOR 5 TOA PAYOH,TOA PAYOH
172 LOR 1 TOA PAYOH,172,LOR 1 TOA PAYOH,TOA PAYOH
151 WOODLANDS ST 13,151,WOODLANDS ST 13,WOODLANDS
570A WOODLANDS AVE 1,570A,WOODLANDS AVE 1,WOODLANDS
570B WOODLANDS AVE 1,570B,WOODLANDS AVE 1,WOODLANDS
748 WOODLANDS CIRCLE,748,WOODLANDS CIRCLE,WOODLANDS
756 WOODLANDS AVE 4,756,WOODLANDS AVE 4,WOODLANDS
645 WOODLANDS RING RD,645,WOODLANDS RING RD,WOODLANDS
664 WOODLANDS RING RD,664,WOODLANDS RING RD,WOODLANDS
630 WOODLANDS RING RD,630,WOODLANDS RING RD,WOODLANDS
736 WOODLANDS CIRCLE,736,WOODLANDS CIRCLE,WOODLANDS
602 WOODLANDS DR 42,602,WOODLANDS DR 42,WOODLANDS
344 WOODLANDS ST 32,344,WOODLANDS ST 32,WOODLANDS
896B WOODLANDS DR 50,896B,WOODLANDS DR 50,WOODLANDS
682D WOODLANDS DR 73,682D,WOODLANDS DR 73,WOODLANDS
679 WOODLANDS AVE 6,679,WOODLANDS AVE 6,WOODLANDS
517 WOODLANDS DR 14,517,WOODLANDS DR 14,WOODLANDS
681B WOODLANDS DR 62,681B,WOODLANDS DR 62,WOODLANDS
410 WOODLANDS ST 41,410,WOODLANDS ST 41,WOODLANDS
746 WOODLANDS CIRCLE,746,WOODLANDS CIRCLE,WOODLANDS
897A WOODLANDS DR 50,897A,WOODLANDS DR 50,WOODLANDS
417 WOODLANDS ST 41,417,WOODLANDS ST 41,WOODLANDS
683A WOODLANDS DR 62,683A,WOODLANDS DR 62,WOODLANDS
762 WOODLANDS AVE 6,762,WOODLANDS AVE 6,WOODLANDS
770 WOODLANDS DR 60,770,WOODLANDS DR 60,WOODLANDS
747 WOODLANDS CIRCLE,747,WOODLANDS CIRCLE,WOODLANDS
301 WOODLANDS ST 31,301,WOODLANDS ST 31,WOODLANDS
891B WOODLANDS DR 50,891B,WOODLANDS DR 50,WOODLANDS
868 WOODLANDS ST 83,868,WOODLANDS ST 83,WOODLANDS
646 WOODLANDS RING RD,646,WOODLANDS RING RD,WOODLANDS
341 WOODLANDS AVE 1,341,WOODLANDS AVE 1,WOODLANDS
848 WOODLANDS ST 82,848,WOODLANDS ST 82,WOODLANDS
342 WOODLANDS AVE 1,342,WOODLANDS AVE 1,WOODLANDS
803 WOODLANDS ST 81,803,WOODLANDS ST 81,WOODLANDS
832 WOODLANDS ST 83,832,WOODLANDS ST 83,WOODLANDS
705 YISHUN AVE 5,705,YISHUN AVE 5,YISHUN
353 YISHUN RING RD,353,YISHUN RING RD,YISHUN
274 YISHUN ST 22,274,YISHUN ST 22,YISHUN
708 YISHUN AVE 5,708,YISHUN AVE 5,YISHUN
141 YISHUN RING RD,141,YISHUN RING RD,YISHUN
112 YISHUN RING RD,112,YISHUN RING RD,YISHUN
227 YISHUN ST 21,227,YISHUN ST 21,YISHUN
128 YISHUN ST 11,128,YISHUN ST 11,YISHUN
744 YISHUN ST 72,744,YISHUN ST 72,YISHUN
739 YISHUN AVE 5,739,YISHUN AVE 5,YISHUN
224 YISHUN ST 21,224,YISHUN ST 21,YISHUN
211 YISHUN ST 21,211,YISHUN ST 21,YISHUN
327 YISHUN RING RD,327,YISHUN RING RD,YISHUN
284 YISHUN AVE 6,284,YISHUN AVE 6,YISHUN
286 YISHUN AVE 6,286,YISHUN AVE 6,YISHUN
244 YISHUN RING RD,244,YISHUN RING RD,YISHUN
870 YISHUN ST 81,870,YISHUN ST 81,YISHUN
350 YISHUN AVE 11,350,YISHUN AVE 11,YISHUN
788 YISHUN AVE 2,788,YISHUN AVE 2,YISHUN
448 YISHUN RING RD,448,YISHUN RING RD,YISHUN
749 YISHUN ST 72,749,YISHUN ST 72,YISHUN
844 YISHUN ST 81,844,YISHUN ST 81,YISHUN
413 YISHUN RING RD,413,YISHUN RING RD,YISHUN
223 YISHUN ST 21,223,YISHUN ST 21,YISHUN
298 YISHUN ST 20,298,YISHUN ST 20,YISHUN
854 YISHUN RING RD,854,YISHUN RING RD,YISHUN
299 YISHUN ST 20,299,YISHUN ST 20,YISHUN
851 YISHUN ST 81,851,YISHUN ST 81,YISHUN
795 YISHUN RING RD,795,YISHUN RING RD,YISHUN
359 YISHUN RING RD,359,YISHUN RING RD,YISHUN
606 YISHUN ST 61,606,YISHUN ST 61,YISHUN
723 YISHUN ST 71,723,YISHUN ST 71,YISHUN
664 YISHUN AVE 4,664,YISHUN AVE 4,YISHUN
474 ANG MO KIO AVE 10,474,ANG MO KIO AVE 10,ANG MO KIO
550 ANG MO KIO AVE 10,550,ANG MO KIO AVE 10,ANG MO KIO
331 ANG MO KIO AVE 1,331,ANG MO KIO AVE 1,ANG MO KIO
348 ANG MO KIO AVE 3,348,ANG MO KIO AVE 3,ANG MO KIO
538 ANG MO KIO AVE 5,538,ANG MO KIO AVE 5,ANG MO KIO
113 ANG MO KIO AVE 4,113,ANG MO KIO AVE 4,ANG MO KIO
179 ANG MO KIO AVE 5,179,ANG MO KIO AVE 5,ANG MO KIO
414 ANG MO KIO AVE 10,414,ANG MO KIO AVE 10,ANG MO KIO
337 ANG MO KIO AVE 1,337,ANG MO KIO AVE 1,ANG MO KIO
132 ANG MO KIO AVE 3,132,ANG MO KIO AVE 3,ANG MO KIO
504 ANG MO KIO AVE 8,504,ANG MO KIO AVE 8,ANG MO KIO
618 BEDOK RESERVOIR RD,618,BEDOK RESERVOIR RD,BEDOK
76 BEDOK NTH RD,76,BEDOK NTH RD,BEDOK
121 BEDOK RESERVOIR RD,121,BEDOK RESERVOIR RD,BEDOK
537 BEDOK NTH ST 3,537,BEDOK NTH ST 3,BEDOK
138 BEDOK NTH ST 2,138,BEDOK NTH ST 2,BEDOK
84 BEDOK NTH ST 4,84,BEDOK NTH ST 4,BEDOK
70 BEDOK STH RD,70,BEDOK STH RD,BEDOK
33 BEDOK STH AVE 2,33,BEDOK STH AVE 2,BEDOK
40 BEDOK STH RD,40,BEDOK STH RD,BEDOK
53 NEW UPP CHANGI RD,53,NEW UPP CHANGI RD,BEDOK
133 BEDOK RESERVOIR RD,133,BEDOK RESERVOIR RD,BEDOK
118 BEDOK RESERVOIR RD,118,BEDOK RESERVOIR RD,BEDOK
56 CHAI CHEE DR,56,CHAI CHEE DR,BEDOK
623 BEDOK RESERVOIR RD,623,BEDOK RESERVOIR RD,BEDOK
112 BEDOK NTH RD,112,BEDOK NTH RD,BEDOK
427 BEDOK NTH RD,427,BEDOK NTH RD,BEDOK
131 BEDOK NTH AVE 3,131,BEDOK NTH AVE 3,BEDOK
769 BEDOK RESERVOIR VIEW,769,BEDOK RESERVOIR VIEW,BEDOK
605 BEDOK RESERVOIR RD,605,BEDOK RESERVOIR RD,BEDOK
621 BEDOK RESERVOIR RD,621,BEDOK RESERVOIR RD,BEDOK
66 BEDOK STH AVE 3,66,BEDOK STH AVE 3,BEDOK
417 BEDOK NTH AVE 2,417,BEDOK NTH AVE 2,BEDOK
220C BEDOK CTRL,220C,BEDOK CTRL,BEDOK
634 BEDOK RESERVOIR RD,634,BEDOK RESERVOIR RD,BEDOK
154 BISHAN ST 13,154,BISHAN ST 13,BISHAN
185 BISHAN ST 13,185,BISHAN ST 13,BISHAN
446 BRIGHT HILL DR,446,BRIGHT HILL DR,BISHAN
271 BISHAN ST 24,271,BISHAN ST 24,BISHAN
502 BISHAN ST 11,502,BISHAN ST 11,BISHAN
130 BISHAN ST 12,130,BISHAN ST 12,BISHAN
506 BISHAN ST 11,506,BISHAN ST 11,BISHAN
408 SIN MING AVE,408,SIN MING AVE,BISHAN
222 BISHAN ST 23,222,BISHAN ST 23,BISHAN
453 SIN MING AVE,453,SIN MING AVE,BISHAN
371 BT BATOK ST 31,371,BT BATOK ST 31,BUKIT BATOK
322 BT BATOK ST 33,322,BT BATOK ST 33,BUKIT BATOK
307 BT BATOK ST 31,307,BT BATOK ST 31,BUKIT BATOK
268 BT BATOK EAST AVE 4,268,BT BATOK EAST AVE 4,BUKIT BATOK
335 BT BATOK ST 32,335,BT BATOK ST 32,BUKIT BATOK
237 BT BATOK EAST AVE 5,237,BT BATOK EAST AVE 5,BUKIT BATOK
527 BT BATOK ST 51,527,BT BATOK ST 51,BUKIT BATOK
298 BT BATOK ST 22,298,BT BATOK ST 22,BUKIT BATOK
290B BT BATOK ST 24,290B,BT BATOK ST 24,BUKIT BATOK
125 BT BATOK CTRL,125,BT BATOK CTRL,BUKIT BATOK
289B BT BATOK ST 25,289B,BT BATOK ST 25,BUKIT BATOK
47 TELOK BLANGAH DR,47,TELOK BLANGAH DR,BUKIT MERAH
102 BT PURMEI RD,102,BT PURMEI RD,BUKIT MERAH
32 JLN BT HO SWEE,32,JLN BT HO SWEE,BUKIT MERAH
4 DELTA AVE,4,DELTA AVE,BUKIT MERAH
2A BOON TIONG RD,2A,BOON TIONG RD,BUKIT MERAH
140 JLN BT MERAH,140,JLN BT MERAH,BUKIT MERAH
37 TELOK BLANGAH RISE,37,TELOK BLANGAH RISE,BUKIT MERAH
66 TELOK BLANGAH DR,66,TELOK BLANGAH DR,BUKIT MERAH
95 HAVELOCK RD,95,HAVELOCK RD,BUKIT MERAH
81 REDHILL LANE,81,REDHILL LANE,BUKIT MERAH
82 REDHILL LANE,82,REDHILL LANE,BUKIT MERAH
2C BOON TIONG RD,2C,BOON TIONG RD,BUKIT MERAH
8 KIM TIAN PL,8,KIM TIAN PL,BUKIT MERAH
125 PENDING RD,125,PENDING RD,BUKIT PANJANG
529 JELAPANG RD,529,JELAPANG RD,BUKIT PANJANG
633D SENJA RD,633D,SENJA RD,BUKIT PANJANG
175 LOMPANG RD,175,LOMPANG RD,BUKIT PANJANG
164 GANGSA RD,164,GANGSA RD,BUKIT PANJANG
211 PETIR RD,211,PETIR RD,BUKIT PANJANG
620 BT PANJANG RING RD,620,BT PANJANG RING RD,BUKIT PANJANG
604 SENJA RD,604,SENJA RD,BUKIT PANJANG
453 FAJAR RD,453,FAJAR RD,BUKIT PANJANG
138 PETIR RD,138,PETIR RD,BUKIT PANJANG
651 SENJA LINK,651,SENJA LINK,BUKIT PANJANG
532 JELAPANG RD,532,JELAPANG RD,BUKIT PANJANG
19 TOH YI DR,19,TOH YI DR,BUKIT TIMAH
10 SELEGIE RD,10,SELEGIE RD,CENTRAL AREA
30 KELANTAN RD,30,KELANTAN RD,CENTRAL AREA
7 TG PAGAR PLAZA,7,TG PAGAR PLAZA,CENTRAL AREA
105 TECK WHYE LANE,105,TECK WHYE LANE,CHOA CHU KANG
440 CHOA CHU KANG AVE 4,440,CHOA CHU KANG AVE 4,CHOA CHU KANG
297D CHOA CHU KANG AVE 2,297D,CHOA CHU KANG AVE 2,CHOA CHU KANG
426 CHOA CHU KANG AVE 4,426,CHOA CHU KANG AVE 4,CHOA CHU KANG
202 CHOA CHU KANG AVE 1,202,CHOA CHU KANG AVE 1,CHOA CHU KANG
684C CHOA CHU KANG CRES,684C,CHOA CHU KANG CRES,CHOA CHU KANG
447 CHOA CHU KANG AVE 4,447,CHOA CHU KANG AVE 4,CHOA CHU KANG
672 CHOA CHU KANG CRES,672,CHOA CHU KANG CRES,CHOA CHU KANG
5 TECK WHYE AVE,5,TECK WHYE AVE,CHOA CHU KANG
705 CHOA CHU KANG ST 53,705,CHOA CHU KANG ST 53,CHOA CHU KANG
443 CHOA CHU KANG AVE 4,443,CHOA CHU KANG AVE 4,CHOA CHU KANG
767 CHOA CHU KANG ST 54,767,CHOA CHU KANG ST 54,CHOA CHU KANG
433 CHOA CHU KANG AVE 4,433,CHOA CHU KANG AVE 4,CHOA CHU KANG
763 CHOA CHU KANG NTH 5,763,CHOA CHU KANG NTH 5,CHOA CHU KANG
12 TECK WHYE LANE,12,TECK WHYE LANE,CHOA CHU KANG
567 CHOA CHU KANG ST 52,567,CHOA CHU KANG ST 52,CHOA CHU KANG
159 JLN TECK WHYE,159,JLN TECK WHYE,CHOA CHU KANG
619 CHOA CHU KANG NTH 7,619,CHOA CHU KANG NTH 7,CHOA CHU KANG
420 CHOA CHU KANG AVE 4,420,CHOA CHU KANG AVE 4,CHOA CHU KANG
757 CHOA CHU KANG NTH 5,757,CHOA CHU KANG NTH 5,CHOA CHU KANG
505 WEST COAST DR,505,WEST COAST DR,CLEMENTI
319 CLEMENTI AVE 4,319,CLEMENTI AVE 4,CLEMENTI
601 CLEMENTI WEST ST 1,601,CLEMENTI WEST ST 1,CLEMENTI
708 CLEMENTI WEST ST 2,708,CLEMENTI WEST ST 2,CLEMENTI
206 CLEMENTI AVE 6,206,CLEMENTI AVE 6,CLEMENTI
58 DAKOTA CRES,58,DAKOTA CRES,GEYLANG
112 ALJUNIED CRES,112,ALJUNIED CRES,GEYLANG
318 UBI AVE 1,318,UBI AVE 1,GEYLANG
56 CASSIA CRES,56,CASSIA CRES,GEYLANG
14 EUNOS CRES,14,EUNOS CRES,GEYLANG
23 EUNOS CRES,23,EUNOS CRES,GEYLANG
28 BALAM RD,28,BALAM RD,GEYLANG
247 HOUGANG AVE 3,247,HOUGANG AVE 3,HOUGANG
333 HOUGANG AVE 5,333,HOUGANG AVE 5,HOUGANG
507 HOUGANG AVE 8,507,HOUGANG AVE 8,HOUGANG
169 HOUGANG AVE 1,169,HOUGANG AVE 1,HOUGANG
555 HOUGANG ST 51,555,HOUGANG ST 51,HOUGANG
334 HOUGANG AVE 5,334,HOUGANG AVE 5,HOUGANG
543 HOUGANG AVE 8,543,HOUGANG AVE 8,HOUGANG
549 HOUGANG ST 51,549,HOUGANG ST 51,HOUGANG
422 HOUGANG AVE 6,422,HOUGANG AVE 6,HOUGANG
463 HOUGANG AVE 10,463,HOUGANG AVE 10,HOUGANG
832 HOUGANG CTRL,832,HOUGANG CTRL,HOUGANG
325 HOUGANG AVE 7,325,HOUGANG AVE 7,HOUGANG
984C BUANGKOK LINK,984C,BUANGKOK LINK,HOUGANG
936 HOUGANG ST 92,936,HOUGANG ST 92,HOUGANG
707 HOUGANG AVE 2,707,HOUGANG AVE 2,HOUGANG
249 HOUGANG AVE 3,249,HOUGANG AVE 3,HOUGANG
579 HOUGANG AVE 4,579,HOUGANG AVE 4,HOUGANG
698C HOUGANG ST 52,698C,HOUGANG ST 52,HOUGANG
43 TEBAN GDNS RD,43,TEBAN GDNS RD,JURONG EAST
304 JURONG EAST ST 32,304,JURONG EAST ST 32,JURONG EAST
41 TEBAN GDNS RD,41,TEBAN GDNS RD,JURONG EAST
218 JURONG EAST ST 21,218,JURONG EAST ST 21,JURONG EAST
491 JURONG WEST AVE 1,491,JURONG WEST AVE 1,JURONG WEST
947 JURONG WEST ST 91,947,JURONG WEST ST 91,JURONG WEST
538 JURONG WEST AVE 1,538,JURONG WEST AVE 1,JURONG WEST
156 YUNG LOH RD,156,YUNG LOH RD,JURONG WEST
403 JURONG WEST ST 42,403,JURONG WEST ST 42,JURONG WEST
177 YUNG SHENG RD,177,YUNG SHENG RD,JURONG WEST
260 BOON LAY DR,260,BOON LAY DR,JURONG WEST
357 YUNG AN RD,357,YUNG AN RD,JURONG WEST
266 BOON LAY DR,266,BOON LAY DR,JURONG WEST
667A JURONG WEST ST 65,667A,JURONG WEST ST 65,JURONG WEST
649B JURONG WEST ST 61,649B,JURONG WEST ST 61,JURONG WEST
265 BOON LAY DR,265,BOON LAY DR,JURONG WEST
650A JURONG WEST ST 61,650A,JURONG WEST ST 61,JURONG WEST
664D JURONG WEST ST 64,664D,JURONG WEST ST 64,JURONG WEST
603 JURONG WEST ST 62,603,JURONG WEST ST 62,JURONG WEST
275B JURONG WEST ST 25,275B,JURONG WEST ST 25,JURONG WEST
817 JURONG WEST ST 81,817,JURONG WEST ST 81,JURONG WEST
639 JURONG WEST ST 61,639,JURONG WEST ST 61,JURONG WEST
679B JURONG WEST CTRL 1,679B,JURONG WEST CTRL 1,JURONG WEST
522 JURONG WEST ST 52,522,JURONG WEST ST 52,JURONG WEST
549 JURONG WEST ST 42,549,JURONG WEST ST 42,JURONG WEST
912 JURONG WEST ST 91,912,JURONG WEST ST 91,JURONG WEST
626 JURONG WEST ST 65,626,JURONG WEST ST 65,JURONG WEST
828 JURONG WEST ST 81,828,JURONG WEST ST 81,JURONG WEST
680A JURONG WEST CTRL 1,680A,JURONG WEST CTRL 1,JURONG WEST
679A JURONG WEST CTRL 1,679A,JURONG WEST CTRL 1,JURONG WEST
102 TOWNER RD,102,TOWNER RD,KALLANG/WHAMPOA
54 JLN MA'MOR,54,JLN MA'MOR,KALLANG/WHAMPOA
101 WHAMPOA DR,101,WHAMPOA DR,KALLANG/WHAMPOA
112 MCNAIR RD,112,MCNAIR RD,KALLANG/WHAMPOA
2C UPP BOON KENG RD,2C,UPP BOON KENG RD,KALLANG/WHAMPOA
54 KENT RD,54,KENT RD,KALLANG/WHAMPOA
816 JELLICOE RD,816,JELLICOE RD,KALLANG/WHAMPOA
59 MARINE TER,59,MARINE TER,MARINE PARADE
700 PASIR RIS DR 10,700,PASIR RIS DR 10,PASIR RIS
702 PASIR RIS DR 10,702,PASIR RIS DR 10,PASIR RIS
628 PASIR RIS DR 3,628,PASIR RIS DR 3,PASIR RIS
192 PASIR RIS ST 12,192,PASIR RIS ST 12,PASIR RIS
425 PASIR RIS DR 6,425,PASIR RIS DR 6,PASIR RIS
517 PASIR RIS ST 52,517,PASIR RIS ST 52,PASIR RIS
205 PASIR RIS ST 21,205,PASIR RIS ST 21,PASIR RIS
645 PASIR RIS DR 10,645,PASIR RIS DR 10,PASIR RIS
460 PASIR RIS DR 4,460,PASIR RIS DR 4,PASIR RIS
249 PASIR RIS ST 21,249,PASIR RIS ST 21,PASIR RIS
622A PUNGGOL CTRL,622A,PUNGGOL CTRL,PUNGGOL
105B EDGEFIELD PLAINS,105B,EDGEFIELD PLAINS,PUNGGOL
632B PUNGGOL DR,632B,PUNGGOL DR,PUNGGOL
167D PUNGGOL EAST,167D,PUNGGOL EAST,PUNGGOL
617A PUNGGOL DR,617A,PUNGGOL DR,PUNGGOL
126D EDGEDALE PLAINS,126D,EDGEDALE PLAINS,PUNGGOL
175C PUNGGOL FIELD,175C,PUNGGOL FIELD,PUNGGOL
204C PUNGGOL FIELD,204C,PUNGGOL FIELD,PUNGGOL
103C EDGEFIELD PLAINS,103C,EDGEFIELD PLAINS,PUNGGOL
21 GHIM MOH RD,21,GHIM MOH RD,QUEENSTOWN
30A HOLLAND CL,30A,HOLLAND CL,QUEENSTOWN
20 HOLLAND DR,20,HOLLAND DR,QUEENSTOWN
513 WELLINGTON CIRCLE,513,WELLINGTON CIRCLE,SEMBAWANG
351A CANBERRA RD,351A,CANBERRA RD,SEMBAWANG
313 SEMBAWANG DR,313,SEMBAWANG DR,SEMBAWANG
155 RIVERVALE CRES,155,RIVERVALE CRES,SENGKANG
321B ANCHORVALE DR,321B,ANCHORVALE DR,SENGKANG
144 RIVERVALE DR,144,RIVERVALE DR,SENGKANG
403C FERNVALE LANE,403C,FERNVALE LANE,SENGKANG
124A RIVERVALE DR,124A,RIVERVALE DR,SENGKANG
305C ANCHORVALE LINK,305C,ANCHORVALE LINK,SENGKANG
206C COMPASSVALE LANE,206C,COMPASSVALE LANE,SENGKANG
119D RIVERVALE DR,119D,RIVERVALE DR,SENGKANG
205B COMPASSVALE LANE,205B,COMPASSVALE LANE,SENGKANG
124 SERANGOON NTH AVE 1,124,SERANGOON NTH AVE 1,SERANGOON
209 SERANGOON CTRL,209,SERANGOON CTRL,SERANGOON
146 SERANGOON NTH AVE 1,146,SERANGOON NTH AVE 1,SERANGOON
514 SERANGOON NTH AVE 4,514,SERANGOON NTH AVE 4,SERANGOON
236 SERANGOON AVE 3,236,SERANGOON AVE 3,SERANGOON
238 SERANGOON AVE 2,238,SERANGOON AVE 2,SERANGOON
242 SERANGOON AVE 3,242,SERANGOON AVE 3,SERANGOON
243 SERANGOON AVE 2,243,SERANGOON AVE 2,SERANGOON
415 SERANGOON CTRL,415,SERANGOON CTRL,SERANGOON
422 SERANGOON CTRL,422,SERANGOON CTRL,SERANGOON
148 SERANGOON NTH AVE 1,148,SERANGOON NTH AVE 1,SERANGOON
520 SERANGOON NTH AVE 4,520,SERANGOON NTH AVE 4,SERANGOON
204 TAMPINES ST 21,204,TAMPINES ST 21,TAMPINES
413 TAMPINES ST 41,413,TAMPINES ST 41,TAMPINES
822 TAMPINES ST 81,822,TAMPINES ST 81,TAMPINES
225 TAMPINES ST 23,225,TAMPINES ST 23,TAMPINES
899A TAMPINES ST 81,899A,TAMPINES ST 81,TAMPINES
276 TAMPINES ST 22,276,TAMPINES ST 22,TAMPINES
866 TAMPINES ST 83,866,TAMPINES ST 83,TAMPINES
709 TAMPINES ST 71,709,TAMPINES ST 71,TAMPINES
854 TAMPINES ST 82,854,TAMPINES ST 82,TAMPINES
392 TAMPINES AVE 7,392,TAMPINES AVE 7,TAMPINES
865 TAMPINES ST 83,865,TAMPINES ST 83,TAMPINES
414 TAMPINES ST 41,414,TAMPINES ST 41,TAMPINES
492D TAMPINES ST 45,492D,TAMPINES ST 45,TAMPINES
461 TAMPINES ST 44,461,TAMPINES ST 44,TAMPINES
387 TAMPINES ST 32,387,TAMPINES ST 32,TAMPINES
223 SIMEI ST 4,223,SIMEI ST 4,TAMPINES
334 TAMPINES ST 32,334,TAMPINES ST 32,TAMPINES
428 TAMPINES ST 41,428,TAMPINES ST 41,TAMPINES
942 TAMPINES AVE 5,942,TAMPINES AVE 5,TAMPINES
858 TAMPINES AVE 5,858,TAMPINES AVE 5,TAMPINES
235 LOR 8 TOA PAYOH,235,LOR 8 TOA PAYOH,TOA PAYOH
173 LOR 1 TOA PAYOH,173,LOR 1 TOA PAYOH,TOA PAYOH
44 LOR 5 TOA PAYOH,44,LOR 5 TOA PAYOH,TOA PAYOH
6 LOR 7 TOA PAYOH,6,LOR 7 TOA PAYOH,TOA PAYOH
153 LOR 2 TOA PAYOH,153,LOR 2 TOA PAYOH,TOA PAYOH
310 WOODLANDS ST 31,310,WOODLANDS ST 31,WOODLANDS
5 MARSILING DR,5,MARSILING DR,WOODLANDS
831 WOODLANDS ST 83,831,WOODLANDS ST 83,WOODLANDS
205 MARSILING DR,205,MARSILING DR,WOODLANDS
626 WOODLANDS AVE 6,626,WOODLANDS AVE 6,WOODLANDS
775 WOODLANDS CRES,775,WOODLANDS CRES,WOODLANDS
104 WOODLANDS ST 13,104,WOODLANDS ST 13,WOODLANDS
527 WOODLANDS DR 14,527,WOODLANDS DR 14,WOODLANDS
729 WOODLANDS CIRCLE,729,WOODLANDS CIRCLE,WOODLANDS
689C WOODLANDS DR 75,689C,WOODLANDS DR 75,WOODLANDS
731 WOODLANDS CIRCLE,731,WOODLANDS CIRCLE,WOODLANDS
605 WOODLANDS DR 42,605,WOODLANDS DR 42,WOODLANDS
639 WOODLANDS RING RD,639,WOODLANDS RING RD,WOODLANDS
895B WOODLANDS DR 50,895B,WOODLANDS DR 50,WOODLANDS
898B WOODLANDS DR 50,898B,WOODLANDS DR 50,WOODLANDS
556 WOODLANDS DR 53,556,WOODLANDS DR 53,WOODLANDS
677 WOODLANDS AVE 6,677,WOODLANDS AVE 6,WOODLANDS
684D WOODLANDS DR 73,684D,WOODLANDS DR 73,WOODLANDS
786C WOODLANDS DR 60,786C,WOODLANDS DR 60,WOODLANDS
741 WOODLANDS CIRCLE,741,WOODLANDS CIRCLE,WOODLANDS
663 WOODLANDS RING RD,663,WOODLANDS RING RD,WOODLANDS
634 WOODLANDS RING RD,634,WOODLANDS RING RD,WOODLANDS
170 WOODLANDS ST 11,170,WOODLANDS ST 11,WOODLANDS
861 WOODLANDS ST 83,861,WOODLANDS ST 83,WOODLANDS
571A WOODLANDS AVE 1,571A,WOODLANDS AVE 1,WOODLANDS
175 WOODLANDS ST 13,175,WOODLANDS ST 13,WOODLANDS
583 WOODLANDS DR 16,583,WOODLANDS DR 16,WOODLANDS
788C WOODLANDS CRES,788C,WOODLANDS CRES,WOODLANDS
114 MARSILING RISE,114,MARSILING RISE,WOODLANDS
404 WOODLANDS ST 41,404,WOODLANDS ST 41,WOODLANDS
228 YISHUN ST 21,228,YISHUN ST 21,YISHUN
719 YISHUN ST 71,719,YISHUN ST 71,YISHUN
119 YISHUN RING RD,119,YISHUN RING RD,YISHUN
152 YISHUN ST 11,152,YISHUN ST 11,YISHUN
781 YISHUN RING RD,781,YISHUN RING RD,YISHUN
735 YISHUN ST 72,735,YISHUN ST 72,YISHUN
304 YISHUN CTRL,304,YISHUN CTRL,YISHUN
253 YISHUN RING RD,253,YISHUN RING RD,YISHUN
276 YISHUN ST 22,276,YISHUN ST 22,YISHUN
410 YISHUN RING RD,410,YISHUN RING RD,YISHUN
604 YISHUN ST 61,604,YISHUN ST 61,YISHUN
805 YISHUN RING RD,805,YISHUN RING RD,YISHUN
798 YISHUN RING RD,798,YISHUN RING RD,YISHUN
930 YISHUN CTRL 1,930,YISHUN CTRL 1,YISHUN
622 YISHUN RING RD,622,YISHUN RING RD,YISHUN
416 YISHUN AVE 11,416,YISHUN AVE 11,YISHUN
633 YISHUN ST 61,633,YISHUN ST 61,YISHUN
451 ANG MO KIO AVE 10,451,ANG MO KIO AVE 10,ANG MO KIO
606 ANG MO KIO AVE 5,606,ANG MO KIO AVE 5,ANG MO KIO
549 ANG MO KIO AVE 10,549,ANG MO KIO AVE 10,ANG MO KIO
433 ANG MO KIO AVE 10,433,ANG MO KIO AVE 10,ANG MO KIO
462 ANG MO KIO AVE 10,462,ANG MO KIO AVE 10,ANG MO KIO
505 ANG MO KIO AVE 8,505,ANG MO KIO AVE 8,ANG MO KIO
604 ANG MO KIO AVE 5,604,ANG MO KIO AVE 5,ANG MO KIO
436 ANG MO KIO AVE 10,436,ANG MO KIO AVE 10,ANG MO KIO
551 BEDOK NTH AVE 1,551,BEDOK NTH AVE 1,BEDOK
129 BEDOK NTH ST 2,129,BEDOK NTH ST 2,BEDOK
205 BEDOK NTH ST 1,205,BEDOK NTH ST 1,BEDOK
44 CHAI CHEE ST,44,CHAI CHEE ST,BEDOK
219A BEDOK CTRL,219A,BEDOK CTRL,BEDOK
119 BEDOK RESERVOIR RD,119,BEDOK RESERVOIR RD,BEDOK
128 BEDOK RESERVOIR RD,128,BEDOK RESERVOIR RD,BEDOK
6 BEDOK STH AVE 2,6,BEDOK STH AVE 2,BEDOK
706 BEDOK NTH RD,706,BEDOK NTH RD,BEDOK
543 BEDOK NTH ST 3,543,BEDOK NTH ST 3,BEDOK
92 BEDOK NTH AVE 4,92,BEDOK NTH AVE 4,BEDOK
127 BEDOK RESERVOIR RD,127,BEDOK RESERVOIR RD,BEDOK
133 BEDOK NTH AVE 3,133,BEDOK NTH AVE 3,BEDOK
116 LENGKONG TIGA,116,LENGKONG TIGA,BEDOK
2 CHAI CHEE RD,2,CHAI CHEE RD,BEDOK
110 LENGKONG TIGA,110,LENGKONG TIGA,BEDOK
115 BEDOK RESERVOIR RD,115,BEDOK RESERVOIR RD,BEDOK
725 BEDOK RESERVOIR RD,725,BEDOK RESERVOIR RD,BEDOK
167 BEDOK STH AVE 3,167,BEDOK STH AVE 3,BEDOK
106 LENGKONG TIGA,106,LENGKONG TIGA,BEDOK
177 BISHAN ST 13,177,BISHAN ST 13,BISHAN
178 BISHAN ST 13,178,BISHAN ST 13,BISHAN
210 BISHAN ST 23,210,BISHAN ST 23,BISHAN
450 SIN MING AVE,450,SIN MING AVE,BISHAN
192 BISHAN ST 13,192,BISHAN ST 13,BISHAN
227 BISHAN ST 23,227,BISHAN ST 23,BISHAN
257 BISHAN ST 22,257,BISHAN ST 22,BISHAN
421 BT BATOK WEST AVE 2,421,BT BATOK WEST AVE 2,BUKIT BATOK
422 BT BATOK WEST AVE 2,422,BT BATOK WEST AVE 2,BUKIT BATOK
281 BT BATOK EAST AVE 3,281,BT BATOK EAST AVE 3,BUKIT BATOK
255 BT BATOK EAST AVE 4,255,BT BATOK EAST AVE 4,BUKIT BATOK
166 BT BATOK WEST AVE 8,166,BT BATOK WEST AVE 8,BUKIT BATOK
224 BT BATOK ST 21,224,BT BATOK ST 21,BUKIT BATOK
508 BT BATOK ST 52,508,BT BATOK ST 52,BUKIT BATOK
253 BT BATOK EAST AVE 5,253,BT BATOK EAST AVE 5,BUKIT BATOK
176 BT BATOK WEST AVE 8,176,BT BATOK WEST AVE 8,BUKIT BATOK
223 BT BATOK EAST AVE 3,223,BT BATOK EAST AVE 3,BUKIT BATOK
288F BT BATOK ST 25,288F,BT BATOK ST 25,BUKIT BATOK
7 EVERTON PK,7,EVERTON PK,BUKIT MERAH
26A JLN MEMBINA,26A,JLN MEMBINA,BUKIT MERAH
22 TIONG BAHRU RD,22,TIONG BAHRU RD,BUKIT MERAH
45 KIM CHENG ST,45,KIM CHENG ST,BUKIT MERAH
57 TELOK BLANGAH HTS,57,TELOK BLANGAH HTS,BUKIT MERAH
125 BT MERAH VIEW,125,BT MERAH VIEW,BUKIT MERAH
143 JLN BT MERAH,143,JLN BT MERAH,BUKIT MERAH
36 JLN RUMAH TINGGI,36,JLN RUMAH TINGGI,BUKIT MERAH
13 JLN BT MERAH,13,JLN BT MERAH,BUKIT MERAH
114 BT PURMEI RD,114,BT PURMEI RD,BUKIT MERAH
109 SPOTTISWOODE PK RD,109,SPOTTISWOODE PK RD,BUKIT MERAH
131C KIM TIAN RD,131C,KIM TIAN RD,BUKIT MERAH
407 FAJAR RD,407,FAJAR RD,BUKIT PANJANG
440 FAJAR RD,440,FAJAR RD,BUKIT PANJANG
469 SEGAR RD,469,SEGAR RD,BUKIT PANJANG
253 BANGKIT RD,253,BANGKIT RD,BUKIT PANJANG
430 BT PANJANG RING RD,430,BT PANJANG RING RD,BUKIT PANJANG
276 BANGKIT RD,276,BANGKIT RD,BUKIT PANJANG
110 GANGSA RD,110,GANGSA RD,BUKIT PANJANG
168 PETIR RD,168,PETIR RD,BUKIT PANJANG
233 PENDING RD,233,PENDING RD,BUKIT PANJANG
408 FAJAR RD,408,FAJAR RD,BUKIT PANJANG
528 JELAPANG RD,528,JELAPANG RD,BUKIT PANJANG
335A SMITH ST,335A,SMITH ST,CENTRAL AREA
538 UPP CROSS ST,538,UPP CROSS ST,CENTRAL AREA
8 TECK WHYE AVE,8,TECK WHYE AVE,CHOA CHU KANG
1 TECK WHYE AVE,1,TECK WHYE AVE,CHOA CHU KANG
296E CHOA CHU KANG AVE 2,296E,CHOA CHU KANG AVE 2,CHOA CHU KANG
438 CHOA CHU KANG AVE 4,438,CHOA CHU KANG AVE 4,CHOA CHU KANG
784 CHOA CHU KANG DR,784,CHOA CHU KANG DR,CHOA CHU KANG
788 CHOA CHU KANG NTH 6,788,CHOA CHU KANG NTH 6,CHOA CHU KANG
484 CHOA CHU KANG AVE 5,484,CHOA CHU KANG AVE 5,CHOA CHU KANG
141 TECK WHYE LANE,141,TECK WHYE LANE,CHOA CHU KANG
679 CHOA CHU KANG CRES,679,CHOA CHU KANG CRES,CHOA CHU KANG
530 CHOA CHU KANG ST 51,530,CHOA CHU KANG ST 51,CHOA CHU KANG
753 CHOA CHU KANG NTH 5,753,CHOA CHU KANG NTH 5,CHOA CHU KANG
528 CHOA CHU KANG ST 51,528,CHOA CHU KANG ST 51,CHOA CHU KANG
273 CHOA CHU KANG AVE 2,273,CHOA CHU KANG AVE 2,CHOA CHU KANG
275 CHOA CHU KANG AVE 2,275,CHOA CHU KANG AVE 2,CHOA CHU KANG
351 CHOA CHU KANG CTRL,351,CHOA CHU KANG CTRL,CHOA CHU KANG
427 CLEMENTI AVE 3,427,CLEMENTI AVE 3,CLEMENTI
728 CLEMENTI WEST ST 2,728,CLEMENTI WEST ST 2,CLEMENTI
428 CLEMENTI AVE 3,428,CLEMENTI AVE 3,CLEMENTI
377 CLEMENTI AVE 5,377,CLEMENTI AVE 5,CLEMENTI
349 CLEMENTI AVE 2,349,CLEMENTI AVE 2,CLEMENTI
613 CLEMENTI WEST ST 1,613,CLEMENTI WEST ST 1,CLEMENTI
435 CLEMENTI AVE 3,435,CLEMENTI AVE 3,CLEMENTI
455 CLEMENTI AVE 3,455,CLEMENTI AVE 3,CLEMENTI
606 CLEMENTI WEST ST 1,606,CLEMENTI WEST ST 1,CLEMENTI
319 UBI AVE 1,319,UBI AVE 1,GEYLANG
125 GEYLANG EAST AVE 1,125,GEYLANG EAST AVE 1,GEYLANG
412 EUNOS RD 5,412,EUNOS RD 5,GEYLANG
123 PAYA LEBAR WAY,123,PAYA LEBAR WAY,GEYLANG
7 HAIG RD,7,HAIG RD,GEYLANG
684 HOUGANG AVE 8,684,HOUGANG AVE 8,HOUGANG
116 HOUGANG AVE 1,116,HOUGANG AVE 1,HOUGANG
694 HOUGANG ST 61,694,HOUGANG ST 61,HOUGANG
520 HOUGANG AVE 6,520,HOUGANG AVE 6,HOUGANG
601 HOUGANG AVE 4,601,HOUGANG AVE 4,HOUGANG
324 HOUGANG AVE 5,324,HOUGANG AVE 5,HOUGANG
603 HOUGANG AVE 4,603,HOUGANG AVE 4,HOUGANG
914 HOUGANG ST 91,914,HOUGANG ST 91,HOUGANG
172 HOUGANG AVE 1,172,HOUGANG AVE 1,HOUGANG
450 HOUGANG AVE 10,450,HOUGANG AVE 10,HOUGANG
113 HOUGANG AVE 1,113,HOUGANG AVE 1,HOUGANG
654 HOUGANG AVE 8,654,HOUGANG AVE 8,HOUGANG
508 HOUGANG AVE 10,508,HOUGANG AVE 10,HOUGANG
429 HOUGANG AVE 6,429,HOUGANG AVE 6,HOUGANG
441 HOUGANG AVE 8,441,HOUGANG AVE 8,HOUGANG
833 HOUGANG CTRL,833,HOUGANG CTRL,HOUGANG
34 TEBAN GDNS RD,34,TEBAN GDNS RD,JURONG EAST
232 JURONG EAST ST 21,232,JURONG EAST ST 21,JURONG EAST
224 JURONG EAST ST 21,224,JURONG EAST ST 21,JURONG EAST
63 TEBAN GDNS RD,63,TEBAN GDNS RD,JURONG EAST
279 TOH GUAN RD,279,TOH GUAN RD,JURONG EAST
284 TOH GUAN RD,284,TOH GUAN RD,JURONG EAST
712 JURONG WEST ST 71,712,JURONG WEST ST 71,JURONG WEST
822 JURONG WEST ST 81,822,JURONG WEST ST 81,JURONG WEST
411 JURONG WEST ST 42,411,JURONG WEST ST 42,JURONG WEST
157 YUNG LOH RD,157,YUNG LOH RD,JURONG WEST
723 JURONG WEST AVE 5,723,JURONG WEST AVE 5,JURONG WEST
322 TAH CHING RD,322,TAH CHING RD,JURONG WEST
427 JURONG WEST AVE 1,427,JURONG WEST AVE 1,JURONG WEST
660B JURONG WEST ST 64,660B,JURONG WEST ST 64,JURONG WEST
617 JURONG WEST ST 65,617,JURONG WEST ST 65,JURONG WEST
678B JURONG WEST ST 64,678B,JURONG WEST ST 64,JURONG WEST
651A JURONG WEST ST 61,651A,JURONG WEST ST 61,JURONG WEST
690 JURONG WEST CTRL 1,690,JURONG WEST CTRL 1,JURONG WEST
338A TAH CHING RD,338A,TAH CHING RD,JURONG WEST
851 JURONG WEST ST 81,851,JURONG WEST ST 81,JURONG WEST
203 BOON LAY DR,203,BOON LAY DR,JURONG WEST
326 TAH CHING RD,326,TAH CHING RD,JURONG WEST
181 YUNG SHENG RD,181,YUNG SHENG RD,JURONG WEST
681A JURONG WEST CTRL 1,681A,JURONG WEST CTRL 1,JURONG WEST
662C JURONG WEST ST 64,662C,JURONG WEST ST 64,JURONG WEST
696 JURONG WEST CTRL 1,696,JURONG WEST CTRL 1,JURONG WEST
407 JURONG WEST ST 42,407,JURONG WEST ST 42,JURONG WEST
754 JURONG WEST ST 74,754,JURONG WEST ST 74,JURONG WEST
335 KANG CHING RD,335,KANG CHING RD,JURONG WEST
686B JURONG WEST CTRL 1,686B,JURONG WEST CTRL 1,JURONG WEST
108 MCNAIR RD,108,MCNAIR RD,KALLANG/WHAMPOA
56 JLN MA'MOR,56,JLN MA'MOR,KALLANG/WHAMPOA
29 JLN BAHAGIA,29,JLN BAHAGIA,KALLANG/WHAMPOA
115 WHAMPOA RD,115,WHAMPOA RD,KALLANG/WHAMPOA
114 LOR 3 GEYLANG,114,LOR 3 GEYLANG,KALLANG/WHAMPOA
46 BENDEMEER RD,46,BENDEMEER RD,KALLANG/WHAMPOA
35 MARINE CRES,35,MARINE CRES,MARINE PARADE
255 PASIR RIS ST 21,255,PASIR RIS ST 21,PASIR RIS
106 PASIR RIS ST 12,106,PASIR RIS ST 12,PASIR RIS
705 PASIR RIS DR 10,705,PASIR RIS DR 10,PASIR RIS
637 PASIR RIS DR 1,637,PASIR RIS DR 1,PASIR RIS
252 PASIR RIS ST 21,252,PASIR RIS ST 21,PASIR RIS
712 PASIR RIS ST 72,712,PASIR RIS ST 72,PASIR RIS
605 ELIAS RD,605,ELIAS RD,PASIR RIS
714 PASIR RIS ST 72,714,PASIR RIS ST 72,PASIR RIS
608 ELIAS RD,608,ELIAS RD,PASIR RIS
502 PASIR RIS ST 52,502,PASIR RIS ST 52,PASIR RIS
509 PASIR RIS ST 52,509,PASIR RIS ST 52,PASIR RIS
582 PASIR RIS ST 53,582,PASIR RIS ST 53,PASIR RIS
532 PASIR RIS DR 1,532,PASIR RIS DR 1,PASIR RIS
624B PUNGGOL CTRL,624B,PUNGGOL CTRL,PUNGGOL
169C PUNGGOL FIELD,169C,PUNGGOL FIELD,PUNGGOL
271D PUNGGOL WALK,271D,PUNGGOL WALK,PUNGGOL
272B PUNGGOL WALK,272B,PUNGGOL WALK,PUNGGOL
271A PUNGGOL WALK,271A,PUNGGOL WALK,PUNGGOL
109C EDGEDALE PLAINS,109C,EDGEDALE PLAINS,PUNGGOL
107C EDGEFIELD PLAINS,107C,EDGEFIELD PLAINS,PUNGGOL
271C PUNGGOL WALK,271C,PUNGGOL WALK,PUNGGOL
112 EDGEFIELD PLAINS,112,EDGEFIELD PLAINS,PUNGGOL
102 C'WEALTH CRES,102,C'WEALTH CRES,QUEENSTOWN
95 C'WEALTH DR,95,C'WEALTH DR,QUEENSTOWN
474 SEMBAWANG DR,474,SEMBAWANG DR,SEMBAWANG
468A ADMIRALTY DR,468A,ADMIRALTY DR,SEMBAWANG
227C COMPASSVALE DR,227C,COMPASSVALE DR,SENGKANG
266C COMPASSVALE BOW,266C,COMPASSVALE BOW,SENGKANG
239 COMPASSVALE WALK,239,COMPASSVALE WALK,SENGKANG
311C ANCHORVALE LANE,311C,ANCHORVALE LANE,SENGKANG
149 RIVERVALE CRES,149,RIVERVALE CRES,SENGKANG
297B COMPASSVALE ST,297B,COMPASSVALE ST,SENGKANG
203C COMPASSVALE RD,203C,COMPASSVALE RD,SENGKANG
260D SENGKANG EAST WAY,260D,SENGKANG EAST WAY,SENGKANG
122B SENGKANG EAST WAY,122B,SENGKANG EAST WAY,SENGKANG
204D COMPASSVALE DR,204D,COMPASSVALE DR,SENGKANG
223 SERANGOON AVE 4,223,SERANGOON AVE 4,SERANGOON
207 SERANGOON CTRL,207,SERANGOON CTRL,SERANGOON
305 SERANGOON AVE 2,305,SERANGOON AVE 2,SERANGOON
136 SERANGOON NTH AVE 2,136,SERANGOON NTH AVE 2,SERANGOON
205 SERANGOON CTRL,205,SERANGOON CTRL,SERANGOON
239 SERANGOON AVE 2,239,SERANGOON AVE 2,SERANGOON
114 SERANGOON NTH AVE 1,114,SERANGOON NTH AVE 1,SERANGOON
137 SERANGOON NTH AVE 2,137,SERANGOON NTH AVE 2,SERANGOON
216 SERANGOON AVE 4,216,SERANGOON AVE 4,SERANGOON
312 SERANGOON AVE 2,312,SERANGOON AVE 2,SERANGOON
202 SERANGOON CTRL,202,SERANGOON CTRL,SERANGOON
848 TAMPINES ST 82,848,TAMPINES ST 82,TAMPINES
470 TAMPINES ST 44,470,TAMPINES ST 44,TAMPINES
489C TAMPINES ST 45,489C,TAMPINES ST 45,TAMPINES
736 TAMPINES ST 72,736,TAMPINES ST 72,TAMPINES
896 TAMPINES ST 81,896,TAMPINES ST 81,TAMPINES
350 TAMPINES ST 33,350,TAMPINES ST 33,TAMPINES
323 TAMPINES ST 33,323,TAMPINES ST 33,TAMPINES
225 SIMEI ST 4,225,SIMEI ST 4,TAMPINES
257 TAMPINES ST 21,257,TAMPINES ST 21,TAMPINES
391 TAMPINES AVE 7,391,TAMPINES AVE 7,TAMPINES
491D TAMPINES ST 45,491D,TAMPINES ST 45,TAMPINES
305 TAMPINES ST 32,305,TAMPINES ST 32,TAMPINES
728 TAMPINES ST 71,728,TAMPINES ST 71,TAMPINES
151 SIMEI ST 1,151,SIMEI ST 1,TAMPINES
495B TAMPINES ST 43,495B,TAMPINES ST 43,TAMPINES
480 TAMPINES ST 44,480,TAMPINES ST 44,TAMPINES
329 TAMPINES ST 32,329,TAMPINES ST 32,TAMPINES
944 TAMPINES AVE 5,944,TAMPINES AVE 5,TAMPINES
856F TAMPINES ST 82,856F,TAMPINES ST 82,TAMPINES
13 JOO SENG RD,13,JOO SENG RD,TOA PAYOH
224 LOR 8 TOA PAYOH,224,LOR 8 TOA PAYOH,TOA PAYOH
218 LOR 8 TOA PAYOH,218,LOR 8 TOA PAYOH,TOA PAYOH
258 KIM KEAT AVE,258,KIM KEAT AVE,TOA PAYOH
84B LOR 2 TOA PAYOH,84B,LOR 2 TOA PAYOH,TOA PAYOH
21 JOO SENG RD,21,JOO SENG RD,TOA PAYOH
99A LOR 2 TOA PAYOH,99A,LOR 2 TOA PAYOH,TOA PAYOH
157 WOODLANDS ST 13,157,WOODLANDS ST 13,WOODLANDS
571C WOODLANDS AVE 1,571C,WOODLANDS AVE 1,WOODLANDS
773 WOODLANDS DR 60,773,WOODLANDS DR 60,WOODLANDS
738 WOODLANDS CIRCLE,738,WOODLANDS CIRCLE,WOODLANDS
757 WOODLANDS AVE 4,757,WOODLANDS AVE 4,WOODLANDS
845 WOODLANDS ST 82,845,WOODLANDS ST 82,WOODLANDS
571B WOODLANDS AVE 1,571B,WOODLANDS AVE 1,WOODLANDS
529 WOODLANDS DR 14,529,WOODLANDS DR 14,WOODLANDS
613 WOODLANDS AVE 4,613,WOODLANDS AVE 4,WOODLANDS
606 WOODLANDS RING RD,606,WOODLANDS RING RD,WOODLANDS
735 WOODLANDS CIRCLE,735,WOODLANDS CIRCLE,WOODLANDS
705 WOODLANDS DR 40,705,WOODLANDS DR 40,WOODLANDS
823 WOODLANDS ST 82,823,WOODLANDS ST 82,WOODLANDS
533 WOODLANDS DR 14,533,WOODLANDS DR 14,WOODLANDS
661 WOODLANDS RING RD,661,WOODLANDS RING RD,WOODLANDS
877 WOODLANDS AVE 9,877,WOODLANDS AVE 9,WOODLANDS
415 WOODLANDS ST 41,415,WOODLANDS ST 41,WOODLANDS
609 WOODLANDS RING RD,609,WOODLANDS RING RD,WOODLANDS
706 WOODLANDS DR 40,706,WOODLANDS DR 40,WOODLANDS
846 WOODLANDS AVE 4,846,WOODLANDS AVE 4,WOODLANDS
826 WOODLANDS ST 81,826,WOODLANDS ST 81,WOODLANDS
658 WOODLANDS RING RD,658,WOODLANDS RING RD,WOODLANDS
819 WOODLANDS ST 82,819,WOODLANDS ST 82,WOODLANDS
357 WOODLANDS AVE 5,357,WOODLANDS AVE 5,WOODLANDS
835 WOODLANDS ST 83,835,WOODLANDS ST 83,WOODLANDS
821 WOODLANDS ST 82,821,WOODLANDS ST 82,WOODLANDS
256 YISHUN RING RD,256,YISHUN RING RD,YISHUN
235 YISHUN ST 21,235,YISHUN ST 21,YISHUN
113 YISHUN RING RD,113,YISHUN RING RD,YISHUN
214 YISHUN ST 21,214,YISHUN ST 21,YISHUN
801 YISHUN RING RD,801,YISHUN RING RD,YISHUN
644 YISHUN ST 61,644,YISHUN ST 61,YISHUN
260 YISHUN ST 22,260,YISHUN ST 22,YISHUN
754 YISHUN ST 72,754,YISHUN ST 72,YISHUN
787 YISHUN RING RD,787,YISHUN RING RD,YISHUN
714 YISHUN ST 71,714,YISHUN ST 71,YISHUN
721 YISHUN ST 71,721,YISHUN ST 71,YISHUN
637A YISHUN ST 61,637A,YISHUN ST 61,YISHUN
817 YISHUN ST 81,817,YISHUN ST 81,YISHUN
863 YISHUN AVE 4,863,YISHUN AVE 4,YISHUN
356 YISHUN RING RD,356,YISHUN RING RD,YISHUN
301 ANG MO KIO AVE 3,301,ANG MO KIO AVE 3,ANG MO KIO
303 ANG MO KIO AVE 1,303,ANG MO KIO AVE 1,ANG MO KIO
315A ANG MO KIO ST 31,315A,ANG MO KIO ST 31,ANG MO KIO
306 ANG MO KIO AVE 1,306,ANG MO KIO AVE 1,ANG MO KIO
71 BEDOK STH RD,71,BEDOK STH RD,BEDOK
69 BEDOK STH AVE 3,69,BEDOK STH AVE 3,BEDOK
614 BEDOK RESERVOIR RD,614,BEDOK RESERVOIR RD,BEDOK
170 BEDOK STH RD,170,BEDOK STH RD,BEDOK
62 NEW UPP CHANGI RD,62,NEW UPP CHANGI RD,BEDOK
26 CHAI CHEE RD,26,CHAI CHEE RD,BEDOK
97 BEDOK NTH AVE 4,97,BEDOK NTH AVE 4,BEDOK
653 JLN TENAGA,653,JLN TENAGA,BEDOK
55 NEW UPP CHANGI RD,55,NEW UPP CHANGI RD,BEDOK
102 LENGKONG TIGA,102,LENGKONG TIGA,BEDOK
116 BISHAN ST 12,116,BISHAN ST 12,BISHAN
136 BISHAN ST 12,136,BISHAN ST 12,BISHAN
196 BISHAN ST 13,196,BISHAN ST 13,BISHAN
313 SHUNFU RD,313,SHUNFU RD,BISHAN
287 BISHAN ST 24,287,BISHAN ST 24,BISHAN
306 SHUNFU RD,306,SHUNFU RD,BISHAN
262 BISHAN ST 22,262,BISHAN ST 22,BISHAN
234 BISHAN ST 22,234,BISHAN ST 22,BISHAN
501 BISHAN ST 11,501,BISHAN ST 11,BISHAN
137 BISHAN ST 12,137,BISHAN ST 12,BISHAN
184 BT BATOK WEST AVE 8,184,BT BATOK WEST AVE 8,BUKIT BATOK
278 BT BATOK EAST AVE 3,278,BT BATOK EAST AVE 3,BUKIT BATOK
168 BT BATOK WEST AVE 8,168,BT BATOK WEST AVE 8,BUKIT BATOK
364 BT BATOK ST 31,364,BT BATOK ST 31,BUKIT BATOK
349 BT BATOK ST 34,349,BT BATOK ST 34,BUKIT BATOK
423 BT BATOK WEST AVE 2,423,BT BATOK WEST AVE 2,BUKIT BATOK
325 BT BATOK ST 33,325,BT BATOK ST 33,BUKIT BATOK
183 BT BATOK WEST AVE 8,183,BT BATOK WEST AVE 8,BUKIT BATOK
350 BT BATOK ST 34,350,BT BATOK ST 34,BUKIT BATOK
204 BT BATOK ST 21,204,BT BATOK ST 21,BUKIT BATOK
389 BT BATOK WEST AVE 5,389,BT BATOK WEST AVE 5,BUKIT BATOK
188 BT BATOK WEST AVE 6,188,BT BATOK WEST AVE 6,BUKIT BATOK
28 JLN KLINIK,28,JLN KLINIK,BUKIT MERAH
136 JLN BT MERAH,136,JLN BT MERAH,BUKIT MERAH
20 TIONG BAHRU RD,20,TIONG BAHRU RD,BUKIT MERAH
19 LIM LIAK ST,19,LIM LIAK ST,BUKIT MERAH
43 MOH GUAN TER,43,MOH GUAN TER,BUKIT MERAH
39 JLN RUMAH TINGGI,39,JLN RUMAH TINGGI,BUKIT MERAH
118A JLN MEMBINA,118A,JLN MEMBINA,BUKIT MERAH
3 EVERTON PK,3,EVERTON PK,BUKIT MERAH
17 TELOK BLANGAH CRES,17,TELOK BLANGAH CRES,BUKIT MERAH
113 PENDING RD,113,PENDING RD,BUKIT PANJANG
619 BT PANJANG RING RD,619,BT PANJANG RING RD,BUKIT PANJANG
120 PENDING RD,120,PENDING RD,BUKIT PANJANG
533 BT PANJANG RING RD,533,BT PANJANG RING RD,BUKIT PANJANG
522 JELAPANG RD,522,JELAPANG RD,BUKIT PANJANG
544 JELAPANG RD,544,JELAPANG RD,BUKIT PANJANG
10 TOH YI DR,10,TOH YI DR,BUKIT TIMAH
8 JLN KUKOH,8,JLN KUKOH,CENTRAL AREA
26 JLN BERSEH,26,JLN BERSEH,CENTRAL AREA
103 TECK WHYE LANE,103,TECK WHYE LANE,CHOA CHU KANG
445 CHOA CHU KANG AVE 4,445,CHOA CHU KANG AVE 4,CHOA CHU KANG
411 CHOA CHU KANG AVE 3,411,CHOA CHU KANG AVE 3,CHOA CHU KANG
429 CHOA CHU KANG AVE 4,429,CHOA CHU KANG AVE 4,CHOA CHU KANG
625 CHOA CHU KANG ST 62,625,CHOA CHU KANG ST 62,CHOA CHU KANG
123 TECK WHYE LANE,123,TECK WHYE LANE,CHOA CHU KANG
206 CHOA CHU KANG CTRL,206,CHOA CHU KANG CTRL,CHOA CHU KANG
549 CHOA CHU KANG ST 52,549,CHOA CHU KANG ST 52,CHOA CHU KANG
566 CHOA CHU KANG ST 52,566,CHOA CHU KANG ST 52,CHOA CHU KANG
559 CHOA CHU KANG NTH 6,559,CHOA CHU KANG NTH 6,CHOA CHU KANG
328 CLEMENTI AVE 2,328,CLEMENTI AVE 2,CLEMENTI
336 CLEMENTI AVE 2,336,CLEMENTI AVE 2,CLEMENTI
355 CLEMENTI AVE 2,355,CLEMENTI AVE 2,CLEMENTI
710 CLEMENTI WEST ST 2,710,CLEMENTI WEST ST 2,CLEMENTI
72 CIRCUIT RD,72,CIRCUIT RD,GEYLANG
93 JLN DUA,93,JLN DUA,GEYLANG
102 ALJUNIED CRES,102,ALJUNIED CRES,GEYLANG
325 UBI AVE 1,325,UBI AVE 1,GEYLANG
341 UBI AVE 1,341,UBI AVE 1,GEYLANG
324 UBI AVE 1,324,UBI AVE 1,GEYLANG
92 PIPIT RD,92,PIPIT RD,GEYLANG
417 EUNOS RD 5,417,EUNOS RD 5,GEYLANG
678 HOUGANG AVE 8,678,HOUGANG AVE 8,HOUGANG
252 HOUGANG AVE 3,252,HOUGANG AVE 3,HOUGANG
127 HOUGANG AVE 1,127,HOUGANG AVE 1,HOUGANG
685 HOUGANG ST 61,685,HOUGANG ST 61,HOUGANG
696 HOUGANG ST 61,696,HOUGANG ST 61,HOUGANG
625 HOUGANG AVE 8,625,HOUGANG AVE 8,HOUGANG
667 HOUGANG AVE 4,667,HOUGANG AVE 4,HOUGANG
404 HOUGANG AVE 10,404,HOUGANG AVE 10,HOUGANG
608 HOUGANG AVE 4,608,HOUGANG AVE 4,HOUGANG
604 HOUGANG AVE 4,604,HOUGANG AVE 4,HOUGANG
675 HOUGANG AVE 8,675,HOUGANG AVE 8,HOUGANG
693 HOUGANG ST 61,693,HOUGANG ST 61,HOUGANG
566 HOUGANG ST 51,566,HOUGANG ST 51,HOUGANG
923 HOUGANG AVE 9,923,HOUGANG AVE 9,HOUGANG
434 HOUGANG AVE 8,434,HOUGANG AVE 8,HOUGANG
916 HOUGANG AVE 9,916,HOUGANG AVE 9,HOUGANG
238 HOUGANG AVE 1,238,HOUGANG AVE 1,HOUGANG
578 HOUGANG AVE 4,578,HOUGANG AVE 4,HOUGANG
237 JURONG EAST ST 21,237,JURONG EAST ST 21,JURONG EAST
206 JURONG EAST ST 21,206,JURONG EAST ST 21,JURONG EAST
317 JURONG EAST ST 31,317,JURONG EAST ST 31,JURONG EAST
322 JURONG EAST ST 31,322,JURONG EAST ST 31,JURONG EAST
116 JURONG EAST ST 13,116,JURONG EAST ST 13,JURONG EAST
277 TOH GUAN RD,277,TOH GUAN RD,JURONG EAST
103 JURONG EAST ST 13,103,JURONG EAST ST 13,JURONG EAST
333 JURONG EAST AVE 1,333,JURONG EAST AVE 1,JURONG EAST
820 JURONG WEST ST 81,820,JURONG WEST ST 81,JURONG WEST
976 JURONG WEST ST 93,976,JURONG WEST ST 93,JURONG WEST
424 JURONG WEST AVE 1,424,JURONG WEST AVE 1,JURONG WEST
979 JURONG WEST ST 93,979,JURONG WEST ST 93,JURONG WEST
272C JURONG WEST ST 24,272C,JURONG WEST ST 24,JURONG WEST
449 JURONG WEST ST 42,449,JURONG WEST ST 42,JURONG WEST
940 JURONG WEST ST 91,940,JURONG WEST ST 91,JURONG WEST
716 JURONG WEST ST 71,716,JURONG WEST ST 71,JURONG WEST
537 JURONG WEST AVE 1,537,JURONG WEST AVE 1,JURONG WEST
651B JURONG WEST ST 61,651B,JURONG WEST ST 61,JURONG WEST
181A BOON LAY DR,181A,BOON LAY DR,JURONG WEST
755 JURONG WEST ST 74,755,JURONG WEST ST 74,JURONG WEST
551 JURONG WEST ST 42,551,JURONG WEST ST 42,JURONG WEST
825 JURONG WEST ST 81,825,JURONG WEST ST 81,JURONG WEST
662D JURONG WEST ST 64,662D,JURONG WEST ST 64,JURONG WEST
677B JURONG WEST ST 64,677B,JURONG WEST ST 64,JURONG WEST
652C JURONG WEST ST 61,652C,JURONG WEST ST 61,JURONG WEST
680B JURONG WEST CTRL 1,680B,JURONG WEST CTRL 1,JURONG WEST
830A JURONG WEST ST 81,830A,JURONG WEST ST 81,JURONG WEST
831 JURONG WEST ST 81,831,JURONG WEST ST 81,JURONG WEST
671B JURONG WEST ST 65,671B,JURONG WEST ST 65,JURONG WEST
665A JURONG WEST ST 64,665A,JURONG WEST ST 64,JURONG WEST
613 JURONG WEST ST 62,613,JURONG WEST ST 62,JURONG WEST
16 ST. GEORGE'S RD,16,ST. GEORGE'S RD,KALLANG/WHAMPOA
804 KING GEORGE'S AVE,804,KING GEORGE'S AVE,KALLANG/WHAMPOA
106 JLN DUSUN,106,JLN DUSUN,KALLANG/WHAMPOA
807 KING GEORGE'S AVE,807,KING GEORGE'S AVE,KALLANG/WHAMPOA
71 MARINE DR,71,MARINE DR,MARINE PARADE
125 PASIR RIS ST 11,125,PASIR RIS ST 11,PASIR RIS
458 PASIR RIS DR 4,458,PASIR RIS DR 4,PASIR RIS
477 PASIR RIS DR 6,477,PASIR RIS DR 6,PASIR RIS
629 PASIR RIS DR 3,629,PASIR RIS DR 3,PASIR RIS
184 PASIR RIS ST 11,184,PASIR RIS ST 11,PASIR RIS
140 PASIR RIS ST 11,140,PASIR RIS ST 11,PASIR RIS
230 PASIR RIS ST 21,230,PASIR RIS ST 21,PASIR RIS
612 ELIAS RD,612,ELIAS RD,PASIR RIS
774 PASIR RIS ST 71,774,PASIR RIS ST 71,PASIR RIS
189 PASIR RIS ST 12,189,PASIR RIS ST 12,PASIR RIS
511 PASIR RIS ST 52,511,PASIR RIS ST 52,PASIR RIS
716 PASIR RIS ST 72,716,PASIR RIS ST 72,PASIR RIS
129 PASIR RIS ST 11,129,PASIR RIS ST 11,PASIR RIS
209 PASIR RIS ST 21,209,PASIR RIS ST 21,PASIR RIS
649 PASIR RIS DR 10,649,PASIR RIS DR 10,PASIR RIS
465 PASIR RIS ST 41,465,PASIR RIS ST 41,PASIR RIS
622B PUNGGOL CTRL,622B,PUNGGOL CTRL,PUNGGOL
603C PUNGGOL RD,603C,PUNGGOL RD,PUNGGOL
167B PUNGGOL EAST,167B,PUNGGOL EAST,PUNGGOL
170C PUNGGOL FIELD,170C,PUNGGOL FIELD,PUNGGOL
624A PUNGGOL CTRL,624A,PUNGGOL CTRL,PUNGGOL
208C PUNGGOL PL,208C,PUNGGOL PL,PUNGGOL
272A PUNGGOL WALK,272A,PUNGGOL WALK,PUNGGOL
272C PUNGGOL WALK,272C,PUNGGOL WALK,PUNGGOL
102A PUNGGOL FIELD,102A,PUNGGOL FIELD,PUNGGOL
103B EDGEFIELD PLAINS,103B,EDGEFIELD PLAINS,PUNGGOL
638B PUNGGOL DR,638B,PUNGGOL DR,PUNGGOL
199A PUNGGOL FIELD,199A,PUNGGOL FIELD,PUNGGOL
170B PUNGGOL FIELD,170B,PUNGGOL FIELD,PUNGGOL
169A PUNGGOL FIELD,169A,PUNGGOL FIELD,PUNGGOL
207A PUNGGOL PL,207A,PUNGGOL PL,PUNGGOL
167 STIRLING RD,167,STIRLING RD,QUEENSTOWN
13 GHIM MOH RD,13,GHIM MOH RD,QUEENSTOWN
184 STIRLING RD,184,STIRLING RD,QUEENSTOWN
323 SEMBAWANG CL,323,SEMBAWANG CL,SEMBAWANG
419 CANBERRA RD,419,CANBERRA RD,SEMBAWANG
425 CANBERRA RD,425,CANBERRA RD,SEMBAWANG
354D ADMIRALTY DR,354D,ADMIRALTY DR,SEMBAWANG
185B RIVERVALE CRES,185B,RIVERVALE CRES,SENGKANG
273B COMPASSVALE LINK,273B,COMPASSVALE LINK,SENGKANG
133 RIVERVALE ST,133,RIVERVALE ST,SENGKANG
206A COMPASSVALE LANE,206A,COMPASSVALE LANE,SENGKANG
137 RIVERVALE ST,137,RIVERVALE ST,SENGKANG
104 SERANGOON NTH AVE 1,104,SERANGOON NTH AVE 1,SERANGOON
220 SERANGOON AVE 4,220,SERANGOON AVE 4,SERANGOON
547 SERANGOON NTH AVE 3,547,SERANGOON NTH AVE 3,SERANGOON
228 SERANGOON AVE 4,228,SERANGOON AVE 4,SERANGOON
404 SERANGOON AVE 1,404,SERANGOON AVE 1,SERANGOON
421 SERANGOON CTRL,421,SERANGOON CTRL,SERANGOON
116 SERANGOON NTH AVE 1,116,SERANGOON NTH AVE 1,SERANGOON
322 SERANGOON AVE 3,322,SERANGOON AVE 3,SERANGOON
408 TAMPINES ST 41,408,TAMPINES ST 41,TAMPINES
113 TAMPINES ST 11,113,TAMPINES ST 11,TAMPINES
469 TAMPINES ST 44,469,TAMPINES ST 44,TAMPINES
240 TAMPINES ST 21,240,TAMPINES ST 21,TAMPINES
201A TAMPINES ST 21,201A,TAMPINES ST 21,TAMPINES
839 TAMPINES ST 83,839,TAMPINES ST 83,TAMPINES
939 TAMPINES AVE 5,939,TAMPINES AVE 5,TAMPINES
713 TAMPINES ST 71,713,TAMPINES ST 71,TAMPINES
862A TAMPINES ST 83,862A,TAMPINES ST 83,TAMPINES
861 TAMPINES AVE 5,861,TAMPINES AVE 5,TAMPINES
352 TAMPINES ST 33,352,TAMPINES ST 33,TAMPINES
490B TAMPINES ST 45,490B,TAMPINES ST 45,TAMPINES
114 SIMEI ST 1,114,SIMEI ST 1,TAMPINES
338 TAMPINES ST 33,338,TAMPINES ST 33,TAMPINES
372 TAMPINES ST 34,372,TAMPINES ST 34,TAMPINES
304 TAMPINES ST 32,304,TAMPINES ST 32,TAMPINES
260 TAMPINES ST 21,260,TAMPINES ST 21,TAMPINES
224 SIMEI ST 4,224,SIMEI ST 4,TAMPINES
122 SIMEI ST 1,122,SIMEI ST 1,TAMPINES
842F TAMPINES ST 82,842F,TAMPINES ST 82,TAMPINES
892A TAMPINES AVE 8,892A,TAMPINES AVE 8,TAMPINES
314 TAMPINES ST 33,314,TAMPINES ST 33,TAMPINES
737 TAMPINES ST 72,737,TAMPINES ST 72,TAMPINES
426 TAMPINES ST 41,426,TAMPINES ST 41,TAMPINES
940 TAMPINES AVE 5,940,TAMPINES AVE 5,TAMPINES
56 LOR 4 TOA PAYOH,56,LOR 4 TOA PAYOH,TOA PAYOH
178 TOA PAYOH CTRL,178,TOA PAYOH CTRL,TOA PAYOH
17 JOO SENG RD,17,JOO SENG RD,TOA PAYOH
209 TOA PAYOH NTH,209,TOA PAYOH NTH,TOA PAYOH
43 LOR 5 TOA PAYOH,43,LOR 5 TOA PAYOH,TOA PAYOH
7 LOR 7 TOA PAYOH,7,LOR 7 TOA PAYOH,TOA PAYOH
80B LOR 4 TOA PAYOH,80B,LOR 4 TOA PAYOH,TOA PAYOH
786B WOODLANDS DR 60,786B,WOODLANDS DR 60,WOODLANDS
610 WOODLANDS AVE 4,610,WOODLANDS AVE 4,WOODLANDS
171 WOODLANDS ST 11,171,WOODLANDS ST 11,WOODLANDS
878 WOODLANDS AVE 9,878,WOODLANDS AVE 9,WOODLANDS
873 WOODLANDS ST 81,873,WOODLANDS ST 81,WOODLANDS
684B WOODLANDS DR 73,684B,WOODLANDS DR 73,WOODLANDS
712 WOODLANDS DR 70,712,WOODLANDS DR 70,WOODLANDS
796 WOODLANDS DR 72,796,WOODLANDS DR 72,WOODLANDS
177 WOODLANDS ST 13,177,WOODLANDS ST 13,WOODLANDS
418 WOODLANDS ST 41,418,WOODLANDS ST 41,WOODLANDS
546 WOODLANDS DR 16,546,WOODLANDS DR 16,WOODLANDS
841 WOODLANDS ST 82,841,WOODLANDS ST 82,WOODLANDS
851 WOODLANDS ST 83,851,WOODLANDS ST 83,WOODLANDS
523 WOODLANDS DR 14,523,WOODLANDS DR 14,WOODLANDS
572A WOODLANDS AVE 1,572A,WOODLANDS AVE 1,WOODLANDS
893B WOODLANDS DR 50,893B,WOODLANDS DR 50,WOODLANDS
419 WOODLANDS ST 41,419,WOODLANDS ST 41,WOODLANDS
267 YISHUN ST 22,267,YISHUN ST 22,YISHUN
366 YISHUN RING RD,366,YISHUN RING RD,YISHUN
331 YISHUN RING RD,331,YISHUN RING RD,YISHUN
226 YISHUN ST 21,226,YISHUN ST 21,YISHUN
175 YISHUN AVE 7,175,YISHUN AVE 7,YISHUN
624 YISHUN RING RD,624,YISHUN RING RD,YISHUN
859 YISHUN AVE 4,859,YISHUN AVE 4,YISHUN
855 YISHUN RING RD,855,YISHUN RING RD,YISHUN
742 YISHUN AVE 5,742,YISHUN AVE 5,YISHUN
155 YISHUN ST 11,155,YISHUN ST 11,YISHUN
398 YISHUN RING RD,398,YISHUN RING RD,YISHUN
651 YISHUN AVE 4,651,YISHUN AVE 4,YISHUN
770 YISHUN AVE 3,770,YISHUN AVE 3,YISHUN
827 YISHUN ST 81,827,YISHUN ST 81,YISHUN
828 YISHUN ST 81,828,YISHUN ST 81,YISHUN
666 YISHUN AVE 4,666,YISHUN AVE 4,YISHUN
116 ANG MO KIO AVE 4,116,ANG MO KIO AVE 4,ANG MO KIO
225 ANG MO KIO AVE 1,225,ANG MO KIO AVE 1,ANG MO KIO
220 ANG MO KIO AVE 1,220,ANG MO KIO AVE 1,ANG MO KIO
457 ANG MO KIO AVE 10,457,ANG MO KIO AVE 10,ANG MO KIO
112 ANG MO KIO AVE 4,112,ANG MO KIO AVE 4,ANG MO KIO
223 ANG MO KIO AVE 1,223,ANG MO KIO AVE 1,ANG MO KIO
134 BEDOK RESERVOIR RD,134,BEDOK RESERVOIR RD,BEDOK
122 BEDOK RESERVOIR RD,122,BEDOK RESERVOIR RD,BEDOK
141 BEDOK RESERVOIR RD,141,BEDOK RESERVOIR RD,BEDOK
414 BEDOK NTH AVE 2,414,BEDOK NTH AVE 2,BEDOK
104 BEDOK RESERVOIR RD,104,BEDOK RESERVOIR RD,BEDOK
9 BEDOK STH AVE 2,9,BEDOK STH AVE 2,BEDOK
14 BEDOK STH AVE 2,14,BEDOK STH AVE 2,BEDOK
1 CHAI CHEE RD,1,CHAI CHEE RD,BEDOK
94B BEDOK NTH AVE 4,94B,BEDOK NTH AVE 4,BEDOK
639 BEDOK RESERVOIR RD,639,BEDOK RESERVOIR RD,BEDOK
235 BISHAN ST 22,235,BISHAN ST 22,BISHAN
268 BISHAN ST 24,268,BISHAN ST 24,BISHAN
311 SHUNFU RD,311,SHUNFU RD,BISHAN
117 BISHAN ST 12,117,BISHAN ST 12,BISHAN
253 BISHAN ST 22,253,BISHAN ST 22,BISHAN
221 BISHAN ST 23,221,BISHAN ST 23,BISHAN
401 SIN MING AVE,401,SIN MING AVE,BISHAN
220 BT BATOK EAST AVE 3,220,BT BATOK EAST AVE 3,BUKIT BATOK
332 BT BATOK ST 32,332,BT BATOK ST 32,BUKIT BATOK
539 BT BATOK ST 52,539,BT BATOK ST 52,BUKIT BATOK
133 BT BATOK WEST AVE 6,133,BT BATOK WEST AVE 6,BUKIT BATOK
368 BT BATOK ST 31,368,BT BATOK ST 31,BUKIT BATOK
257 BT BATOK EAST AVE 4,257,BT BATOK EAST AVE 4,BUKIT BATOK
287 BT BATOK EAST AVE 3,287,BT BATOK EAST AVE 3,BUKIT BATOK
351 BT BATOK ST 34,351,BT BATOK ST 34,BUKIT BATOK
38 BEO CRES,38,BEO CRES,BUKIT MERAH
6 EVERTON PK,6,EVERTON PK,BUKIT MERAH
28 TIONG BAHRU RD,28,TIONG BAHRU RD,BUKIT MERAH
142 PETIR RD,142,PETIR RD,BUKIT PANJANG
404 FAJAR RD,404,FAJAR RD,BUKIT PANJANG
511 JELAPANG RD,511,JELAPANG RD,BUKIT PANJANG
141 PETIR RD,141,PETIR RD,BUKIT PANJANG
413 SAUJANA RD,413,SAUJANA RD,BUKIT PANJANG
507 JELAPANG RD,507,JELAPANG RD,BUKIT PANJANG
656 SENJA RD,656,SENJA RD,BUKIT PANJANG
433 BT PANJANG RING RD,433,BT PANJANG RING RD,BUKIT PANJANG
3 QUEEN'S RD,3,QUEEN'S RD,BUKIT TIMAH
8 TOH YI DR,8,TOH YI DR,BUKIT TIMAH
29 KELANTAN RD,29,KELANTAN RD,CENTRAL AREA
403 CHOA CHU KANG AVE 3,403,CHOA CHU KANG AVE 3,CHOA CHU KANG
425 CHOA CHU KANG AVE 4,425,CHOA CHU KANG AVE 4,CHOA CHU KANG
687C CHOA CHU KANG DR,687C,CHOA CHU KANG DR,CHOA CHU KANG
505 CHOA CHU KANG ST 51,505,CHOA CHU KANG ST 51,CHOA CHU KANG
552 CHOA CHU KANG ST 52,552,CHOA CHU KANG ST 52,CHOA CHU KANG
151 JLN TECK WHYE,151,JLN TECK WHYE,CHOA CHU KANG
458 CHOA CHU KANG AVE 4,458,CHOA CHU KANG AVE 4,CHOA CHU KANG
484D CHOA CHU KANG AVE 5,484D,CHOA CHU KANG AVE 5,CHOA CHU KANG
485B CHOA CHU KANG AVE 5,485B,CHOA CHU KANG AVE 5,CHOA CHU KANG
345 CHOA CHU KANG LOOP,345,CHOA CHU KANG LOOP,CHOA CHU KANG
791 CHOA CHU KANG NTH 6,791,CHOA CHU KANG NTH 6,CHOA CHU KANG
633 CHOA CHU KANG NTH 6,633,CHOA CHU KANG NTH 6,CHOA CHU KANG
617 CHOA CHU KANG NTH 7,617,CHOA CHU KANG NTH 7,CHOA CHU KANG
156 JLN TECK WHYE,156,JLN TECK WHYE,CHOA CHU KANG
525 CHOA CHU KANG ST 51,525,CHOA CHU KANG ST 51,CHOA CHU KANG
34 EUNOS CRES,34,EUNOS CRES,GEYLANG
413 EUNOS RD 5,413,EUNOS RD 5,GEYLANG
842 SIMS AVE,842,SIMS AVE,GEYLANG
652 HOUGANG AVE 8,652,HOUGANG AVE 8,HOUGANG
573 HOUGANG ST 51,573,HOUGANG ST 51,HOUGANG
937 HOUGANG ST 92,937,HOUGANG ST 92,HOUGANG
130 LOR AH SOO,130,LOR AH SOO,HOUGANG
360 HOUGANG AVE 5,360,HOUGANG AVE 5,HOUGANG
953 HOUGANG AVE 9,953,HOUGANG AVE 9,HOUGANG
928 HOUGANG ST 91,928,HOUGANG ST 91,HOUGANG
372 JURONG EAST ST 32,372,JURONG EAST ST 32,JURONG EAST
205 JURONG EAST ST 21,205,JURONG EAST ST 21,JURONG EAST
221 JURONG EAST ST 21,221,JURONG EAST ST 21,JURONG EAST
225 JURONG EAST ST 21,225,JURONG EAST ST 21,JURONG EAST
251 JURONG EAST ST 24,251,JURONG EAST ST 24,JURONG EAST
201 JURONG EAST ST 21,201,JURONG EAST ST 21,JURONG EAST
278 TOH GUAN RD,278,TOH GUAN RD,JURONG EAST
216 JURONG EAST ST 21,216,JURONG EAST ST 21,JURONG EAST
286C TOH GUAN RD,286C,TOH GUAN RD,JURONG EAST
180A BOON LAY DR,180A,BOON LAY DR,JURONG WEST
435 JURONG WEST ST 42,435,JURONG WEST ST 42,JURONG WEST
646 JURONG WEST ST 61,646,JURONG WEST ST 61,JURONG WEST
668A JURONG WEST ST 64,668A,JURONG WEST ST 64,JURONG WEST
734 JURONG WEST ST 73,734,JURONG WEST ST 73,JURONG WEST
738 JURONG WEST ST 75,738,JURONG WEST ST 75,JURONG WEST
327 TAH CHING RD,327,TAH CHING RD,JURONG WEST
155 YUNG LOH RD,155,YUNG LOH RD,JURONG WEST
695 JURONG WEST CTRL 1,695,JURONG WEST CTRL 1,JURONG WEST
911 JURONG WEST ST 91,911,JURONG WEST ST 91,JURONG WEST
325 TAH CHING RD,325,TAH CHING RD,JURONG WEST
665B JURONG WEST ST 64,665B,JURONG WEST ST 64,JURONG WEST
629 JURONG WEST ST 65,629,JURONG WEST ST 65,JURONG WEST
362 YUNG AN RD,362,YUNG AN RD,JURONG WEST
65 JLN MA'MOR,65,JLN MA'MOR,KALLANG/WHAMPOA
62 JLN MA'MOR,62,JLN MA'MOR,KALLANG/WHAMPOA
93 WHAMPOA DR,93,WHAMPOA DR,KALLANG/WHAMPOA
42 CAMBRIDGE RD,42,CAMBRIDGE RD,KALLANG/WHAMPOA
40 CAMBRIDGE RD,40,CAMBRIDGE RD,KALLANG/WHAMPOA
100 WHAMPOA DR,100,WHAMPOA DR,KALLANG/WHAMPOA
682 RACE COURSE RD,682,RACE COURSE RD,KALLANG/WHAMPOA
453 PASIR RIS DR 6,453,PASIR RIS DR 6,PASIR RIS
181 PASIR RIS ST 11,181,PASIR RIS ST 11,PASIR RIS
233 PASIR RIS DR 4,233,PASIR RIS DR 4,PASIR RIS
558 PASIR RIS ST 51,558,PASIR RIS ST 51,PASIR RIS
243 PASIR RIS ST 21,243,PASIR RIS ST 21,PASIR RIS
711 PASIR RIS ST 72,711,PASIR RIS ST 72,PASIR RIS
622C PUNGGOL CTRL,622C,PUNGGOL CTRL,PUNGGOL
196D PUNGGOL FIELD,196D,PUNGGOL FIELD,PUNGGOL
207B PUNGGOL PL,207B,PUNGGOL PL,PUNGGOL
163B PUNGGOL CTRL,163B,PUNGGOL CTRL,PUNGGOL
58 STRATHMORE AVE,58,STRATHMORE AVE,QUEENSTOWN
131 CLARENCE LANE,131,CLARENCE LANE,QUEENSTOWN
306 CANBERRA RD,306,CANBERRA RD,SEMBAWANG
508C WELLINGTON CIRCLE,508C,WELLINGTON CIRCLE,SEMBAWANG
424 CANBERRA RD,424,CANBERRA RD,SEMBAWANG
303B ANCHORVALE LINK,303B,ANCHORVALE LINK,SENGKANG
307A ANCHORVALE RD,307A,ANCHORVALE RD,SENGKANG
113 RIVERVALE WALK,113,RIVERVALE WALK,SENGKANG
106 RIVERVALE WALK,106,RIVERVALE WALK,SENGKANG
450A SENGKANG WEST WAY,450A,SENGKANG WEST WAY,SENGKANG
296A COMPASSVALE CRES,296A,COMPASSVALE CRES,SENGKANG
227B COMPASSVALE DR,227B,COMPASSVALE DR,SENGKANG
258D COMPASSVALE RD,258D,COMPASSVALE RD,SENGKANG
223B COMPASSVALE WALK,223B,COMPASSVALE WALK,SENGKANG
233 COMPASSVALE WALK,233,COMPASSVALE WALK,SENGKANG
228C COMPASSVALE WALK,228C,COMPASSVALE WALK,SENGKANG
125 RIVERVALE ST,125,RIVERVALE ST,SENGKANG
119C RIVERVALE DR,119C,RIVERVALE DR,SENGKANG
189C RIVERVALE DR,189C,RIVERVALE DR,SENGKANG
140 SERANGOON NTH AVE 2,140,SERANGOON NTH AVE 2,SERANGOON
139 SERANGOON NTH AVE 2,139,SERANGOON NTH AVE 2,SERANGOON
317 SERANGOON AVE 2,317,SERANGOON AVE 2,SERANGOON
543 SERANGOON NTH AVE 3,543,SERANGOON NTH AVE 3,SERANGOON
499B TAMPINES AVE 9,499B,TAMPINES AVE 9,TAMPINES
433 TAMPINES ST 43,433,TAMPINES ST 43,TAMPINES
899 TAMPINES ST 81,899,TAMPINES ST 81,TAMPINES
803 TAMPINES AVE 4,803,TAMPINES AVE 4,TAMPINES
357 TAMPINES ST 33,357,TAMPINES ST 33,TAMPINES
498G TAMPINES ST 45,498G,TAMPINES ST 45,TAMPINES
838 TAMPINES ST 82,838,TAMPINES ST 82,TAMPINES
836 TAMPINES ST 82,836,TAMPINES ST 82,TAMPINES
837 TAMPINES ST 83,837,TAMPINES ST 83,TAMPINES
869 TAMPINES ST 83,869,TAMPINES ST 83,TAMPINES
934 TAMPINES ST 91,934,TAMPINES ST 91,TAMPINES
165 TAMPINES ST 12,165,TAMPINES ST 12,TAMPINES
932 TAMPINES ST 91,932,TAMPINES ST 91,TAMPINES
111 SIMEI ST 1,111,SIMEI ST 1,TAMPINES
856C TAMPINES ST 82,856C,TAMPINES ST 82,TAMPINES
867A TAMPINES ST 83,867A,TAMPINES ST 83,TAMPINES
460 TAMPINES ST 42,460,TAMPINES ST 42,TAMPINES
57 LOR 5 TOA PAYOH,57,LOR 5 TOA PAYOH,TOA PAYOH
245 KIM KEAT LINK,245,KIM KEAT LINK,TOA PAYOH
80 LOR 4 TOA PAYOH,80,LOR 4 TOA PAYOH,TOA PAYOH
139 POTONG PASIR AVE 3,139,POTONG PASIR AVE 3,TOA PAYOH
26 MARSILING DR,26,MARSILING DR,WOODLANDS
34 MARSILING DR,34,MARSILING DR,WOODLANDS
115 MARSILING RISE,115,MARSILING RISE,WOODLANDS
879 WOODLANDS ST 82,879,WOODLANDS ST 82,WOODLANDS
858 WOODLANDS ST 83,858,WOODLANDS ST 83,WOODLANDS
788 WOODLANDS AVE 6,788,WOODLANDS AVE 6,WOODLANDS
670 WOODLANDS DR 71,670,WOODLANDS DR 71,WOODLANDS
402 WOODLANDS ST 41,402,WOODLANDS ST 41,WOODLANDS
804 WOODLANDS ST 81,804,WOODLANDS ST 81,WOODLANDS
632 YISHUN ST 61,632,YISHUN ST 61,YISHUN
656 YISHUN AVE 4,656,YISHUN AVE 4,YISHUN
396 YISHUN AVE 6,396,YISHUN AVE 6,YISHUN
225 YISHUN ST 21,225,YISHUN ST 21,YISHUN
291 YISHUN ST 22,291,YISHUN ST 22,YISHUN
730 YISHUN ST 71,730,YISHUN ST 71,YISHUN
820 YISHUN ST 81,820,YISHUN ST 81,YISHUN
928 YISHUN CTRL 1,928,YISHUN CTRL 1,YISHUN
826 YISHUN ST 81,826,YISHUN ST 81,YISHUN
152 ANG MO KIO AVE 5,152,ANG MO KIO AVE 5,ANG MO KIO
204 ANG MO KIO AVE 3,204,ANG MO KIO AVE 3,ANG MO KIO
458 ANG MO KIO AVE 10,458,ANG MO KIO AVE 10,ANG MO KIO
618 ANG MO KIO AVE 4,618,ANG MO KIO AVE 4,ANG MO KIO
168 BEDOK STH AVE 3,168,BEDOK STH AVE 3,BEDOK
3 BEDOK STH AVE 1,3,BEDOK STH AVE 1,BEDOK
615 BEDOK RESERVOIR RD,615,BEDOK RESERVOIR RD,BEDOK
132 BEDOK RESERVOIR RD,132,BEDOK RESERVOIR RD,BEDOK
516 BEDOK NTH AVE 2,516,BEDOK NTH AVE 2,BEDOK
145 BEDOK RESERVOIR RD,145,BEDOK RESERVOIR RD,BEDOK
150A BISHAN ST 11,150A,BISHAN ST 11,BISHAN
144 BISHAN ST 12,144,BISHAN ST 12,BISHAN
347 BT BATOK ST 34,347,BT BATOK ST 34,BUKIT BATOK
410 BT BATOK WEST AVE 4,410,BT BATOK WEST AVE 4,BUKIT BATOK
330 BT BATOK ST 33,330,BT BATOK ST 33,BUKIT BATOK
628 BT BATOK CTRL,628,BT BATOK CTRL,BUKIT BATOK
8 JLN BT HO SWEE,8,JLN BT HO SWEE,BUKIT MERAH
11 CANTONMENT CL,11,CANTONMENT CL,BUKIT MERAH
50 TELOK BLANGAH DR,50,TELOK BLANGAH DR,BUKIT MERAH
116 PENDING RD,116,PENDING RD,BUKIT PANJANG
523 JELAPANG RD,523,JELAPANG RD,BUKIT PANJANG
290 CHOA CHU KANG AVE 3,290,CHOA CHU KANG AVE 3,CHOA CHU KANG
117 TECK WHYE LANE,117,TECK WHYE LANE,CHOA CHU KANG
15 TECK WHYE LANE,15,TECK WHYE LANE,CHOA CHU KANG
408 CHOA CHU KANG AVE 3,408,CHOA CHU KANG AVE 3,CHOA CHU KANG
233 CHOA CHU KANG CTRL,233,CHOA CHU KANG CTRL,CHOA CHU KANG
511 CHOA CHU KANG ST 51,511,CHOA CHU KANG ST 51,CHOA CHU KANG
540 CHOA CHU KANG ST 52,540,CHOA CHU KANG ST 52,CHOA CHU KANG
346 CHOA CHU KANG LOOP,346,CHOA CHU KANG LOOP,CHOA CHU KANG
524 CHOA CHU KANG ST 51,524,CHOA CHU KANG ST 51,CHOA CHU KANG
437 CHOA CHU KANG AVE 4,437,CHOA CHU KANG AVE 4,CHOA CHU KANG
302 CLEMENTI AVE 4,302,CLEMENTI AVE 4,CLEMENTI
21 EUNOS CRES,21,EUNOS CRES,GEYLANG
43 SIMS DR,43,SIMS DR,GEYLANG
3 PINE CL,3,PINE CL,GEYLANG
326 UBI AVE 1,326,UBI AVE 1,GEYLANG
665 HOUGANG AVE 4,665,HOUGANG AVE 4,HOUGANG
437 HOUGANG AVE 8,437,HOUGANG AVE 8,HOUGANG
375 HOUGANG ST 31,375,HOUGANG ST 31,HOUGANG
38 TEBAN GDNS RD,38,TEBAN GDNS RD,JURONG EAST
416 PANDAN GDNS,416,PANDAN GDNS,JURONG EAST
274 TOH GUAN RD,274,TOH GUAN RD,JURONG EAST
109 JURONG EAST ST 13,109,JURONG EAST ST 13,JURONG EAST
230 JURONG EAST ST 21,230,JURONG EAST ST 21,JURONG EAST
180B BOON LAY DR,180B,BOON LAY DR,JURONG WEST
521 JURONG WEST ST 52,521,JURONG WEST ST 52,JURONG WEST
965 JURONG WEST ST 93,965,JURONG WEST ST 93,JURONG WEST
975 JURONG WEST ST 93,975,JURONG WEST ST 93,JURONG WEST
857 JURONG WEST ST 81,857,JURONG WEST ST 81,JURONG WEST
355 KANG CHING RD,355,KANG CHING RD,JURONG WEST
669B JURONG WEST ST 64,669B,JURONG WEST ST 64,JURONG WEST
63 JLN MA'MOR,63,JLN MA'MOR,KALLANG/WHAMPOA
17 BEACH RD,17,BEACH RD,KALLANG/WHAMPOA
43 MARINE CRES,43,MARINE CRES,MARINE PARADE
12 MARINE TER,12,MARINE TER,MARINE PARADE
486 PASIR RIS DR 4,486,PASIR RIS DR 4,PASIR RIS
470 PASIR RIS DR 6,470,PASIR RIS DR 6,PASIR RIS
516 PASIR RIS ST 52,516,PASIR RIS ST 52,PASIR RIS
421 PASIR RIS DR 6,421,PASIR RIS DR 6,PASIR RIS
506 PASIR RIS ST 52,506,PASIR RIS ST 52,PASIR RIS
123 PASIR RIS ST 11,123,PASIR RIS ST 11,PASIR RIS
424 PASIR RIS DR 6,424,PASIR RIS DR 6,PASIR RIS
207C PUNGGOL PL,207C,PUNGGOL PL,PUNGGOL
272D PUNGGOL WALK,272D,PUNGGOL WALK,PUNGGOL
174A EDGEDALE PLAINS,174A,EDGEDALE PLAINS,PUNGGOL
196B PUNGGOL FIELD,196B,PUNGGOL FIELD,PUNGGOL
90 C'WEALTH DR,90,C'WEALTH DR,QUEENSTOWN
84 C'WEALTH CL,84,C'WEALTH CL,QUEENSTOWN
14 GHIM MOH RD,14,GHIM MOH RD,QUEENSTOWN
340B SEMBAWANG CL,340B,SEMBAWANG CL,SEMBAWANG
319 SEMBAWANG CL,319,SEMBAWANG CL,SEMBAWANG
295C COMPASSVALE CRES,295C,COMPASSVALE CRES,SENGKANG
188A RIVERVALE DR,188A,RIVERVALE DR,SENGKANG
262D COMPASSVALE ST,262D,COMPASSVALE ST,SENGKANG
261D SENGKANG EAST WAY,261D,SENGKANG EAST WAY,SENGKANG
8 LOR LEW LIAN,8,LOR LEW LIAN,SERANGOON
112 SERANGOON NTH AVE 1,112,SERANGOON NTH AVE 1,SERANGOON
110 SERANGOON NTH AVE 1,110,SERANGOON NTH AVE 1,SERANGOON
309 SERANGOON AVE 2,309,SERANGOON AVE 2,SERANGOON
550 SERANGOON NTH AVE 3,550,SERANGOON NTH AVE 3,SERANGOON
424 TAMPINES ST 41,424,TAMPINES ST 41,TAMPINES
464 TAMPINES ST 44,464,TAMPINES ST 44,TAMPINES
353 TAMPINES ST 33,353,TAMPINES ST 33,TAMPINES
282 TAMPINES ST 22,282,TAMPINES ST 22,TAMPINES
301 TAMPINES ST 32,301,TAMPINES ST 32,TAMPINES
455 TAMPINES ST 42,455,TAMPINES ST 42,TAMPINES
157 SIMEI RD,157,SIMEI RD,TAMPINES
931 TAMPINES ST 91,931,TAMPINES ST 91,TAMPINES
910 TAMPINES ST 91,910,TAMPINES ST 91,TAMPINES
163 SIMEI RD,163,SIMEI RD,TAMPINES
485B TAMPINES AVE 9,485B,TAMPINES AVE 9,TAMPINES
303 TAMPINES ST 32,303,TAMPINES ST 32,TAMPINES
496B TAMPINES ST 43,496B,TAMPINES ST 43,TAMPINES
703 TAMPINES ST 71,703,TAMPINES ST 71,TAMPINES
354 TAMPINES ST 33,354,TAMPINES ST 33,TAMPINES
150 SIMEI ST 1,150,SIMEI ST 1,TAMPINES
495A TAMPINES ST 43,495A,TAMPINES ST 43,TAMPINES
894 TAMPINES ST 81,894,TAMPINES ST 81,TAMPINES
146 TAMPINES AVE 5,146,TAMPINES AVE 5,TAMPINES
106 POTONG PASIR AVE 1,106,POTONG PASIR AVE 1,TOA PAYOH
191 LOR 4 TOA PAYOH,191,LOR 4 TOA PAYOH,TOA PAYOH
123 POTONG PASIR AVE 1,123,POTONG PASIR AVE 1,TOA PAYOH
133 POTONG PASIR AVE 1,133,POTONG PASIR AVE 1,TOA PAYOH
158 WOODLANDS ST 13,158,WOODLANDS ST 13,WOODLANDS
337 WOODLANDS AVE 1,337,WOODLANDS AVE 1,WOODLANDS
127 MARSILING RISE,127,MARSILING RISE,WOODLANDS
761 WOODLANDS AVE 6,761,WOODLANDS AVE 6,WOODLANDS
169 WOODLANDS ST 11,169,WOODLANDS ST 11,WOODLANDS
346 WOODLANDS ST 32,346,WOODLANDS ST 32,WOODLANDS
712 YISHUN AVE 5,712,YISHUN AVE 5,YISHUN
257 YISHUN RING RD,257,YISHUN RING RD,YISHUN
652 YISHUN AVE 4,652,YISHUN AVE 4,YISHUN
245 YISHUN AVE 9,245,YISHUN AVE 9,YISHUN
159 YISHUN ST 11,159,YISHUN ST 11,YISHUN
277 YISHUN ST 22,277,YISHUN ST 22,YISHUN
554 ANG MO KIO AVE 10,554,ANG MO KIO AVE 10,ANG MO KIO
324 ANG MO KIO AVE 3,324,ANG MO KIO AVE 3,ANG MO KIO
208 NEW UPP CHANGI RD,208,NEW UPP CHANGI RD,BEDOK
108 BEDOK NTH RD,108,BEDOK NTH RD,BEDOK
650 JLN TENAGA,650,JLN TENAGA,BEDOK
27 CHAI CHEE RD,27,CHAI CHEE RD,BEDOK
137 BEDOK NTH AVE 3,137,BEDOK NTH AVE 3,BEDOK
137 BEDOK RESERVOIR RD,137,BEDOK RESERVOIR RD,BEDOK
637 BEDOK RESERVOIR RD,637,BEDOK RESERVOIR RD,BEDOK
252 BT BATOK EAST AVE 5,252,BT BATOK EAST AVE 5,BUKIT BATOK
328 BT BATOK ST 33,328,BT BATOK ST 33,BUKIT BATOK
116 BT BATOK WEST AVE 6,116,BT BATOK WEST AVE 6,BUKIT BATOK
289C BT BATOK ST 25,289C,BT BATOK ST 25,BUKIT BATOK
130 KIM TIAN RD,130,KIM TIAN RD,BUKIT MERAH
147 SILAT AVE,147,SILAT AVE,BUKIT MERAH
131B KIM TIAN RD,131B,KIM TIAN RD,BUKIT MERAH
103 SPOTTISWOODE PK RD,103,SPOTTISWOODE PK RD,BUKIT MERAH
437 FAJAR RD,437,FAJAR RD,BUKIT PANJANG
235 BT PANJANG RING RD,235,BT PANJANG RING RD,BUKIT PANJANG
277 BANGKIT RD,277,BANGKIT RD,BUKIT PANJANG
662 BUFFALO RD,662,BUFFALO RD,CENTRAL AREA
428 CHOA CHU KANG AVE 4,428,CHOA CHU KANG AVE 4,CHOA CHU KANG
124 TECK WHYE LANE,124,TECK WHYE LANE,CHOA CHU KANG
668 CHOA CHU KANG CRES,668,CHOA CHU KANG CRES,CHOA CHU KANG
215 CHOA CHU KANG CTRL,215,CHOA CHU KANG CTRL,CHOA CHU KANG
294 CHOA CHU KANG AVE 2,294,CHOA CHU KANG AVE 2,CHOA CHU KANG
211 CHOA CHU KANG CTRL,211,CHOA CHU KANG CTRL,CHOA CHU KANG
107 TECK WHYE LANE,107,TECK WHYE LANE,CHOA CHU KANG
341 CHOA CHU KANG LOOP,341,CHOA CHU KANG LOOP,CHOA CHU KANG
354 CLEMENTI AVE 2,354,CLEMENTI AVE 2,CLEMENTI
113 CLEMENTI ST 13,113,CLEMENTI ST 13,CLEMENTI
729 CLEMENTI WEST ST 2,729,CLEMENTI WEST ST 2,CLEMENTI
357 CLEMENTI AVE 2,357,CLEMENTI AVE 2,CLEMENTI
110 CLEMENTI ST 13,110,CLEMENTI ST 13,CLEMENTI
122 GEYLANG EAST CTRL,122,GEYLANG EAST CTRL,GEYLANG
415 EUNOS RD 5,415,EUNOS RD 5,GEYLANG
319 HOUGANG AVE 5,319,HOUGANG AVE 5,HOUGANG
666 HOUGANG AVE 4,666,HOUGANG AVE 4,HOUGANG
440 HOUGANG AVE 8,440,HOUGANG AVE 8,HOUGANG
686 HOUGANG ST 61,686,HOUGANG ST 61,HOUGANG
637 HOUGANG AVE 8,637,HOUGANG AVE 8,HOUGANG
426 HOUGANG AVE 6,426,HOUGANG AVE 6,HOUGANG
698B HOUGANG ST 61,698B,HOUGANG ST 61,HOUGANG
371 HOUGANG ST 31,371,HOUGANG ST 31,HOUGANG
430 HOUGANG AVE 6,430,HOUGANG AVE 6,HOUGANG
287A JURONG EAST ST 21,287A,JURONG EAST ST 21,JURONG EAST
508 JURONG WEST ST 52,508,JURONG WEST ST 52,JURONG WEST
180C BOON LAY DR,180C,BOON LAY DR,JURONG WEST
419 JURONG WEST ST 42,419,JURONG WEST ST 42,JURONG WEST
541 JURONG WEST AVE 1,541,JURONG WEST AVE 1,JURONG WEST
757 JURONG WEST ST 74,757,JURONG WEST ST 74,JURONG WEST
547 JURONG WEST ST 42,547,JURONG WEST ST 42,JURONG WEST
337C TAH CHING RD,337C,TAH CHING RD,JURONG WEST
347 KANG CHING RD,347,KANG CHING RD,JURONG WEST
685C JURONG WEST CTRL 1,685C,JURONG WEST CTRL 1,JURONG WEST
627 JURONG WEST ST 65,627,JURONG WEST ST 65,JURONG WEST
52 JLN BAHAGIA,52,JLN BAHAGIA,KALLANG/WHAMPOA
104 TOWNER RD,104,TOWNER RD,KALLANG/WHAMPOA
108 JLN RAJAH,108,JLN RAJAH,KALLANG/WHAMPOA
4 MARINE TER,4,MARINE TER,MARINE PARADE
480 PASIR RIS DR 4,480,PASIR RIS DR 4,PASIR RIS
122 PASIR RIS ST 11,122,PASIR RIS ST 11,PASIR RIS
190 PASIR RIS ST 12,190,PASIR RIS ST 12,PASIR RIS
138 PASIR RIS ST 11,138,PASIR RIS ST 11,PASIR RIS
575 PASIR RIS ST 53,575,PASIR RIS ST 53,PASIR RIS
647 PASIR RIS DR 10,647,PASIR RIS DR 10,PASIR RIS
208B PUNGGOL PL,208B,PUNGGOL PL,PUNGGOL
211B PUNGGOL WALK,211B,PUNGGOL WALK,PUNGGOL
170A PUNGGOL FIELD,170A,PUNGGOL FIELD,PUNGGOL
207D PUNGGOL PL,207D,PUNGGOL PL,PUNGGOL
641C PUNGGOL DR,641C,PUNGGOL DR,PUNGGOL
196A PUNGGOL FIELD,196A,PUNGGOL FIELD,PUNGGOL
22 QUEEN'S CL,22,QUEEN'S CL,QUEENSTOWN
133 CLARENCE LANE,133,CLARENCE LANE,QUEENSTOWN
123C RIVERVALE DR,123C,RIVERVALE DR,SENGKANG
203B COMPASSVALE RD,203B,COMPASSVALE RD,SENGKANG
323A SENGKANG EAST WAY,323A,SENGKANG EAST WAY,SENGKANG
405 SERANGOON AVE 1,405,SERANGOON AVE 1,SERANGOON
502 SERANGOON NTH AVE 4,502,SERANGOON NTH AVE 4,SERANGOON
519 SERANGOON NTH AVE 4,519,SERANGOON NTH AVE 4,SERANGOON
296 TAMPINES ST 22,296,TAMPINES ST 22,TAMPINES
930 TAMPINES ST 91,930,TAMPINES ST 91,TAMPINES
238 TAMPINES ST 21,238,TAMPINES ST 21,TAMPINES
812 TAMPINES AVE 4,812,TAMPINES AVE 4,TAMPINES
491E TAMPINES ST 45,491E,TAMPINES ST 45,TAMPINES
935 TAMPINES ST 91,935,TAMPINES ST 91,TAMPINES
106 SIMEI ST 1,106,SIMEI ST 1,TAMPINES
393 TAMPINES AVE 7,393,TAMPINES AVE 7,TAMPINES
335 TAMPINES ST 32,335,TAMPINES ST 32,TAMPINES
2 LOR 7 TOA PAYOH,2,LOR 7 TOA PAYOH,TOA PAYOH
156 LOR 1 TOA PAYOH,156,LOR 1 TOA PAYOH,TOA PAYOH
16 JOO SENG RD,16,JOO SENG RD,TOA PAYOH
82A LOR 4 TOA PAYOH,82A,LOR 4 TOA PAYOH,TOA PAYOH
20 JOO SENG RD,20,JOO SENG RD,TOA PAYOH
340 WOODLANDS AVE 1,340,WOODLANDS AVE 1,WOODLANDS
682B WOODLANDS DR 62,682B,WOODLANDS DR 62,WOODLANDS
790 WOODLANDS AVE 6,790,WOODLANDS AVE 6,WOODLANDS
894B WOODLANDS DR 50,894B,WOODLANDS DR 50,WOODLANDS
833 WOODLANDS ST 83,833,WOODLANDS ST 83,WOODLANDS
869 WOODLANDS ST 83,869,WOODLANDS ST 83,WOODLANDS
270 YISHUN ST 22,270,YISHUN ST 22,YISHUN
115B YISHUN RING RD,115B,YISHUN RING RD,YISHUN
728 YISHUN ST 71,728,YISHUN ST 71,YISHUN
729 YISHUN ST 71,729,YISHUN ST 71,YISHUN
109 YISHUN RING RD,109,YISHUN RING RD,YISHUN
392 YISHUN AVE 6,392,YISHUN AVE 6,YISHUN
405 YISHUN AVE 6,405,YISHUN AVE 6,YISHUN
713 ANG MO KIO AVE 6,713,ANG MO KIO AVE 6,ANG MO KIO
467 ANG MO KIO AVE 10,467,ANG MO KIO AVE 10,ANG MO KIO
38 BEDOK STH RD,38,BEDOK STH RD,BEDOK
135 BEDOK NTH ST 2,135,BEDOK NTH ST 2,BEDOK
210 NEW UPP CHANGI RD,210,NEW UPP CHANGI RD,BEDOK
111 BEDOK RESERVOIR RD,111,BEDOK RESERVOIR RD,BEDOK
103 BEDOK RESERVOIR RD,103,BEDOK RESERVOIR RD,BEDOK
166 BEDOK STH AVE 3,166,BEDOK STH AVE 3,BEDOK
118 BEDOK NTH ST 2,118,BEDOK NTH ST 2,BEDOK
170 BISHAN ST 13,170,BISHAN ST 13,BISHAN
454 SIN MING AVE,454,SIN MING AVE,BISHAN
225 BISHAN ST 23,225,BISHAN ST 23,BISHAN
442 SIN MING AVE,442,SIN MING AVE,BISHAN
194 BISHAN ST 13,194,BISHAN ST 13,BISHAN
160 BISHAN ST 13,160,BISHAN ST 13,BISHAN
451 SIN MING AVE,451,SIN MING AVE,BISHAN
179 BT BATOK WEST AVE 8,179,BT BATOK WEST AVE 8,BUKIT BATOK
361 BT BATOK ST 31,361,BT BATOK ST 31,BUKIT BATOK
370 BT BATOK ST 31,370,BT BATOK ST 31,BUKIT BATOK
408 BT BATOK WEST AVE 4,408,BT BATOK WEST AVE 4,BUKIT BATOK
114 BT BATOK WEST AVE 6,114,BT BATOK WEST AVE 6,BUKIT BATOK
356 BT BATOK ST 31,356,BT BATOK ST 31,BUKIT BATOK
105 HENDERSON CRES,105,HENDERSON CRES,BUKIT MERAH
10 TELOK BLANGAH CRES,10,TELOK BLANGAH CRES,BUKIT MERAH
26 TIONG BAHRU RD,26,TIONG BAHRU RD,BUKIT MERAH
58 TELOK BLANGAH HTS,58,TELOK BLANGAH HTS,BUKIT MERAH
69 TELOK BLANGAH HTS,69,TELOK BLANGAH HTS,BUKIT MERAH
438 FAJAR RD,438,FAJAR RD,BUKIT PANJANG
410 SAUJANA RD,410,SAUJANA RD,BUKIT PANJANG
545 BT PANJANG RING RD,545,BT PANJANG RING RD,BUKIT PANJANG
653 SENJA LINK,653,SENJA LINK,BUKIT PANJANG
124 PENDING RD,124,PENDING RD,BUKIT PANJANG
101 GANGSA RD,101,GANGSA RD,BUKIT PANJANG
543 JELAPANG RD,543,JELAPANG RD,BUKIT PANJANG
262 WATERLOO ST,262,WATERLOO ST,CENTRAL AREA
672B KLANG LANE,672B,KLANG LANE,CENTRAL AREA
407 CHOA CHU KANG AVE 3,407,CHOA CHU KANG AVE 3,CHOA CHU KANG
643 CHOA CHU KANG ST 64,643,CHOA CHU KANG ST 64,CHOA CHU KANG
683B CHOA CHU KANG CRES,683B,CHOA CHU KANG CRES,CHOA CHU KANG
430 CHOA CHU KANG AVE 4,430,CHOA CHU KANG AVE 4,CHOA CHU KANG
459 CHOA CHU KANG AVE 4,459,CHOA CHU KANG AVE 4,CHOA CHU KANG
529 CHOA CHU KANG ST 51,529,CHOA CHU KANG ST 51,CHOA CHU KANG
662 CHOA CHU KANG CRES,662,CHOA CHU KANG CRES,CHOA CHU KANG
603 CHOA CHU KANG ST 62,603,CHOA CHU KANG ST 62,CHOA CHU KANG
764 CHOA CHU KANG NTH 5,764,CHOA CHU KANG NTH 5,CHOA CHU KANG
754 CHOA CHU KANG NTH 5,754,CHOA CHU KANG NTH 5,CHOA CHU KANG
342 CLEMENTI AVE 5,342,CLEMENTI AVE 5,CLEMENTI
413 C'WEALTH AVE WEST,413,C'WEALTH AVE WEST,CLEMENTI
372 CLEMENTI AVE 4,372,CLEMENTI AVE 4,CLEMENTI
114 CLEMENTI ST 13,114,CLEMENTI ST 13,CLEMENTI
59 CIRCUIT RD,59,CIRCUIT RD,GEYLANG
99 OLD AIRPORT RD,99,OLD AIRPORT RD,GEYLANG
101 ALJUNIED CRES,101,ALJUNIED CRES,GEYLANG
618 HOUGANG AVE 8,618,HOUGANG AVE 8,HOUGANG
985A BUANGKOK CRES,985A,BUANGKOK CRES,HOUGANG
680 HOUGANG AVE 8,680,HOUGANG AVE 8,HOUGANG
406 HOUGANG AVE 10,406,HOUGANG AVE 10,HOUGANG
447 HOUGANG AVE 10,447,HOUGANG AVE 10,HOUGANG
987A BUANGKOK GREEN,987A,BUANGKOK GREEN,HOUGANG
236 HOUGANG AVE 1,236,HOUGANG AVE 1,HOUGANG
232 HOUGANG AVE 1,232,HOUGANG AVE 1,HOUGANG
657 HOUGANG AVE 8,657,HOUGANG AVE 8,HOUGANG
955 HOUGANG AVE 9,955,HOUGANG AVE 9,HOUGANG
371 JURONG EAST ST 32,371,JURONG EAST ST 32,JURONG EAST
318 JURONG EAST ST 31,318,JURONG EAST ST 31,JURONG EAST
203 JURONG EAST ST 21,203,JURONG EAST ST 21,JURONG EAST
319 JURONG EAST ST 31,319,JURONG EAST ST 31,JURONG EAST
271 TOH GUAN RD,271,TOH GUAN RD,JURONG EAST
324 JURONG EAST ST 31,324,JURONG EAST ST 31,JURONG EAST
258 JURONG EAST ST 24,258,JURONG EAST ST 24,JURONG EAST
334 JURONG EAST AVE 1,334,JURONG EAST AVE 1,JURONG EAST
175 BOON LAY DR,175,BOON LAY DR,JURONG WEST
212 BOON LAY PL,212,BOON LAY PL,JURONG WEST
928 JURONG WEST ST 92,928,JURONG WEST ST 92,JURONG WEST
688 JURONG WEST CTRL 1,688,JURONG WEST CTRL 1,JURONG WEST
932 JURONG WEST ST 92,932,JURONG WEST ST 92,JURONG WEST
200 BOON LAY DR,200,BOON LAY DR,JURONG WEST
743 JURONG WEST ST 73,743,JURONG WEST ST 73,JURONG WEST
719 JURONG WEST AVE 5,719,JURONG WEST AVE 5,JURONG WEST
753 JURONG WEST ST 74,753,JURONG WEST ST 74,JURONG WEST
829 JURONG WEST ST 81,829,JURONG WEST ST 81,JURONG WEST
669A JURONG WEST ST 64,669A,JURONG WEST ST 64,JURONG WEST
671A JURONG WEST ST 65,671A,JURONG WEST ST 65,JURONG WEST
333 KANG CHING RD,333,KANG CHING RD,JURONG WEST
471 JURONG WEST ST 41,471,JURONG WEST ST 41,JURONG WEST
1 ST. GEORGE'S RD,1,ST. GEORGE'S RD,KALLANG/WHAMPOA
5 BOON KENG RD,5,BOON KENG RD,KALLANG/WHAMPOA
114 PASIR RIS ST 11,114,PASIR RIS ST 11,PASIR RIS
112 PASIR RIS ST 11,112,PASIR RIS ST 11,PASIR RIS
475 PASIR RIS DR 6,475,PASIR RIS DR 6,PASIR RIS
228 PASIR RIS ST 21,228,PASIR RIS ST 21,PASIR RIS
238 PASIR RIS ST 21,238,PASIR RIS ST 21,PASIR RIS
217 PASIR RIS ST 21,217,PASIR RIS ST 21,PASIR RIS
153 PASIR RIS ST 13,153,PASIR RIS ST 13,PASIR RIS
132 PASIR RIS ST 11,132,PASIR RIS ST 11,PASIR RIS
130 PASIR RIS ST 11,130,PASIR RIS ST 11,PASIR RIS
221 PASIR RIS ST 21,221,PASIR RIS ST 21,PASIR RIS
642 PASIR RIS DR 10,642,PASIR RIS DR 10,PASIR RIS
510 PASIR RIS ST 52,510,PASIR RIS ST 52,PASIR RIS
209C PUNGGOL PL,209C,PUNGGOL PL,PUNGGOL
208A PUNGGOL PL,208A,PUNGGOL PL,PUNGGOL
632C PUNGGOL DR,632C,PUNGGOL DR,PUNGGOL
162B PUNGGOL CTRL,162B,PUNGGOL CTRL,PUNGGOL
204D PUNGGOL FIELD,204D,PUNGGOL FIELD,PUNGGOL
91 C'WEALTH DR,91,C'WEALTH DR,QUEENSTOWN
183 STIRLING RD,183,STIRLING RD,QUEENSTOWN
3A HOLLAND CL,3A,HOLLAND CL,QUEENSTOWN
324 SEMBAWANG CL,324,SEMBAWANG CL,SEMBAWANG
180A RIVERVALE CRES,180A,RIVERVALE CRES,SENGKANG
450B SENGKANG WEST WAY,450B,SENGKANG WEST WAY,SENGKANG
140 RIVERVALE ST,140,RIVERVALE ST,SENGKANG
227A COMPASSVALE DR,227A,COMPASSVALE DR,SENGKANG
178D RIVERVALE CRES,178D,RIVERVALE CRES,SENGKANG
224A COMPASSVALE WALK,224A,COMPASSVALE WALK,SENGKANG
448A SENGKANG WEST WAY,448A,SENGKANG WEST WAY,SENGKANG
186C RIVERVALE DR,186C,RIVERVALE DR,SENGKANG
430D FERNVALE LINK,430D,FERNVALE LINK,SENGKANG
115 SERANGOON NTH AVE 1,115,SERANGOON NTH AVE 1,SERANGOON
120 SERANGOON NTH AVE 1,120,SERANGOON NTH AVE 1,SERANGOON
218 SERANGOON AVE 4,218,SERANGOON AVE 4,SERANGOON
314 SERANGOON AVE 2,314,SERANGOON AVE 2,SERANGOON
241 SERANGOON AVE 3,241,SERANGOON AVE 3,SERANGOON
145 SERANGOON NTH AVE 1,145,SERANGOON NTH AVE 1,SERANGOON
545 SERANGOON NTH AVE 3,545,SERANGOON NTH AVE 3,SERANGOON
527 SERANGOON NTH AVE 4,527,SERANGOON NTH AVE 4,SERANGOON
825 TAMPINES ST 81,825,TAMPINES ST 81,TAMPINES
499A TAMPINES AVE 9,499A,TAMPINES AVE 9,TAMPINES
477 TAMPINES ST 43,477,TAMPINES ST 43,TAMPINES
456 TAMPINES ST 42,456,TAMPINES ST 42,TAMPINES
722 TAMPINES ST 72,722,TAMPINES ST 72,TAMPINES
505 TAMPINES CTRL 1,505,TAMPINES CTRL 1,TAMPINES
243 TAMPINES ST 21,243,TAMPINES ST 21,TAMPINES
484 TAMPINES ST 43,484,TAMPINES ST 43,TAMPINES
306 TAMPINES ST 32,306,TAMPINES ST 32,TAMPINES
903 TAMPINES AVE 4,903,TAMPINES AVE 4,TAMPINES
162 TAMPINES ST 12,162,TAMPINES ST 12,TAMPINES
324 TAMPINES ST 32,324,TAMPINES ST 32,TAMPINES
476 TAMPINES ST 44,476,TAMPINES ST 44,TAMPINES
61 LOR 5 TOA PAYOH,61,LOR 5 TOA PAYOH,TOA PAYOH
83 LOR 2 TOA PAYOH,83,LOR 2 TOA PAYOH,TOA PAYOH
82B LOR 4 TOA PAYOH,82B,LOR 4 TOA PAYOH,TOA PAYOH
145 WOODLANDS ST 13,145,WOODLANDS ST 13,WOODLANDS
887C WOODLANDS DR 50,887C,WOODLANDS DR 50,WOODLANDS
312 WOODLANDS ST 31,312,WOODLANDS ST 31,WOODLANDS
532 WOODLANDS DR 14,532,WOODLANDS DR 14,WOODLANDS
896C WOODLANDS DR 50,896C,WOODLANDS DR 50,WOODLANDS
892B WOODLANDS DR 50,892B,WOODLANDS DR 50,WOODLANDS
838 WOODLANDS ST 82,838,WOODLANDS ST 82,WOODLANDS
837 WOODLANDS ST 82,837,WOODLANDS ST 82,WOODLANDS
867 WOODLANDS ST 83,867,WOODLANDS ST 83,WOODLANDS
794 YISHUN RING RD,794,YISHUN RING RD,YISHUN
751 YISHUN ST 72,751,YISHUN ST 72,YISHUN
935 YISHUN CTRL 1,935,YISHUN CTRL 1,YISHUN
799 YISHUN RING RD,799,YISHUN RING RD,YISHUN
724 YISHUN ST 71,724,YISHUN ST 71,YISHUN
332 ANG MO KIO AVE 1,332,ANG MO KIO AVE 1,ANG MO KIO
336 ANG MO KIO AVE 1,336,ANG MO KIO AVE 1,ANG MO KIO
311 ANG MO KIO AVE 3,311,ANG MO KIO AVE 3,ANG MO KIO
87 BEDOK NTH ST 4,87,BEDOK NTH ST 4,BEDOK
138 BEDOK RESERVOIR RD,138,BEDOK RESERVOIR RD,BEDOK
657 JLN TENAGA,657,JLN TENAGA,BEDOK
638 BEDOK RESERVOIR RD,638,BEDOK RESERVOIR RD,BEDOK
209 BISHAN ST 23,209,BISHAN ST 23,BISHAN
244 BISHAN ST 22,244,BISHAN ST 22,BISHAN
128 BT BATOK WEST AVE 6,128,BT BATOK WEST AVE 6,BUKIT BATOK
144 BT BATOK WEST AVE 6,144,BT BATOK WEST AVE 6,BUKIT BATOK
126 BT BATOK CTRL,126,BT BATOK CTRL,BUKIT BATOK
228 BT BATOK CTRL,228,BT BATOK CTRL,BUKIT BATOK
303 BT BATOK ST 31,303,BT BATOK ST 31,BUKIT BATOK
369 BT BATOK ST 31,369,BT BATOK ST 31,BUKIT BATOK
334 BT BATOK ST 32,334,BT BATOK ST 32,BUKIT BATOK
338 BT BATOK ST 34,338,BT BATOK ST 34,BUKIT BATOK
319 BT BATOK ST 33,319,BT BATOK ST 33,BUKIT BATOK
291D BT BATOK ST 24,291D,BT BATOK ST 24,BUKIT BATOK
254 BT BATOK EAST AVE 4,254,BT BATOK EAST AVE 4,BUKIT BATOK
111 BT BATOK WEST AVE 6,111,BT BATOK WEST AVE 6,BUKIT BATOK
326 BT BATOK ST 33,326,BT BATOK ST 33,BUKIT BATOK
355 BT BATOK ST 31,355,BT BATOK ST 31,BUKIT BATOK
133 JLN BT MERAH,133,JLN BT MERAH,BUKIT MERAH
28 TELOK BLANGAH RISE,28,TELOK BLANGAH RISE,BUKIT MERAH
18 TIONG BAHRU RD,18,TIONG BAHRU RD,BUKIT MERAH
53 LENGKOK BAHRU,53,LENGKOK BAHRU,BUKIT MERAH
116 BT MERAH CTRL,116,BT MERAH CTRL,BUKIT MERAH
118C JLN MEMBINA,118C,JLN MEMBINA,BUKIT MERAH
17 CANTONMENT CL,17,CANTONMENT CL,BUKIT MERAH
126 PENDING RD,126,PENDING RD,BUKIT PANJANG
417 FAJAR RD,417,FAJAR RD,BUKIT PANJANG
642 ROWELL RD,642,ROWELL RD,CENTRAL AREA
449 CHOA CHU KANG AVE 4,449,CHOA CHU KANG AVE 4,CHOA CHU KANG
232 CHOA CHU KANG CTRL,232,CHOA CHU KANG CTRL,CHOA CHU KANG
150 JLN TECK WHYE,150,JLN TECK WHYE,CHOA CHU KANG
415 CHOA CHU KANG AVE 4,415,CHOA CHU KANG AVE 4,CHOA CHU KANG
485C CHOA CHU KANG AVE 5,485C,CHOA CHU KANG AVE 5,CHOA CHU KANG
515 CHOA CHU KANG ST 51,515,CHOA CHU KANG ST 51,CHOA CHU KANG
119 TECK WHYE LANE,119,TECK WHYE LANE,CHOA CHU KANG
446 CHOA CHU KANG AVE 4,446,CHOA CHU KANG AVE 4,CHOA CHU KANG
704 CHOA CHU KANG ST 53,704,CHOA CHU KANG ST 53,CHOA CHU KANG
434 CHOA CHU KANG AVE 4,434,CHOA CHU KANG AVE 4,CHOA CHU KANG
228 CHOA CHU KANG CTRL,228,CHOA CHU KANG CTRL,CHOA CHU KANG
331 CLEMENTI AVE 2,331,CLEMENTI AVE 2,CLEMENTI
356 CLEMENTI AVE 2,356,CLEMENTI AVE 2,CLEMENTI
51 CIRCUIT RD,51,CIRCUIT RD,GEYLANG
98 ALJUNIED CRES,98,ALJUNIED CRES,GEYLANG
15 EUNOS CRES,15,EUNOS CRES,GEYLANG
333 UBI AVE 1,333,UBI AVE 1,GEYLANG
112 HOUGANG AVE 1,112,HOUGANG AVE 1,HOUGANG
527 HOUGANG AVE 6,527,HOUGANG AVE 6,HOUGANG
416 HOUGANG AVE 10,416,HOUGANG AVE 10,HOUGANG
931 HOUGANG ST 91,931,HOUGANG ST 91,HOUGANG
454 HOUGANG AVE 10,454,HOUGANG AVE 10,HOUGANG
108 JURONG EAST ST 13,108,JURONG EAST ST 13,JURONG EAST
328 JURONG EAST ST 31,328,JURONG EAST ST 31,JURONG EAST
181B BOON LAY DR,181B,BOON LAY DR,JURONG WEST
953 JURONG WEST ST 91,953,JURONG WEST ST 91,JURONG WEST
986B JURONG WEST ST 93,986B,JURONG WEST ST 93,JURONG WEST
258 BOON LAY DR,258,BOON LAY DR,JURONG WEST
353 KANG CHING RD,353,KANG CHING RD,JURONG WEST
443 JURONG WEST AVE 1,443,JURONG WEST AVE 1,JURONG WEST
841 JURONG WEST ST 81,841,JURONG WEST ST 81,JURONG WEST
163 YUNG PING RD,163,YUNG PING RD,JURONG WEST
102 PASIR RIS ST 12,102,PASIR RIS ST 12,PASIR RIS
561 PASIR RIS ST 51,561,PASIR RIS ST 51,PASIR RIS
110 PASIR RIS ST 11,110,PASIR RIS ST 11,PASIR RIS
226 PASIR RIS ST 21,226,PASIR RIS ST 21,PASIR RIS
761 PASIR RIS ST 71,761,PASIR RIS ST 71,PASIR RIS
614 ELIAS RD,614,ELIAS RD,PASIR RIS
271 PASIR RIS ST 21,271,PASIR RIS ST 21,PASIR RIS
550 PASIR RIS ST 51,550,PASIR RIS ST 51,PASIR RIS
418 PASIR RIS DR 6,418,PASIR RIS DR 6,PASIR RIS
579 PASIR RIS ST 53,579,PASIR RIS ST 53,PASIR RIS
464 PASIR RIS ST 41,464,PASIR RIS ST 41,PASIR RIS
542 PASIR RIS ST 51,542,PASIR RIS ST 51,PASIR RIS
548 PASIR RIS ST 51,548,PASIR RIS ST 51,PASIR RIS
26 DOVER CRES,26,DOVER CRES,QUEENSTOWN
14 DOVER CL EAST,14,DOVER CL EAST,QUEENSTOWN
146 MEI LING ST,146,MEI LING ST,QUEENSTOWN
350C CANBERRA RD,350C,CANBERRA RD,SEMBAWANG
180D RIVERVALE CRES,180D,RIVERVALE CRES,SENGKANG
430C FERNVALE LINK,430C,FERNVALE LINK,SENGKANG
450C SENGKANG WEST WAY,450C,SENGKANG WEST WAY,SENGKANG
228B COMPASSVALE WALK,228B,COMPASSVALE WALK,SENGKANG
261C SENGKANG EAST WAY,261C,SENGKANG EAST WAY,SENGKANG
433B SENGKANG WEST WAY,433B,SENGKANG WEST WAY,SENGKANG
314B ANCHORVALE LINK,314B,ANCHORVALE LINK,SENGKANG
261A SENGKANG EAST WAY,261A,SENGKANG EAST WAY,SENGKANG
403 SERANGOON AVE 1,403,SERANGOON AVE 1,SERANGOON
255 SERANGOON CTRL DR,255,SERANGOON CTRL DR,SERANGOON
281 TAMPINES ST 22,281,TAMPINES ST 22,TAMPINES
208 TAMPINES ST 21,208,TAMPINES ST 21,TAMPINES
139 SIMEI ST 1,139,SIMEI ST 1,TAMPINES
445 TAMPINES ST 42,445,TAMPINES ST 42,TAMPINES
906 TAMPINES AVE 4,906,TAMPINES AVE 4,TAMPINES
364 TAMPINES ST 34,364,TAMPINES ST 34,TAMPINES
742 TAMPINES ST 72,742,TAMPINES ST 72,TAMPINES
232 SIMEI ST 4,232,SIMEI ST 4,TAMPINES
852 TAMPINES ST 82,852,TAMPINES ST 82,TAMPINES
343 TAMPINES ST 33,343,TAMPINES ST 33,TAMPINES
227 SIMEI ST 4,227,SIMEI ST 4,TAMPINES
873 TAMPINES ST 84,873,TAMPINES ST 84,TAMPINES
711 TAMPINES ST 71,711,TAMPINES ST 71,TAMPINES
816 TAMPINES AVE 4,816,TAMPINES AVE 4,TAMPINES
328 TAMPINES ST 32,328,TAMPINES ST 32,TAMPINES
230D TAMPINES ST 24,230D,TAMPINES ST 24,TAMPINES
161 WOODLANDS ST 13,161,WOODLANDS ST 13,WOODLANDS
132 MARSILING RISE,132,MARSILING RISE,WOODLANDS
683B WOODLANDS DR 62,683B,WOODLANDS DR 62,WOODLANDS
502 WOODLANDS DR 14,502,WOODLANDS DR 14,WOODLANDS
165 WOODLANDS ST 13,165,WOODLANDS ST 13,WOODLANDS
648 WOODLANDS RING RD,648,WOODLANDS RING RD,WOODLANDS
325 WOODLANDS ST 32,325,WOODLANDS ST 32,WOODLANDS
103 YISHUN RING RD,103,YISHUN RING RD,YISHUN
106 YISHUN RING RD,106,YISHUN RING RD,YISHUN
308 YISHUN RING RD,308,YISHUN RING RD,YISHUN
350A YISHUN AVE 11,350A,YISHUN AVE 11,YISHUN
292 YISHUN ST 22,292,YISHUN ST 22,YISHUN
226B ANG MO KIO AVE 1,226B,ANG MO KIO AVE 1,ANG MO KIO
619 ANG MO KIO AVE 4,619,ANG MO KIO AVE 4,ANG MO KIO
104A ANG MO KIO ST 11,104A,ANG MO KIO ST 11,ANG MO KIO
632 BEDOK RESERVOIR RD,632,BEDOK RESERVOIR RD,BEDOK
624 BEDOK RESERVOIR RD,624,BEDOK RESERVOIR RD,BEDOK
103 LENGKONG TIGA,103,LENGKONG TIGA,BEDOK
184 BISHAN ST 13,184,BISHAN ST 13,BISHAN
149 BISHAN ST 11,149,BISHAN ST 11,BISHAN
156 BISHAN ST 13,156,BISHAN ST 13,BISHAN
150 BT BATOK ST 11,150,BT BATOK ST 11,BUKIT BATOK
288C BT BATOK ST 25,288C,BT BATOK ST 25,BUKIT BATOK
216 BT BATOK ST 21,216,BT BATOK ST 21,BUKIT BATOK
290C BT BATOK EAST AVE 3,290C,BT BATOK EAST AVE 3,BUKIT BATOK
94 HAVELOCK RD,94,HAVELOCK RD,BUKIT MERAH
126 BT MERAH VIEW,126,BT MERAH VIEW,BUKIT MERAH
425 FAJAR RD,425,FAJAR RD,BUKIT PANJANG
245 BT PANJANG RING RD,245,BT PANJANG RING RD,BUKIT PANJANG
513 JELAPANG RD,513,JELAPANG RD,BUKIT PANJANG
423 FAJAR RD,423,FAJAR RD,BUKIT PANJANG
674A CHOA CHU KANG CRES,674A,CHOA CHU KANG CRES,CHOA CHU KANG
274 CHOA CHU KANG AVE 2,274,CHOA CHU KANG AVE 2,CHOA CHU KANG
204 CHOA CHU KANG AVE 1,204,CHOA CHU KANG AVE 1,CHOA CHU KANG
419 CHOA CHU KANG AVE 4,419,CHOA CHU KANG AVE 4,CHOA CHU KANG
603 CLEMENTI WEST ST 1,603,CLEMENTI WEST ST 1,CLEMENTI
359 CLEMENTI AVE 2,359,CLEMENTI AVE 2,CLEMENTI
331 UBI AVE 1,331,UBI AVE 1,GEYLANG
673 HOUGANG AVE 8,673,HOUGANG AVE 8,HOUGANG
987B BUANGKOK GREEN,987B,BUANGKOK GREEN,HOUGANG
613 HOUGANG AVE 8,613,HOUGANG AVE 8,HOUGANG
534 HOUGANG ST 52,534,HOUGANG ST 52,HOUGANG
513 HOUGANG AVE 10,513,HOUGANG AVE 10,HOUGANG
326 HOUGANG AVE 7,326,HOUGANG AVE 7,HOUGANG
451 HOUGANG AVE 10,451,HOUGANG AVE 10,HOUGANG
239 HOUGANG ST 22,239,HOUGANG ST 22,HOUGANG
245 HOUGANG ST 22,245,HOUGANG ST 22,HOUGANG
546 HOUGANG ST 51,546,HOUGANG ST 51,HOUGANG
836 HOUGANG CTRL,836,HOUGANG CTRL,HOUGANG
609 HOUGANG AVE 8,609,HOUGANG AVE 8,HOUGANG
621 HOUGANG AVE 8,621,HOUGANG AVE 8,HOUGANG
353 HOUGANG AVE 7,353,HOUGANG AVE 7,HOUGANG
225A JURONG EAST ST 21,225A,JURONG EAST ST 21,JURONG EAST
401 PANDAN GDNS,401,PANDAN GDNS,JURONG EAST
213 JURONG EAST ST 21,213,JURONG EAST ST 21,JURONG EAST
434 JURONG WEST ST 42,434,JURONG WEST ST 42,JURONG WEST
267 BOON LAY DR,267,BOON LAY DR,JURONG WEST
323 TAH CHING RD,323,TAH CHING RD,JURONG WEST
329 TAH CHING RD,329,TAH CHING RD,JURONG WEST
679C JURONG WEST CTRL 1,679C,JURONG WEST CTRL 1,JURONG WEST
404 JURONG WEST ST 42,404,JURONG WEST ST 42,JURONG WEST
154 YUNG HO RD,154,YUNG HO RD,JURONG WEST
12 KG ARANG RD,12,KG ARANG RD,KALLANG/WHAMPOA
44 JLN BAHAGIA,44,JLN BAHAGIA,KALLANG/WHAMPOA
10 ST. GEORGE'S RD,10,ST. GEORGE'S RD,KALLANG/WHAMPOA
44 MARINE CRES,44,MARINE CRES,MARINE PARADE
513 PASIR RIS ST 52,513,PASIR RIS ST 52,PASIR RIS
565 PASIR RIS ST 51,565,PASIR RIS ST 51,PASIR RIS
452 PASIR RIS DR 6,452,PASIR RIS DR 6,PASIR RIS
468 PASIR RIS DR 6,468,PASIR RIS DR 6,PASIR RIS
137 PASIR RIS ST 11,137,PASIR RIS ST 11,PASIR RIS
134 PASIR RIS ST 11,134,PASIR RIS ST 11,PASIR RIS
650 PASIR RIS DR 10,650,PASIR RIS DR 10,PASIR RIS
266 PASIR RIS ST 21,266,PASIR RIS ST 21,PASIR RIS
131 PASIR RIS ST 11,131,PASIR RIS ST 11,PASIR RIS
781 PASIR RIS ST 71,781,PASIR RIS ST 71,PASIR RIS
447 PASIR RIS DR 6,447,PASIR RIS DR 6,PASIR RIS
602 ELIAS RD,602,ELIAS RD,PASIR RIS
581 PASIR RIS ST 53,581,PASIR RIS ST 53,PASIR RIS
471 PASIR RIS DR 6,471,PASIR RIS DR 6,PASIR RIS
211D PUNGGOL WALK,211D,PUNGGOL WALK,PUNGGOL
211A PUNGGOL WALK,211A,PUNGGOL WALK,PUNGGOL
210B PUNGGOL PL,210B,PUNGGOL PL,PUNGGOL
106C PUNGGOL FIELD,106C,PUNGGOL FIELD,PUNGGOL
41 HOLLAND DR,41,HOLLAND DR,QUEENSTOWN
23 DOVER CRES,23,DOVER CRES,QUEENSTOWN
476 SEMBAWANG DR,476,SEMBAWANG DR,SEMBAWANG
180B RIVERVALE CRES,180B,RIVERVALE CRES,SENGKANG
314C ANCHORVALE LINK,314C,ANCHORVALE LINK,SENGKANG
101 RIVERVALE WALK,101,RIVERVALE WALK,SENGKANG
123E RIVERVALE DR,123E,RIVERVALE DR,SENGKANG
126 RIVERVALE ST,126,RIVERVALE ST,SENGKANG
432B SENGKANG WEST WAY,432B,SENGKANG WEST WAY,SENGKANG
323C SENGKANG EAST WAY,323C,SENGKANG EAST WAY,SENGKANG
202 COMPASSVALE DR,202,COMPASSVALE DR,SENGKANG
178A RIVERVALE CRES,178A,RIVERVALE CRES,SENGKANG
102 SERANGOON NTH AVE 1,102,SERANGOON NTH AVE 1,SERANGOON
531 SERANGOON NTH AVE 4,531,SERANGOON NTH AVE 4,SERANGOON
201D TAMPINES ST 21,201D,TAMPINES ST 21,TAMPINES
450 TAMPINES ST 42,450,TAMPINES ST 42,TAMPINES
246 TAMPINES ST 21,246,TAMPINES ST 21,TAMPINES
144 TAMPINES ST 12,144,TAMPINES ST 12,TAMPINES
490A TAMPINES ST 45,490A,TAMPINES ST 45,TAMPINES
871 TAMPINES ST 84,871,TAMPINES ST 84,TAMPINES
284 TAMPINES ST 22,284,TAMPINES ST 22,TAMPINES
155 SIMEI RD,155,SIMEI RD,TAMPINES
386 TAMPINES ST 32,386,TAMPINES ST 32,TAMPINES
491F TAMPINES ST 45,491F,TAMPINES ST 45,TAMPINES
232 TAMPINES ST 21,232,TAMPINES ST 21,TAMPINES
106 TAMPINES ST 11,106,TAMPINES ST 11,TAMPINES
245 SIMEI ST 5,245,SIMEI ST 5,TAMPINES
429 TAMPINES ST 41,429,TAMPINES ST 41,TAMPINES
337 TAMPINES ST 32,337,TAMPINES ST 32,TAMPINES
47 LOR 6 TOA PAYOH,47,LOR 6 TOA PAYOH,TOA PAYOH
830 WOODLANDS ST 83,830,WOODLANDS ST 83,WOODLANDS
886D WOODLANDS DR 50,886D,WOODLANDS DR 50,WOODLANDS
628B WOODLANDS RING RD,628B,WOODLANDS RING RD,WOODLANDS
507 WOODLANDS DR 14,507,WOODLANDS DR 14,WOODLANDS
809 WOODLANDS ST 81,809,WOODLANDS ST 81,WOODLANDS
887A WOODLANDS DR 50,887A,WOODLANDS DR 50,WOODLANDS
11 MARSILING DR,11,MARSILING DR,WOODLANDS
793 WOODLANDS AVE 6,793,WOODLANDS AVE 6,WOODLANDS
539 WOODLANDS DR 16,539,WOODLANDS DR 16,WOODLANDS
505 WOODLANDS DR 14,505,WOODLANDS DR 14,WOODLANDS
142 MARSILING RD,142,MARSILING RD,WOODLANDS
862 YISHUN AVE 4,862,YISHUN AVE 4,YISHUN
259 YISHUN ST 22,259,YISHUN ST 22,YISHUN
779 YISHUN AVE 2,779,YISHUN AVE 2,YISHUN
711 YISHUN AVE 5,711,YISHUN AVE 5,YISHUN
419 YISHUN AVE 11,419,YISHUN AVE 11,YISHUN
663 YISHUN AVE 4,663,YISHUN AVE 4,YISHUN
720 ANG MO KIO AVE 6,720,ANG MO KIO AVE 6,ANG MO KIO
315B ANG MO KIO ST 31,315B,ANG MO KIO ST 31,ANG MO KIO
113 BEDOK NTH ST 2,113,BEDOK NTH ST 2,BEDOK
627 BEDOK RESERVOIR RD,627,BEDOK RESERVOIR RD,BEDOK
109 LENGKONG TIGA,109,LENGKONG TIGA,BEDOK
62 CHAI CHEE RD,62,CHAI CHEE RD,BEDOK
67 BEDOK STH AVE 3,67,BEDOK STH AVE 3,BEDOK
142 BISHAN ST 12,142,BISHAN ST 12,BISHAN
118 BISHAN ST 12,118,BISHAN ST 12,BISHAN
302 SHUNFU RD,302,SHUNFU RD,BISHAN
143 BISHAN ST 12,143,BISHAN ST 12,BISHAN
224 BISHAN ST 23,224,BISHAN ST 23,BISHAN
233 BISHAN ST 22,233,BISHAN ST 22,BISHAN
102 BISHAN ST 12,102,BISHAN ST 12,BISHAN
258 BISHAN ST 22,258,BISHAN ST 22,BISHAN
119 BISHAN ST 12,119,BISHAN ST 12,BISHAN
323 BT BATOK ST 33,323,BT BATOK ST 33,BUKIT BATOK
119 BT BATOK WEST AVE 6,119,BT BATOK WEST AVE 6,BUKIT BATOK
623 BT BATOK CTRL,623,BT BATOK CTRL,BUKIT BATOK
41 KIM CHENG ST,41,KIM CHENG ST,BUKIT MERAH
74 TELOK BLANGAH HTS,74,TELOK BLANGAH HTS,BUKIT MERAH
109B DEPOT RD,109B,DEPOT RD,BUKIT MERAH
232 PENDING RD,232,PENDING RD,BUKIT PANJANG
243 BT PANJANG RING RD,243,BT PANJANG RING RD,BUKIT PANJANG
521 JELAPANG RD,521,JELAPANG RD,BUKIT PANJANG
427 BT PANJANG RING RD,427,BT PANJANG RING RD,BUKIT PANJANG
241 BT PANJANG RING RD,241,BT PANJANG RING RD,BUKIT PANJANG
279 CHOA CHU KANG AVE 3,279,CHOA CHU KANG AVE 3,CHOA CHU KANG
286 CHOA CHU KANG AVE 3,286,CHOA CHU KANG AVE 3,CHOA CHU KANG
684B CHOA CHU KANG CRES,684B,CHOA CHU KANG CRES,CHOA CHU KANG
421 CHOA CHU KANG AVE 4,421,CHOA CHU KANG AVE 4,CHOA CHU KANG
612 CHOA CHU KANG ST 62,612,CHOA CHU KANG ST 62,CHOA CHU KANG
545 CHOA CHU KANG ST 52,545,CHOA CHU KANG ST 52,CHOA CHU KANG
355 CHOA CHU KANG CTRL,355,CHOA CHU KANG CTRL,CHOA CHU KANG
350 CHOA CHU KANG CTRL,350,CHOA CHU KANG CTRL,CHOA CHU KANG
344 CLEMENTI AVE 5,344,CLEMENTI AVE 5,CLEMENTI
340 CLEMENTI AVE 5,340,CLEMENTI AVE 5,CLEMENTI
112 CLEMENTI ST 13,112,CLEMENTI ST 13,CLEMENTI
50 CIRCUIT RD,50,CIRCUIT RD,GEYLANG
127 GEYLANG EAST AVE 1,127,GEYLANG EAST AVE 1,GEYLANG
987C BUANGKOK GREEN,987C,BUANGKOK GREEN,HOUGANG
695 HOUGANG ST 61,695,HOUGANG ST 61,HOUGANG
535 HOUGANG ST 52,535,HOUGANG ST 52,HOUGANG
988A BUANGKOK GREEN,988A,BUANGKOK GREEN,HOUGANG
988C BUANGKOK GREEN,988C,BUANGKOK GREEN,HOUGANG
423 HOUGANG AVE 6,423,HOUGANG AVE 6,HOUGANG
408 HOUGANG AVE 10,408,HOUGANG AVE 10,HOUGANG
217A JURONG EAST ST 21,217A,JURONG EAST ST 21,JURONG EAST
48 TEBAN GDNS RD,48,TEBAN GDNS RD,JURONG EAST
219 JURONG EAST ST 21,219,JURONG EAST ST 21,JURONG EAST
51 TEBAN GDNS RD,51,TEBAN GDNS RD,JURONG EAST
286B TOH GUAN RD,286B,TOH GUAN RD,JURONG EAST
438 JURONG WEST AVE 1,438,JURONG WEST AVE 1,JURONG WEST
866 JURONG WEST ST 81,866,JURONG WEST ST 81,JURONG WEST
451 JURONG WEST ST 42,451,JURONG WEST ST 42,JURONG WEST
324 TAH CHING RD,324,TAH CHING RD,JURONG WEST
704 JURONG WEST ST 71,704,JURONG WEST ST 71,JURONG WEST
758 JURONG WEST ST 74,758,JURONG WEST ST 74,JURONG WEST
416 JURONG WEST ST 42,416,JURONG WEST ST 42,JURONG WEST
652A JURONG WEST ST 61,652A,JURONG WEST ST 61,JURONG WEST
862 JURONG WEST ST 81,862,JURONG WEST ST 81,JURONG WEST
46 JLN BAHAGIA,46,JLN BAHAGIA,KALLANG/WHAMPOA
58 JLN MA'MOR,58,JLN MA'MOR,KALLANG/WHAMPOA
461 CRAWFORD LANE,461,CRAWFORD LANE,KALLANG/WHAMPOA
79 MARINE DR,79,MARINE DR,MARINE PARADE
141 PASIR RIS ST 11,141,PASIR RIS ST 11,PASIR RIS
187 PASIR RIS ST 11,187,PASIR RIS ST 11,PASIR RIS
222 PASIR RIS ST 21,222,PASIR RIS ST 21,PASIR RIS
111 PASIR RIS ST 11,111,PASIR RIS ST 11,PASIR RIS
211C PUNGGOL WALK,211C,PUNGGOL WALK,PUNGGOL
210C PUNGGOL PL,210C,PUNGGOL PL,PUNGGOL
632A PUNGGOL DR,632A,PUNGGOL DR,PUNGGOL
641B PUNGGOL DR,641B,PUNGGOL DR,PUNGGOL
201C PUNGGOL FIELD,201C,PUNGGOL FIELD,PUNGGOL
101A PUNGGOL FIELD,101A,PUNGGOL FIELD,PUNGGOL
213B PUNGGOL WALK,213B,PUNGGOL WALK,PUNGGOL
341B SEMBAWANG CL,341B,SEMBAWANG CL,SEMBAWANG
472 SEMBAWANG DR,472,SEMBAWANG DR,SEMBAWANG
504A MONTREAL DR,504A,MONTREAL DR,SEMBAWANG
448B SENGKANG WEST WAY,448B,SENGKANG WEST WAY,SENGKANG
180C RIVERVALE CRES,180C,RIVERVALE CRES,SENGKANG
266B COMPASSVALE BOW,266B,COMPASSVALE BOW,SENGKANG
228A COMPASSVALE WALK,228A,COMPASSVALE WALK,SENGKANG
317C ANCHORVALE RD,317C,ANCHORVALE RD,SENGKANG
190B RIVERVALE DR,190B,RIVERVALE DR,SENGKANG
320B ANCHORVALE DR,320B,ANCHORVALE DR,SENGKANG
515 SERANGOON NTH AVE 4,515,SERANGOON NTH AVE 4,SERANGOON
522 SERANGOON NTH AVE 4,522,SERANGOON NTH AVE 4,SERANGOON
415 TAMPINES ST 41,415,TAMPINES ST 41,TAMPINES
292 TAMPINES ST 22,292,TAMPINES ST 22,TAMPINES
465 TAMPINES ST 44,465,TAMPINES ST 44,TAMPINES
435 TAMPINES ST 43,435,TAMPINES ST 43,TAMPINES
720 TAMPINES ST 72,720,TAMPINES ST 72,TAMPINES
488B TAMPINES ST 45,488B,TAMPINES ST 45,TAMPINES
842G TAMPINES ST 82,842G,TAMPINES ST 82,TAMPINES
493A TAMPINES AVE 9,493A,TAMPINES AVE 9,TAMPINES
450D TAMPINES ST 42,450D,TAMPINES ST 42,TAMPINES
95 LOR 4 TOA PAYOH,95,LOR 4 TOA PAYOH,TOA PAYOH
193 LOR 4 TOA PAYOH,193,LOR 4 TOA PAYOH,TOA PAYOH
14B LOR 7 TOA PAYOH,14B,LOR 7 TOA PAYOH,TOA PAYOH
62 LOR 4 TOA PAYOH,62,LOR 4 TOA PAYOH,TOA PAYOH
99C LOR 2 TOA PAYOH,99C,LOR 2 TOA PAYOH,TOA PAYOH
316 WOODLANDS ST 31,316,WOODLANDS ST 31,WOODLANDS
887B WOODLANDS DR 50,887B,WOODLANDS DR 50,WOODLANDS
624B WOODLANDS DR 52,624B,WOODLANDS DR 52,WOODLANDS
143 MARSILING RD,143,MARSILING RD,WOODLANDS
140 MARSILING RD,140,MARSILING RD,WOODLANDS
899A WOODLANDS DR 50,899A,WOODLANDS DR 50,WOODLANDS
508 WOODLANDS DR 14,508,WOODLANDS DR 14,WOODLANDS
886C WOODLANDS DR 50,886C,WOODLANDS DR 50,WOODLANDS
766 WOODLANDS CIRCLE,766,WOODLANDS CIRCLE,WOODLANDS
611 WOODLANDS RING RD,611,WOODLANDS RING RD,WOODLANDS
872 WOODLANDS ST 81,872,WOODLANDS ST 81,WOODLANDS
165 YISHUN RING RD,165,YISHUN RING RD,YISHUN
156 YISHUN ST 11,156,YISHUN ST 11,YISHUN
271 YISHUN ST 22,271,YISHUN ST 22,YISHUN
221 YISHUN ST 21,221,YISHUN ST 21,YISHUN
872 YISHUN ST 81,872,YISHUN ST 81,YISHUN
323 YISHUN CTRL,323,YISHUN CTRL,YISHUN
446 ANG MO KIO AVE 10,446,ANG MO KIO AVE 10,ANG MO KIO
522 ANG MO KIO AVE 5,522,ANG MO KIO AVE 5,ANG MO KIO
514 BEDOK NTH AVE 2,514,BEDOK NTH AVE 2,BEDOK
402 BEDOK NTH AVE 3,402,BEDOK NTH AVE 3,BEDOK
744 BEDOK RESERVOIR RD,744,BEDOK RESERVOIR RD,BEDOK
659 JLN TENAGA,659,JLN TENAGA,BEDOK
668 JLN DAMAI,668,JLN DAMAI,BEDOK
647 JLN TENAGA,647,JLN TENAGA,BEDOK
641 BEDOK RESERVOIR RD,641,BEDOK RESERVOIR RD,BEDOK
644 BEDOK RESERVOIR RD,644,BEDOK RESERVOIR RD,BEDOK
509 BT BATOK ST 52,509,BT BATOK ST 52,BUKIT BATOK
174 BT BATOK WEST AVE 8,174,BT BATOK WEST AVE 8,BUKIT BATOK
256 BT BATOK EAST AVE 4,256,BT BATOK EAST AVE 4,BUKIT BATOK
243 BT BATOK EAST AVE 5,243,BT BATOK EAST AVE 5,BUKIT BATOK
404 BT BATOK WEST AVE 7,404,BT BATOK WEST AVE 7,BUKIT BATOK
4 JLN BT HO SWEE,4,JLN BT HO SWEE,BUKIT MERAH
44 MOH GUAN TER,44,MOH GUAN TER,BUKIT MERAH
42 KIM CHENG ST,42,KIM CHENG ST,BUKIT MERAH
14 TELOK BLANGAH CRES,14,TELOK BLANGAH CRES,BUKIT MERAH
9B BOON TIONG RD,9B,BOON TIONG RD,BUKIT MERAH
250 BANGKIT RD,250,BANGKIT RD,BUKIT PANJANG
9 TOH YI DR,9,TOH YI DR,BUKIT TIMAH
142 TECK WHYE LANE,142,TECK WHYE LANE,CHOA CHU KANG
276 CHOA CHU KANG AVE 2,276,CHOA CHU KANG AVE 2,CHOA CHU KANG
402 CHOA CHU KANG AVE 3,402,CHOA CHU KANG AVE 3,CHOA CHU KANG
517 CHOA CHU KANG ST 51,517,CHOA CHU KANG ST 51,CHOA CHU KANG
293 CHOA CHU KANG AVE 3,293,CHOA CHU KANG AVE 3,CHOA CHU KANG
672A CHOA CHU KANG CRES,672A,CHOA CHU KANG CRES,CHOA CHU KANG
565 CHOA CHU KANG ST 52,565,CHOA CHU KANG ST 52,CHOA CHU KANG
707 CHOA CHU KANG ST 53,707,CHOA CHU KANG ST 53,CHOA CHU KANG
553 CHOA CHU KANG NTH 6,553,CHOA CHU KANG NTH 6,CHOA CHU KANG
342 CHOA CHU KANG LOOP,342,CHOA CHU KANG LOOP,CHOA CHU KANG
604 CLEMENTI WEST ST 1,604,CLEMENTI WEST ST 1,CLEMENTI
104 CLEMENTI ST 14,104,CLEMENTI ST 14,CLEMENTI
313 UBI AVE 1,313,UBI AVE 1,GEYLANG
320 UBI AVE 1,320,UBI AVE 1,GEYLANG
963 HOUGANG AVE 9,963,HOUGANG AVE 9,HOUGANG
442 HOUGANG AVE 8,442,HOUGANG AVE 8,HOUGANG
547 HOUGANG ST 51,547,HOUGANG ST 51,HOUGANG
699C HOUGANG ST 52,699C,HOUGANG ST 52,HOUGANG
536 HOUGANG ST 52,536,HOUGANG ST 52,HOUGANG
410 HOUGANG AVE 10,410,HOUGANG AVE 10,HOUGANG
988B BUANGKOK GREEN,988B,BUANGKOK GREEN,HOUGANG
504 HOUGANG AVE 8,504,HOUGANG AVE 8,HOUGANG
651 HOUGANG AVE 8,651,HOUGANG AVE 8,HOUGANG
235 HOUGANG ST 21,235,HOUGANG ST 21,HOUGANG
44 TEBAN GDNS RD,44,TEBAN GDNS RD,JURONG EAST
104 JURONG EAST ST 13,104,JURONG EAST ST 13,JURONG EAST
222 JURONG EAST ST 21,222,JURONG EAST ST 21,JURONG EAST
46 TEBAN GDNS RD,46,TEBAN GDNS RD,JURONG EAST
445 JURONG WEST ST 42,445,JURONG WEST ST 42,JURONG WEST
942 JURONG WEST ST 91,942,JURONG WEST ST 91,JURONG WEST
264 BOON LAY DR,264,BOON LAY DR,JURONG WEST
205 BOON LAY DR,205,BOON LAY DR,JURONG WEST
658A JURONG WEST ST 65,658A,JURONG WEST ST 65,JURONG WEST
989B JURONG WEST ST 93,989B,JURONG WEST ST 93,JURONG WEST
559 JURONG WEST ST 42,559,JURONG WEST ST 42,JURONG WEST
332 TAH CHING RD,332,TAH CHING RD,JURONG WEST
3 JLN BATU,3,JLN BATU,KALLANG/WHAMPOA
122 MCNAIR RD,122,MCNAIR RD,KALLANG/WHAMPOA
53 KENT RD,53,KENT RD,KALLANG/WHAMPOA
681 RACE COURSE RD,681,RACE COURSE RD,KALLANG/WHAMPOA
113 LOR 3 GEYLANG,113,LOR 3 GEYLANG,KALLANG/WHAMPOA
38 UPP BOON KENG RD,38,UPP BOON KENG RD,KALLANG/WHAMPOA
577 PASIR RIS ST 53,577,PASIR RIS ST 53,PASIR RIS
442 PASIR RIS DR 6,442,PASIR RIS DR 6,PASIR RIS
739 PASIR RIS DR 10,739,PASIR RIS DR 10,PASIR RIS
518 PASIR RIS ST 52,518,PASIR RIS ST 52,PASIR RIS
507 PASIR RIS ST 52,507,PASIR RIS ST 52,PASIR RIS
606 ELIAS RD,606,ELIAS RD,PASIR RIS
642C PUNGGOL DR,642C,PUNGGOL DR,PUNGGOL
210A PUNGGOL PL,210A,PUNGGOL PL,PUNGGOL
212A PUNGGOL WALK,212A,PUNGGOL WALK,PUNGGOL
209A PUNGGOL PL,209A,PUNGGOL PL,PUNGGOL
128D PUNGGOL FIELD WALK,128D,PUNGGOL FIELD WALK,PUNGGOL
213A PUNGGOL WALK,213A,PUNGGOL WALK,PUNGGOL
154 MEI LING ST,154,MEI LING ST,QUEENSTOWN
2 DOVER RD,2,DOVER RD,QUEENSTOWN
410 SEMBAWANG DR,410,SEMBAWANG DR,SEMBAWANG
503C CANBERRA LINK,503C,CANBERRA LINK,SEMBAWANG
255 COMPASSVALE RD,255,COMPASSVALE RD,SENGKANG
430A FERNVALE LINK,430A,FERNVALE LINK,SENGKANG
430B FERNVALE LINK,430B,FERNVALE LINK,SENGKANG
227D COMPASSVALE DR,227D,COMPASSVALE DR,SENGKANG
310 SERANGOON AVE 2,310,SERANGOON AVE 2,SERANGOON
424 SERANGOON CTRL,424,SERANGOON CTRL,SERANGOON
417 SERANGOON CTRL,417,SERANGOON CTRL,SERANGOON
214 TAMPINES ST 23,214,TAMPINES ST 23,TAMPINES
108 TAMPINES ST 11,108,TAMPINES ST 11,TAMPINES
946 TAMPINES AVE 4,946,TAMPINES AVE 4,TAMPINES
212 TAMPINES ST 23,212,TAMPINES ST 23,TAMPINES
440 TAMPINES ST 43,440,TAMPINES ST 43,TAMPINES
492C TAMPINES ST 45,492C,TAMPINES ST 45,TAMPINES
326 TAMPINES ST 32,326,TAMPINES ST 32,TAMPINES
309 TAMPINES ST 32,309,TAMPINES ST 32,TAMPINES
472 TAMPINES ST 44,472,TAMPINES ST 44,TAMPINES
23 TOA PAYOH EAST,23,TOA PAYOH EAST,TOA PAYOH
313 WOODLANDS ST 31,313,WOODLANDS ST 31,WOODLANDS
608 WOODLANDS RING RD,608,WOODLANDS RING RD,WOODLANDS
737 WOODLANDS CIRCLE,737,WOODLANDS CIRCLE,WOODLANDS
886B WOODLANDS DR 50,886B,WOODLANDS DR 50,WOODLANDS
829 WOODLANDS ST 83,829,WOODLANDS ST 83,WOODLANDS
782 YISHUN RING RD,782,YISHUN RING RD,YISHUN
265 YISHUN ST 22,265,YISHUN ST 22,YISHUN
363 YISHUN RING RD,363,YISHUN RING RD,YISHUN
332 YISHUN RING RD,332,YISHUN RING RD,YISHUN
834 YISHUN ST 81,834,YISHUN ST 81,YISHUN
709 ANG MO KIO AVE 8,709,ANG MO KIO AVE 8,ANG MO KIO
343 ANG MO KIO AVE 3,343,ANG MO KIO AVE 3,ANG MO KIO
413 ANG MO KIO AVE 10,413,ANG MO KIO AVE 10,ANG MO KIO
552 ANG MO KIO AVE 10,552,ANG MO KIO AVE 10,ANG MO KIO
312 ANG MO KIO AVE 3,312,ANG MO KIO AVE 3,ANG MO KIO
218 BEDOK NTH ST 1,218,BEDOK NTH ST 1,BEDOK
610 BEDOK RESERVOIR RD,610,BEDOK RESERVOIR RD,BEDOK
60 CHAI CHEE RD,60,CHAI CHEE RD,BEDOK
211 NEW UPP CHANGI RD,211,NEW UPP CHANGI RD,BEDOK
94D BEDOK NTH AVE 4,94D,BEDOK NTH AVE 4,BEDOK
104 BISHAN ST 12,104,BISHAN ST 12,BISHAN
240 BISHAN ST 22,240,BISHAN ST 22,BISHAN
415 BT BATOK WEST AVE 4,415,BT BATOK WEST AVE 4,BUKIT BATOK
115 BT BATOK WEST AVE 6,115,BT BATOK WEST AVE 6,BUKIT BATOK
639 BT BATOK CTRL,639,BT BATOK CTRL,BUKIT BATOK
161 BT MERAH CTRL,161,BT MERAH CTRL,BUKIT MERAH
106 BT PURMEI RD,106,BT PURMEI RD,BUKIT MERAH
36 MOH GUAN TER,36,MOH GUAN TER,BUKIT MERAH
9A BOON TIONG RD,9A,BOON TIONG RD,BUKIT MERAH
50 HOY FATT RD,50,HOY FATT RD,BUKIT MERAH
225 PENDING RD,225,PENDING RD,BUKIT PANJANG
420 FAJAR RD,420,FAJAR RD,BUKIT PANJANG
637 CHOA CHU KANG NTH 6,637,CHOA CHU KANG NTH 6,CHOA CHU KANG
513 CHOA CHU KANG ST 51,513,CHOA CHU KANG ST 51,CHOA CHU KANG
509 CHOA CHU KANG ST 51,509,CHOA CHU KANG ST 51,CHOA CHU KANG
676 CHOA CHU KANG CRES,676,CHOA CHU KANG CRES,CHOA CHU KANG
602 CHOA CHU KANG ST 62,602,CHOA CHU KANG ST 62,CHOA CHU KANG
214 CHOA CHU KANG CTRL,214,CHOA CHU KANG CTRL,CHOA CHU KANG
328 UBI AVE 1,328,UBI AVE 1,GEYLANG
106 HOUGANG AVE 1,106,HOUGANG AVE 1,HOUGANG
804 HOUGANG CTRL,804,HOUGANG CTRL,HOUGANG
174A HOUGANG AVE 1,174A,HOUGANG AVE 1,HOUGANG
140 LOR AH SOO,140,LOR AH SOO,HOUGANG
559 HOUGANG ST 51,559,HOUGANG ST 51,HOUGANG
668 HOUGANG AVE 8,668,HOUGANG AVE 8,HOUGANG
222 HOUGANG ST 21,222,HOUGANG ST 21,HOUGANG
242 JURONG EAST ST 24,242,JURONG EAST ST 24,JURONG EAST
188 BOON LAY DR,188,BOON LAY DR,JURONG WEST
418 JURONG WEST ST 42,418,JURONG WEST ST 42,JURONG WEST
442 JURONG WEST AVE 1,442,JURONG WEST AVE 1,JURONG WEST
919 JURONG WEST ST 91,919,JURONG WEST ST 91,JURONG WEST
945 JURONG WEST ST 91,945,JURONG WEST ST 91,JURONG WEST
846 JURONG WEST ST 81,846,JURONG WEST ST 81,JURONG WEST
838 JURONG WEST ST 81,838,JURONG WEST ST 81,JURONG WEST
402 JURONG WEST ST 42,402,JURONG WEST ST 42,JURONG WEST
933 JURONG WEST ST 91,933,JURONG WEST ST 91,JURONG WEST
354 KANG CHING RD,354,KANG CHING RD,JURONG WEST
369 YUNG AN RD,369,YUNG AN RD,JURONG WEST
104 JLN RAJAH,104,JLN RAJAH,KALLANG/WHAMPOA
104 JLN DUSUN,104,JLN DUSUN,KALLANG/WHAMPOA
412 PASIR RIS DR 6,412,PASIR RIS DR 6,PASIR RIS
139 PASIR RIS ST 11,139,PASIR RIS ST 11,PASIR RIS
270 PASIR RIS ST 21,270,PASIR RIS ST 21,PASIR RIS
212B PUNGGOL WALK,212B,PUNGGOL WALK,PUNGGOL
209B PUNGGOL PL,209B,PUNGGOL PL,PUNGGOL
301D PUNGGOL PL,301D,PUNGGOL PL,PUNGGOL
213C PUNGGOL WALK,213C,PUNGGOL WALK,PUNGGOL
101 C'WEALTH CRES,101,C'WEALTH CRES,QUEENSTOWN
355A SEMBAWANG WAY,355A,SEMBAWANG WAY,SEMBAWANG
178B RIVERVALE CRES,178B,RIVERVALE CRES,SENGKANG
433A SENGKANG WEST WAY,433A,SENGKANG WEST WAY,SENGKANG
257B COMPASSVALE RD,257B,COMPASSVALE RD,SENGKANG
432A SENGKANG WEST WAY,432A,SENGKANG WEST WAY,SENGKANG
191B RIVERVALE DR,191B,RIVERVALE DR,SENGKANG
262A COMPASSVALE ST,262A,COMPASSVALE ST,SENGKANG
439 TAMPINES ST 43,439,TAMPINES ST 43,TAMPINES
363 TAMPINES ST 34,363,TAMPINES ST 34,TAMPINES
370 TAMPINES ST 34,370,TAMPINES ST 34,TAMPINES
320 TAMPINES ST 33,320,TAMPINES ST 33,TAMPINES
498M TAMPINES ST 45,498M,TAMPINES ST 45,TAMPINES
356 TAMPINES ST 33,356,TAMPINES ST 33,TAMPINES
389 TAMPINES ST 32,389,TAMPINES ST 32,TAMPINES
184 TOA PAYOH CTRL,184,TOA PAYOH CTRL,TOA PAYOH
49 LOR 5 TOA PAYOH,49,LOR 5 TOA PAYOH,TOA PAYOH
886A WOODLANDS DR 50,886A,WOODLANDS DR 50,WOODLANDS
156 WOODLANDS ST 13,156,WOODLANDS ST 13,WOODLANDS
306 WOODLANDS ST 31,306,WOODLANDS ST 31,WOODLANDS
362 WOODLANDS AVE 5,362,WOODLANDS AVE 5,WOODLANDS
360 WOODLANDS AVE 5,360,WOODLANDS AVE 5,WOODLANDS
777 YISHUN AVE 2,777,YISHUN AVE 2,YISHUN
239 YISHUN RING RD,239,YISHUN RING RD,YISHUN
206 YISHUN ST 21,206,YISHUN ST 21,YISHUN
880 YISHUN ST 81,880,YISHUN ST 81,YISHUN
848 YISHUN ST 81,848,YISHUN ST 81,YISHUN
793 YISHUN RING RD,793,YISHUN RING RD,YISHUN
630 ANG MO KIO AVE 4,630,ANG MO KIO AVE 4,ANG MO KIO
429 ANG MO KIO AVE 3,429,ANG MO KIO AVE 3,ANG MO KIO
710 ANG MO KIO AVE 8,710,ANG MO KIO AVE 8,ANG MO KIO
57 CHAI CHEE DR,57,CHAI CHEE DR,BEDOK
625 BEDOK RESERVOIR RD,625,BEDOK RESERVOIR RD,BEDOK
715 BEDOK RESERVOIR RD,715,BEDOK RESERVOIR RD,BEDOK
187 BISHAN ST 13,187,BISHAN ST 13,BISHAN
275 BT BATOK EAST AVE 4,275,BT BATOK EAST AVE 4,BUKIT BATOK
152 BT BATOK ST 11,152,BT BATOK ST 11,BUKIT BATOK
118 BT BATOK WEST AVE 6,118,BT BATOK WEST AVE 6,BUKIT BATOK
121 BT BATOK CTRL,121,BT BATOK CTRL,BUKIT BATOK
38 TELOK BLANGAH RISE,38,TELOK BLANGAH RISE,BUKIT MERAH
144 JLN BT MERAH,144,JLN BT MERAH,BUKIT MERAH
17 TIONG BAHRU RD,17,TIONG BAHRU RD,BUKIT MERAH
10A BOON TIONG RD,10A,BOON TIONG RD,BUKIT MERAH
570 CHOA CHU KANG ST 52,570,CHOA CHU KANG ST 52,CHOA CHU KANG
409 CHOA CHU KANG AVE 3,409,CHOA CHU KANG AVE 3,CHOA CHU KANG
352 CHOA CHU KANG CTRL,352,CHOA CHU KANG CTRL,CHOA CHU KANG
573 CHOA CHU KANG ST 52,573,CHOA CHU KANG ST 52,CHOA CHU KANG
706 CHOA CHU KANG ST 53,706,CHOA CHU KANG ST 53,CHOA CHU KANG
352 CLEMENTI AVE 2,352,CLEMENTI AVE 2,CLEMENTI
347 UBI AVE 1,347,UBI AVE 1,GEYLANG
27 BALAM RD,27,BALAM RD,GEYLANG
121 HOUGANG AVE 1,121,HOUGANG AVE 1,HOUGANG
246 HOUGANG ST 22,246,HOUGANG ST 22,HOUGANG
124 HOUGANG AVE 1,124,HOUGANG AVE 1,HOUGANG
415 HOUGANG AVE 10,415,HOUGANG AVE 10,HOUGANG
318 HOUGANG AVE 5,318,HOUGANG AVE 5,HOUGANG
118 HOUGANG AVE 1,118,HOUGANG AVE 1,HOUGANG
622 HOUGANG AVE 8,622,HOUGANG AVE 8,HOUGANG
223 JURONG EAST ST 21,223,JURONG EAST ST 21,JURONG EAST
482 JURONG WEST ST 41,482,JURONG WEST ST 41,JURONG WEST
441 JURONG WEST AVE 1,441,JURONG WEST AVE 1,JURONG WEST
905 JURONG WEST ST 91,905,JURONG WEST ST 91,JURONG WEST
466 JURONG WEST ST 41,466,JURONG WEST ST 41,JURONG WEST
183A BOON LAY AVE,183A,BOON LAY AVE,JURONG WEST
183D BOON LAY AVE,183D,BOON LAY AVE,JURONG WEST
760 JURONG WEST ST 74,760,JURONG WEST ST 74,JURONG WEST
41 JLN BAHAGIA,41,JLN BAHAGIA,KALLANG/WHAMPOA
737 PASIR RIS DR 10,737,PASIR RIS DR 10,PASIR RIS
147 PASIR RIS ST 13,147,PASIR RIS ST 13,PASIR RIS
721 PASIR RIS ST 72,721,PASIR RIS ST 72,PASIR RIS
225 PASIR RIS ST 21,225,PASIR RIS ST 21,PASIR RIS
154 PASIR RIS ST 13,154,PASIR RIS ST 13,PASIR RIS
159 PASIR RIS ST 13,159,PASIR RIS ST 13,PASIR RIS
135 PASIR RIS ST 11,135,PASIR RIS ST 11,PASIR RIS
549 PASIR RIS ST 51,549,PASIR RIS ST 51,PASIR RIS
652 PUNGGOL CTRL,652,PUNGGOL CTRL,PUNGGOL
112 C'WEALTH CRES,112,C'WEALTH CRES,QUEENSTOWN
463B SEMBAWANG DR,463B,SEMBAWANG DR,SEMBAWANG
509B WELLINGTON CIRCLE,509B,WELLINGTON CIRCLE,SEMBAWANG
178C RIVERVALE CRES,178C,RIVERVALE CRES,SENGKANG
418 SERANGOON CTRL,418,SERANGOON CTRL,SERANGOON
224 TAMPINES ST 23,224,TAMPINES ST 23,TAMPINES
820 TAMPINES ST 81,820,TAMPINES ST 81,TAMPINES
914 TAMPINES ST 91,914,TAMPINES ST 91,TAMPINES
268 TAMPINES ST 21,268,TAMPINES ST 21,TAMPINES
332 TAMPINES ST 32,332,TAMPINES ST 32,TAMPINES
857 WOODLANDS ST 83,857,WOODLANDS ST 83,WOODLANDS
351 WOODLANDS AVE 1,351,WOODLANDS AVE 1,WOODLANDS
624A WOODLANDS DR 52,624A,WOODLANDS DR 52,WOODLANDS
836 WOODLANDS ST 83,836,WOODLANDS ST 83,WOODLANDS
856 WOODLANDS ST 83,856,WOODLANDS ST 83,WOODLANDS
179 WOODLANDS ST 13,179,WOODLANDS ST 13,WOODLANDS
209 YISHUN ST 21,209,YISHUN ST 21,YISHUN
426A YISHUN AVE 11,426A,YISHUN AVE 11,YISHUN
347A YISHUN AVE 11,347A,YISHUN AVE 11,YISHUN
439 ANG MO KIO AVE 10,439,ANG MO KIO AVE 10,ANG MO KIO
505 BEDOK NTH AVE 3,505,BEDOK NTH AVE 3,BEDOK
29 CHAI CHEE AVE,29,CHAI CHEE AVE,BEDOK
53 TELOK BLANGAH DR,53,TELOK BLANGAH DR,BUKIT MERAH
7 KIM TIAN PL,7,KIM TIAN PL,BUKIT MERAH
488 SEGAR RD,488,SEGAR RD,BUKIT PANJANG
119 PENDING RD,119,PENDING RD,BUKIT PANJANG
127 PENDING RD,127,PENDING RD,BUKIT PANJANG
122 PENDING RD,122,PENDING RD,BUKIT PANJANG
518 CHOA CHU KANG ST 51,518,CHOA CHU KANG ST 51,CHOA CHU KANG
452 CHOA CHU KANG AVE 4,452,CHOA CHU KANG AVE 4,CHOA CHU KANG
766 CHOA CHU KANG NTH 5,766,CHOA CHU KANG NTH 5,CHOA CHU KANG
572 CHOA CHU KANG ST 52,572,CHOA CHU KANG ST 52,CHOA CHU KANG
574 CHOA CHU KANG ST 52,574,CHOA CHU KANG ST 52,CHOA CHU KANG
502 CHOA CHU KANG ST 51,502,CHOA CHU KANG ST 51,CHOA CHU KANG
131 CHOA CHU KANG AVE 1,131,CHOA CHU KANG AVE 1,CHOA CHU KANG
527 CHOA CHU KANG ST 51,527,CHOA CHU KANG ST 51,CHOA CHU KANG
102 HOUGANG AVE 1,102,HOUGANG AVE 1,HOUGANG
409 HOUGANG AVE 10,409,HOUGANG AVE 10,HOUGANG
236 JURONG EAST ST 21,236,JURONG EAST ST 21,JURONG EAST
183C BOON LAY AVE,183C,BOON LAY AVE,JURONG WEST
517A JURONG WEST ST 52,517A,JURONG WEST ST 52,JURONG WEST
752 JURONG WEST ST 74,752,JURONG WEST ST 74,JURONG WEST
336 TAH CHING RD,336,TAH CHING RD,JURONG WEST
61 JLN TENTERAM,61,JLN TENTERAM,KALLANG/WHAMPOA
813 JELLICOE RD,813,JELLICOE RD,KALLANG/WHAMPOA
148 PASIR RIS ST 13,148,PASIR RIS ST 13,PASIR RIS
155 PASIR RIS ST 13,155,PASIR RIS ST 13,PASIR RIS
713 PASIR RIS ST 72,713,PASIR RIS ST 72,PASIR RIS
535 PASIR RIS DR 1,535,PASIR RIS DR 1,PASIR RIS
265A PUNGGOL WAY,265A,PUNGGOL WAY,PUNGGOL
47 STIRLING RD,47,STIRLING RD,QUEENSTOWN
463C SEMBAWANG DR,463C,SEMBAWANG DR,SEMBAWANG
326 SEMBAWANG CRES,326,SEMBAWANG CRES,SEMBAWANG
234 COMPASSVALE WALK,234,COMPASSVALE WALK,SENGKANG
451A SENGKANG WEST WAY,451A,SENGKANG WEST WAY,SENGKANG
524 SERANGOON NTH AVE 4,524,SERANGOON NTH AVE 4,SERANGOON
536 SERANGOON NTH AVE 4,536,SERANGOON NTH AVE 4,SERANGOON
334 SERANGOON AVE 3,334,SERANGOON AVE 3,SERANGOON
316 SERANGOON AVE 2,316,SERANGOON AVE 2,SERANGOON
913 TAMPINES ST 91,913,TAMPINES ST 91,TAMPINES
256 SIMEI ST 1,256,SIMEI ST 1,TAMPINES
488A TAMPINES AVE 9,488A,TAMPINES AVE 9,TAMPINES
454 TAMPINES ST 42,454,TAMPINES ST 42,TAMPINES
230 LOR 8 TOA PAYOH,230,LOR 8 TOA PAYOH,TOA PAYOH
332 WOODLANDS AVE 1,332,WOODLANDS AVE 1,WOODLANDS
401 WOODLANDS ST 41,401,WOODLANDS ST 41,WOODLANDS
174 WOODLANDS ST 13,174,WOODLANDS ST 13,WOODLANDS
348D YISHUN AVE 11,348D,YISHUN AVE 11,YISHUN
426C YISHUN AVE 11,426C,YISHUN AVE 11,YISHUN
336B YISHUN ST 31,336B,YISHUN ST 31,YISHUN
426D YISHUN AVE 11,426D,YISHUN AVE 11,YISHUN
336C YISHUN ST 31,336C,YISHUN ST 31,YISHUN
527 BEDOK NTH ST 3,527,BEDOK NTH ST 3,BEDOK
217 BEDOK NTH ST 1,217,BEDOK NTH ST 1,BEDOK
662 JLN DAMAI,662,JLN DAMAI,BEDOK
140 BISHAN ST 12,140,BISHAN ST 12,BISHAN
266 BISHAN ST 24,266,BISHAN ST 24,BISHAN
285 BT BATOK EAST AVE 3,285,BT BATOK EAST AVE 3,BUKIT BATOK
362 BT BATOK ST 31,362,BT BATOK ST 31,BUKIT BATOK
11 JLN BT MERAH,11,JLN BT MERAH,BUKIT MERAH
27 TELOK BLANGAH WAY,27,TELOK BLANGAH WAY,BUKIT MERAH
114 DEPOT RD,114,DEPOT RD,BUKIT MERAH
25 TELOK BLANGAH CRES,25,TELOK BLANGAH CRES,BUKIT MERAH
486 SEGAR RD,486,SEGAR RD,BUKIT PANJANG
487 SEGAR RD,487,SEGAR RD,BUKIT PANJANG
213 PETIR RD,213,PETIR RD,BUKIT PANJANG
129 PENDING RD,129,PENDING RD,BUKIT PANJANG
535 UPP CROSS ST,535,UPP CROSS ST,CENTRAL AREA
166A TECK WHYE CRES,166A,TECK WHYE CRES,CHOA CHU KANG
137 TECK WHYE LANE,137,TECK WHYE LANE,CHOA CHU KANG
672B CHOA CHU KANG CRES,672B,CHOA CHU KANG CRES,CHOA CHU KANG
462 CHOA CHU KANG AVE 4,462,CHOA CHU KANG AVE 4,CHOA CHU KANG
550 CHOA CHU KANG ST 52,550,CHOA CHU KANG ST 52,CHOA CHU KANG
611 CHOA CHU KANG ST 62,611,CHOA CHU KANG ST 62,CHOA CHU KANG
202 CLEMENTI AVE 6,202,CLEMENTI AVE 6,CLEMENTI
717 CLEMENTI WEST ST 2,717,CLEMENTI WEST ST 2,CLEMENTI
692 HOUGANG ST 61,692,HOUGANG ST 61,HOUGANG
303 HOUGANG AVE 5,303,HOUGANG AVE 5,HOUGANG
211 HOUGANG ST 21,211,HOUGANG ST 21,HOUGANG
697 HOUGANG ST 61,697,HOUGANG ST 61,HOUGANG
226 JURONG EAST ST 21,226,JURONG EAST ST 21,JURONG EAST
501 JURONG WEST ST 51,501,JURONG WEST ST 51,JURONG WEST
487 JURONG WEST AVE 1,487,JURONG WEST AVE 1,JURONG WEST
183B BOON LAY AVE,183B,BOON LAY AVE,JURONG WEST
328 TAH CHING RD,328,TAH CHING RD,JURONG WEST
702 JURONG WEST ST 71,702,JURONG WEST ST 71,JURONG WEST
40 JLN BAHAGIA,40,JLN BAHAGIA,KALLANG/WHAMPOA
17 ST. GEORGE'S RD,17,ST. GEORGE'S RD,KALLANG/WHAMPOA
107 JLN RAJAH,107,JLN RAJAH,KALLANG/WHAMPOA
4 BOON KENG RD,4,BOON KENG RD,KALLANG/WHAMPOA
461 PASIR RIS DR 4,461,PASIR RIS DR 4,PASIR RIS
197 PASIR RIS ST 12,197,PASIR RIS ST 12,PASIR RIS
633A PUNGGOL DR,633A,PUNGGOL DR,PUNGGOL
265C PUNGGOL WAY,265C,PUNGGOL WAY,PUNGGOL
265B PUNGGOL WAY,265B,PUNGGOL WAY,PUNGGOL
463A SEMBAWANG DR,463A,SEMBAWANG DR,SEMBAWANG
159A RIVERVALE CRES,159A,RIVERVALE CRES,SENGKANG
324B SENGKANG EAST WAY,324B,SENGKANG EAST WAY,SENGKANG
139 RIVERVALE ST,139,RIVERVALE ST,SENGKANG
326 SERANGOON AVE 3,326,SERANGOON AVE 3,SERANGOON
301 SERANGOON AVE 2,301,SERANGOON AVE 2,SERANGOON
302 TAMPINES ST 32,302,TAMPINES ST 32,TAMPINES
371 TAMPINES ST 34,371,TAMPINES ST 34,TAMPINES
450G TAMPINES ST 42,450G,TAMPINES ST 42,TAMPINES
120 POTONG PASIR AVE 1,120,POTONG PASIR AVE 1,TOA PAYOH
678 WOODLANDS AVE 6,678,WOODLANDS AVE 6,WOODLANDS
167 WOODLANDS ST 11,167,WOODLANDS ST 11,WOODLANDS
412 WOODLANDS ST 41,412,WOODLANDS ST 41,WOODLANDS
846 YISHUN RING RD,846,YISHUN RING RD,YISHUN
426B YISHUN AVE 11,426B,YISHUN AVE 11,YISHUN
428B YISHUN AVE 11,428B,YISHUN AVE 11,YISHUN
358 YISHUN RING RD,358,YISHUN RING RD,YISHUN
253A ANG MO KIO ST 21,253A,ANG MO KIO ST 21,ANG MO KIO
123 BT BATOK CTRL,123,BT BATOK CTRL,BUKIT BATOK
485 SEGAR RD,485,SEGAR RD,BUKIT PANJANG
202 PETIR RD,202,PETIR RD,BUKIT PANJANG
218 CHOA CHU KANG CTRL,218,CHOA CHU KANG CTRL,CHOA CHU KANG
708 CHOA CHU KANG ST 53,708,CHOA CHU KANG ST 53,CHOA CHU KANG
414 EUNOS RD 5,414,EUNOS RD 5,GEYLANG
3 JOO CHIAT RD,3,JOO CHIAT RD,GEYLANG
503 HOUGANG AVE 8,503,HOUGANG AVE 8,HOUGANG
676 HOUGANG AVE 8,676,HOUGANG AVE 8,HOUGANG
545 HOUGANG AVE 8,545,HOUGANG AVE 8,HOUGANG
456 JURONG WEST ST 41,456,JURONG WEST ST 41,JURONG WEST
366 CORPORATION DR,366,CORPORATION DR,JURONG WEST
488 JURONG WEST AVE 1,488,JURONG WEST AVE 1,JURONG WEST
749 JURONG WEST ST 73,749,JURONG WEST ST 73,JURONG WEST
819 JURONG WEST ST 81,819,JURONG WEST ST 81,JURONG WEST
77 MARINE DR,77,MARINE DR,MARINE PARADE
611 ELIAS RD,611,ELIAS RD,PASIR RIS
777 PASIR RIS ST 71,777,PASIR RIS ST 71,PASIR RIS
265D PUNGGOL WAY,265D,PUNGGOL WAY,PUNGGOL
452B SENGKANG WEST WAY,452B,SENGKANG WEST WAY,SENGKANG
452A SENGKANG WEST WAY,452A,SENGKANG WEST WAY,SENGKANG
501 SERANGOON NTH AVE 4,501,SERANGOON NTH AVE 4,SERANGOON
396 TAMPINES AVE 7,396,TAMPINES AVE 7,TAMPINES
782A WOODLANDS CRES,782A,WOODLANDS CRES,WOODLANDS
334 WOODLANDS ST 32,334,WOODLANDS ST 32,WOODLANDS
117 MARSILING RISE,117,MARSILING RISE,WOODLANDS
348A YISHUN AVE 11,348A,YISHUN AVE 11,YISHUN
347B YISHUN AVE 11,347B,YISHUN AVE 11,YISHUN
850 YISHUN ST 81,850,YISHUN ST 81,YISHUN
348C YISHUN AVE 11,348C,YISHUN AVE 11,YISHUN
205 ANG MO KIO AVE 1,205,ANG MO KIO AVE 1,ANG MO KIO
545 ANG MO KIO AVE 10,545,ANG MO KIO AVE 10,ANG MO KIO
59 NEW UPP CHANGI RD,59,NEW UPP CHANGI RD,BEDOK
163 BEDOK STH RD,163,BEDOK STH RD,BEDOK
152 BISHAN ST 11,152,BISHAN ST 11,BISHAN
247 BISHAN ST 22,247,BISHAN ST 22,BISHAN
143 BT BATOK ST 11,143,BT BATOK ST 11,BUKIT BATOK
353 BT BATOK ST 34,353,BT BATOK ST 34,BUKIT BATOK
218 BT BATOK ST 21,218,BT BATOK ST 21,BUKIT BATOK
124B BT MERAH VIEW,124B,BT MERAH VIEW,BUKIT MERAH
334 KRETA AYER RD,334,KRETA AYER RD,CENTRAL AREA
571 CHOA CHU KANG ST 52,571,CHOA CHU KANG ST 52,CHOA CHU KANG
104 TECK WHYE LANE,104,TECK WHYE LANE,CHOA CHU KANG
306 CHOA CHU KANG AVE 4,306,CHOA CHU KANG AVE 4,CHOA CHU KANG
221 CHOA CHU KANG CTRL,221,CHOA CHU KANG CTRL,CHOA CHU KANG
512 CHOA CHU KANG ST 51,512,CHOA CHU KANG ST 51,CHOA CHU KANG
134 TECK WHYE LANE,134,TECK WHYE LANE,CHOA CHU KANG
103 CLEMENTI ST 14,103,CLEMENTI ST 14,CLEMENTI
92A PIPIT RD,92A,PIPIT RD,GEYLANG
41 CIRCUIT RD,41,CIRCUIT RD,GEYLANG
173 HOUGANG AVE 1,173,HOUGANG AVE 1,HOUGANG
348 JURONG EAST AVE 1,348,JURONG EAST AVE 1,JURONG EAST
542 JURONG WEST AVE 1,542,JURONG WEST AVE 1,JURONG WEST
202 BOON LAY DR,202,BOON LAY DR,JURONG WEST
937 JURONG WEST ST 91,937,JURONG WEST ST 91,JURONG WEST
842 JURONG WEST ST 81,842,JURONG WEST ST 81,JURONG WEST
470 JURONG WEST ST 41,470,JURONG WEST ST 41,JURONG WEST
423 PASIR RIS DR 6,423,PASIR RIS DR 6,PASIR RIS
543 PASIR RIS ST 51,543,PASIR RIS ST 51,PASIR RIS
266C PUNGGOL WAY,266C,PUNGGOL WAY,PUNGGOL
590A MONTREAL LINK,590A,MONTREAL LINK,SEMBAWANG
451B SENGKANG WEST WAY,451B,SENGKANG WEST WAY,SENGKANG
192B RIVERVALE DR,192B,RIVERVALE DR,SENGKANG
326A ANCHORVALE RD,326A,ANCHORVALE RD,SENGKANG
263 SERANGOON CTRL DR,263,SERANGOON CTRL DR,SERANGOON
860A TAMPINES AVE 5,860A,TAMPINES AVE 5,TAMPINES
160 TAMPINES ST 12,160,TAMPINES ST 12,TAMPINES
85 LOR 4 TOA PAYOH,85,LOR 4 TOA PAYOH,TOA PAYOH
107 LOR 1 TOA PAYOH,107,LOR 1 TOA PAYOH,TOA PAYOH
242 KIM KEAT LINK,242,KIM KEAT LINK,TOA PAYOH
19 JOO SENG RD,19,JOO SENG RD,TOA PAYOH
780B WOODLANDS CRES,780B,WOODLANDS CRES,WOODLANDS
782D WOODLANDS CRES,782D,WOODLANDS CRES,WOODLANDS
782B WOODLANDS CRES,782B,WOODLANDS CRES,WOODLANDS
122 MARSILING RISE,122,MARSILING RISE,WOODLANDS
328 WOODLANDS ST 32,328,WOODLANDS ST 32,WOODLANDS
348B YISHUN AVE 11,348B,YISHUN AVE 11,YISHUN
248 YISHUN AVE 9,248,YISHUN AVE 9,YISHUN
316B YISHUN AVE 9,316B,YISHUN AVE 9,YISHUN
347 ANG MO KIO AVE 3,347,ANG MO KIO AVE 3,ANG MO KIO
633 BEDOK RESERVOIR RD,633,BEDOK RESERVOIR RD,BEDOK
139 BISHAN ST 12,139,BISHAN ST 12,BISHAN
48 MOH GUAN TER,48,MOH GUAN TER,BUKIT MERAH
35 LIM LIAK ST,35,LIM LIAK ST,BUKIT MERAH
234 BT PANJANG RING RD,234,BT PANJANG RING RD,BUKIT PANJANG
546B SEGAR RD,546B,SEGAR RD,BUKIT PANJANG
222 PENDING RD,222,PENDING RD,BUKIT PANJANG
450 CHOA CHU KANG AVE 4,450,CHOA CHU KANG AVE 4,CHOA CHU KANG
55 PIPIT RD,55,PIPIT RD,GEYLANG
403 HOUGANG AVE 10,403,HOUGANG AVE 10,HOUGANG
687 HOUGANG ST 61,687,HOUGANG ST 61,HOUGANG
509 HOUGANG AVE 10,509,HOUGANG AVE 10,HOUGANG
839 JURONG WEST ST 81,839,JURONG WEST ST 81,JURONG WEST
196B BOON LAY DR,196B,BOON LAY DR,JURONG WEST
827 JURONG WEST ST 81,827,JURONG WEST ST 81,JURONG WEST
708 JURONG WEST ST 71,708,JURONG WEST ST 71,JURONG WEST
186 PASIR RIS ST 11,186,PASIR RIS ST 11,PASIR RIS
736 PASIR RIS DR 10,736,PASIR RIS DR 10,PASIR RIS
266B PUNGGOL WAY,266B,PUNGGOL WAY,PUNGGOL
266D PUNGGOL WAY,266D,PUNGGOL WAY,PUNGGOL
591A MONTREAL LINK,591A,MONTREAL LINK,SEMBAWANG
592B MONTREAL LINK,592B,MONTREAL LINK,SEMBAWANG
593A MONTREAL LINK,593A,MONTREAL LINK,SEMBAWANG
592C MONTREAL LINK,592C,MONTREAL LINK,SEMBAWANG
187A RIVERVALE DR,187A,RIVERVALE DR,SENGKANG
123 RIVERVALE DR,123,RIVERVALE DR,SENGKANG
235 SIMEI ST 4,235,SIMEI ST 4,TAMPINES
48 LOR 5 TOA PAYOH,48,LOR 5 TOA PAYOH,TOA PAYOH
780E WOODLANDS CRES,780E,WOODLANDS CRES,WOODLANDS
797 YISHUN RING RD,797,YISHUN RING RD,YISHUN
158 YISHUN ST 11,158,YISHUN ST 11,YISHUN
424D YISHUN AVE 11,424D,YISHUN AVE 11,YISHUN
335C YISHUN ST 31,335C,YISHUN ST 31,YISHUN
336A YISHUN ST 31,336A,YISHUN ST 31,YISHUN
159 ANG MO KIO AVE 4,159,ANG MO KIO AVE 4,ANG MO KIO
338 ANG MO KIO AVE 1,338,ANG MO KIO AVE 1,ANG MO KIO
722 ANG MO KIO AVE 8,722,ANG MO KIO AVE 8,ANG MO KIO
10F BEDOK STH AVE 2,10F,BEDOK STH AVE 2,BEDOK
173 BISHAN ST 13,173,BISHAN ST 13,BISHAN
372 BT BATOK ST 31,372,BT BATOK ST 31,BUKIT BATOK
137 BT BATOK WEST AVE 6,137,BT BATOK WEST AVE 6,BUKIT BATOK
542 BT BATOK ST 52,542,BT BATOK ST 52,BUKIT BATOK
33 LIM LIAK ST,33,LIM LIAK ST,BUKIT MERAH
546A SEGAR RD,546A,SEGAR RD,BUKIT PANJANG
285 CHOA CHU KANG AVE 3,285,CHOA CHU KANG AVE 3,CHOA CHU KANG
609 CHOA CHU KANG ST 62,609,CHOA CHU KANG ST 62,CHOA CHU KANG
664 CHOA CHU KANG CRES,664,CHOA CHU KANG CRES,CHOA CHU KANG
554 CHOA CHU KANG NTH 6,554,CHOA CHU KANG NTH 6,CHOA CHU KANG
631 CHOA CHU KANG NTH 6,631,CHOA CHU KANG NTH 6,CHOA CHU KANG
70 CIRCUIT RD,70,CIRCUIT RD,GEYLANG
416 EUNOS RD 5,416,EUNOS RD 5,GEYLANG
683 HOUGANG AVE 8,683,HOUGANG AVE 8,HOUGANG
672 HOUGANG AVE 8,672,HOUGANG AVE 8,HOUGANG
355 HOUGANG AVE 7,355,HOUGANG AVE 7,HOUGANG
614 HOUGANG AVE 8,614,HOUGANG AVE 8,HOUGANG
471A UPP SERANGOON CRES,471A,UPP SERANGOON CRES,HOUGANG
670 HOUGANG AVE 8,670,HOUGANG AVE 8,HOUGANG
612 HOUGANG AVE 8,612,HOUGANG AVE 8,HOUGANG
212 JURONG EAST ST 21,212,JURONG EAST ST 21,JURONG EAST
197C BOON LAY DR,197C,BOON LAY DR,JURONG WEST
567 PASIR RIS ST 51,567,PASIR RIS ST 51,PASIR RIS
313B SUMANG LINK,313B,SUMANG LINK,PUNGGOL
592A MONTREAL LINK,592A,MONTREAL LINK,SEMBAWANG
590B MONTREAL LINK,590B,MONTREAL LINK,SEMBAWANG
326B ANCHORVALE RD,326B,ANCHORVALE RD,SENGKANG
327A ANCHORVALE RD,327A,ANCHORVALE RD,SENGKANG
327C ANCHORVALE RD,327C,ANCHORVALE RD,SENGKANG
282B SENGKANG EAST AVE,282B,SENGKANG EAST AVE,SENGKANG
281B SENGKANG EAST AVE,281B,SENGKANG EAST AVE,SENGKANG
282A SENGKANG EAST AVE,282A,SENGKANG EAST AVE,SENGKANG
188D RIVERVALE DR,188D,RIVERVALE DR,SENGKANG
468 TAMPINES ST 44,468,TAMPINES ST 44,TAMPINES
201E TAMPINES ST 23,201E,TAMPINES ST 23,TAMPINES
522A TAMPINES CTRL 7,522A,TAMPINES CTRL 7,TAMPINES
459 TAMPINES ST 42,459,TAMPINES ST 42,TAMPINES
457 TAMPINES ST 42,457,TAMPINES ST 42,TAMPINES
382 TAMPINES ST 32,382,TAMPINES ST 32,TAMPINES
522C TAMPINES CTRL 7,522C,TAMPINES CTRL 7,TAMPINES
70 LOR 4 TOA PAYOH,70,LOR 4 TOA PAYOH,TOA PAYOH
243 KIM KEAT LINK,243,KIM KEAT LINK,TOA PAYOH
782C WOODLANDS CRES,782C,WOODLANDS CRES,WOODLANDS
780A WOODLANDS CRES,780A,WOODLANDS CRES,WOODLANDS
780C WOODLANDS CRES,780C,WOODLANDS CRES,WOODLANDS
780D WOODLANDS CRES,780D,WOODLANDS CRES,WOODLANDS
654 WOODLANDS RING RD,654,WOODLANDS RING RD,WOODLANDS
112 WOODLANDS ST 13,112,WOODLANDS ST 13,WOODLANDS
424A YISHUN AVE 11,424A,YISHUN AVE 11,YISHUN
333B YISHUN ST 31,333B,YISHUN ST 31,YISHUN
809 YISHUN RING RD,809,YISHUN RING RD,YISHUN
430A YISHUN AVE 11,430A,YISHUN AVE 11,YISHUN
333A YISHUN ST 31,333A,YISHUN ST 31,YISHUN
315B YISHUN AVE 9,315B,YISHUN AVE 9,YISHUN
334B YISHUN ST 31,334B,YISHUN ST 31,YISHUN
315A YISHUN AVE 9,315A,YISHUN AVE 9,YISHUN
63 CHAI CHEE RD,63,CHAI CHEE RD,BEDOK
613A BEDOK RESERVOIR RD,613A,BEDOK RESERVOIR RD,BEDOK
278 BISHAN ST 24,278,BISHAN ST 24,BISHAN
162 BISHAN ST 13,162,BISHAN ST 13,BISHAN
424 BT BATOK WEST AVE 2,424,BT BATOK WEST AVE 2,BUKIT BATOK
532 BT BATOK ST 51,532,BT BATOK ST 51,BUKIT BATOK
104 HENDERSON CRES,104,HENDERSON CRES,BUKIT MERAH
547D SEGAR RD,547D,SEGAR RD,BUKIT PANJANG
547A SEGAR RD,547A,SEGAR RD,BUKIT PANJANG
546C SEGAR RD,546C,SEGAR RD,BUKIT PANJANG
166B TECK WHYE CRES,166B,TECK WHYE CRES,CHOA CHU KANG
682 HOUGANG AVE 4,682,HOUGANG AVE 4,HOUGANG
470A UPP SERANGOON CRES,470A,UPP SERANGOON CRES,HOUGANG
470C UPP SERANGOON CRES,470C,UPP SERANGOON CRES,HOUGANG
471B UPP SERANGOON CRES,471B,UPP SERANGOON CRES,HOUGANG
273 TOH GUAN RD,273,TOH GUAN RD,JURONG EAST
220 JURONG EAST ST 21,220,JURONG EAST ST 21,JURONG EAST
428 JURONG WEST AVE 1,428,JURONG WEST AVE 1,JURONG WEST
918 JURONG WEST ST 91,918,JURONG WEST ST 91,JURONG WEST
363 YUNG AN RD,363,YUNG AN RD,JURONG WEST
313A SUMANG LINK,313A,SUMANG LINK,PUNGGOL
593B MONTREAL LINK,593B,MONTREAL LINK,SEMBAWANG
590C MONTREAL LINK,590C,MONTREAL LINK,SEMBAWANG
281A SENGKANG EAST AVE,281A,SENGKANG EAST AVE,SENGKANG
332C ANCHORVALE LINK,332C,ANCHORVALE LINK,SENGKANG
327B ANCHORVALE RD,327B,ANCHORVALE RD,SENGKANG
332A ANCHORVALE LINK,332A,ANCHORVALE LINK,SENGKANG
332B ANCHORVALE LINK,332B,ANCHORVALE LINK,SENGKANG
333D ANCHORVALE LINK,333D,ANCHORVALE LINK,SENGKANG
333B ANCHORVALE LINK,333B,ANCHORVALE LINK,SENGKANG
280A SENGKANG EAST AVE,280A,SENGKANG EAST AVE,SENGKANG
869A TAMPINES AVE 8,869A,TAMPINES AVE 8,TAMPINES
869B TAMPINES AVE 8,869B,TAMPINES AVE 8,TAMPINES
886 TAMPINES ST 83,886,TAMPINES ST 83,TAMPINES
780F WOODLANDS CRES,780F,WOODLANDS CRES,WOODLANDS
329 WOODLANDS ST 32,329,WOODLANDS ST 32,WOODLANDS
849 WOODLANDS ST 82,849,WOODLANDS ST 82,WOODLANDS
424C YISHUN AVE 11,424C,YISHUN AVE 11,YISHUN
428A YISHUN AVE 11,428A,YISHUN AVE 11,YISHUN
431C YISHUN AVE 1,431C,YISHUN AVE 1,YISHUN
431B YISHUN AVE 1,431B,YISHUN AVE 1,YISHUN
315C YISHUN AVE 9,315C,YISHUN AVE 9,YISHUN
213 YISHUN ST 21,213,YISHUN ST 21,YISHUN
318C YISHUN AVE 9,318C,YISHUN AVE 9,YISHUN
316C YISHUN AVE 9,316C,YISHUN AVE 9,YISHUN
307B ANG MO KIO AVE 1,307B,ANG MO KIO AVE 1,ANG MO KIO
120 BISHAN ST 12,120,BISHAN ST 12,BISHAN
249 BISHAN ST 22,249,BISHAN ST 22,BISHAN
14 JLN BT MERAH,14,JLN BT MERAH,BUKIT MERAH
547B SEGAR RD,547B,SEGAR RD,BUKIT PANJANG
317 UBI AVE 1,317,UBI AVE 1,GEYLANG
43 JLN TIGA,43,JLN TIGA,GEYLANG
174B HOUGANG AVE 1,174B,HOUGANG AVE 1,HOUGANG
470B UPP SERANGOON CRES,470B,UPP SERANGOON CRES,HOUGANG
235 JURONG EAST ST 21,235,JURONG EAST ST 21,JURONG EAST
403 PANDAN GDNS,403,PANDAN GDNS,JURONG EAST
288C JURONG EAST ST 21,288C,JURONG EAST ST 21,JURONG EAST
196A BOON LAY DR,196A,BOON LAY DR,JURONG WEST
197B BOON LAY DR,197B,BOON LAY DR,JURONG WEST
197D BOON LAY DR,197D,BOON LAY DR,JURONG WEST
43 JLN BAHAGIA,43,JLN BAHAGIA,KALLANG/WHAMPOA
704 PASIR RIS DR 10,704,PASIR RIS DR 10,PASIR RIS
242 PASIR RIS ST 21,242,PASIR RIS ST 21,PASIR RIS
312C SUMANG LINK,312C,SUMANG LINK,PUNGGOL
312A SUMANG LINK,312A,SUMANG LINK,PUNGGOL
266A PUNGGOL WAY,266A,PUNGGOL WAY,PUNGGOL
47 HOLLAND DR,47,HOLLAND DR,QUEENSTOWN
453B FERNVALE RD,453B,FERNVALE RD,SENGKANG
334A ANCHORVALE CRES,334A,ANCHORVALE CRES,SENGKANG
326C ANCHORVALE RD,326C,ANCHORVALE RD,SENGKANG
333C ANCHORVALE LINK,333C,ANCHORVALE LINK,SENGKANG
280B SENGKANG EAST AVE,280B,SENGKANG EAST AVE,SENGKANG
325A SENGKANG EAST WAY,325A,SENGKANG EAST WAY,SENGKANG
282C SENGKANG EAST AVE,282C,SENGKANG EAST AVE,SENGKANG
262 SERANGOON CTRL DR,262,SERANGOON CTRL DR,SERANGOON
324 SERANGOON AVE 3,324,SERANGOON AVE 3,SERANGOON
410 SERANGOON CTRL,410,SERANGOON CTRL,SERANGOON
402 TAMPINES ST 41,402,TAMPINES ST 41,TAMPINES
888A TAMPINES ST 81,888A,TAMPINES ST 81,TAMPINES
318 TAMPINES ST 33,318,TAMPINES ST 33,TAMPINES
230 TAMPINES ST 24,230,TAMPINES ST 24,TAMPINES
868A TAMPINES AVE 8,868A,TAMPINES AVE 8,TAMPINES
522B TAMPINES CTRL 7,522B,TAMPINES CTRL 7,TAMPINES
230E TAMPINES ST 24,230E,TAMPINES ST 24,TAMPINES
252 KIM KEAT LINK,252,KIM KEAT LINK,TOA PAYOH
782E WOODLANDS CRES,782E,WOODLANDS CRES,WOODLANDS
828 WOODLANDS ST 81,828,WOODLANDS ST 81,WOODLANDS
747 YISHUN ST 72,747,YISHUN ST 72,YISHUN
424B YISHUN AVE 11,424B,YISHUN AVE 11,YISHUN
748 YISHUN ST 72,748,YISHUN ST 72,YISHUN
316A YISHUN AVE 9,316A,YISHUN AVE 9,YISHUN
230 YISHUN ST 21,230,YISHUN ST 21,YISHUN
430B YISHUN AVE 11,430B,YISHUN AVE 11,YISHUN
429B YISHUN AVE 11,429B,YISHUN AVE 11,YISHUN
431D YISHUN AVE 1,431D,YISHUN AVE 1,YISHUN
334C YISHUN ST 31,334C,YISHUN ST 31,YISHUN
926 YISHUN CTRL 1,926,YISHUN CTRL 1,YISHUN
432D YISHUN AVE 1,432D,YISHUN AVE 1,YISHUN
432C YISHUN AVE 1,432C,YISHUN AVE 1,YISHUN
464 ANG MO KIO AVE 10,464,ANG MO KIO AVE 10,ANG MO KIO
261 BT BATOK EAST AVE 4,261,BT BATOK EAST AVE 4,BUKIT BATOK
541 BT BATOK ST 52,541,BT BATOK ST 52,BUKIT BATOK
514 JELAPANG RD,514,JELAPANG RD,BUKIT PANJANG
605 CHOA CHU KANG ST 62,605,CHOA CHU KANG ST 62,CHOA CHU KANG
380 CLEMENTI AVE 5,380,CLEMENTI AVE 5,CLEMENTI
168 HOUGANG AVE 1,168,HOUGANG AVE 1,HOUGANG
338 JURONG EAST AVE 1,338,JURONG EAST AVE 1,JURONG EAST
25 TEBAN GDNS RD,25,TEBAN GDNS RD,JURONG EAST
715 JURONG WEST ST 71,715,JURONG WEST ST 71,JURONG WEST
175C YUNG KUANG RD,175C,YUNG KUANG RD,JURONG WEST
175A YUNG KUANG RD,175A,YUNG KUANG RD,JURONG WEST
51 JLN BAHAGIA,51,JLN BAHAGIA,KALLANG/WHAMPOA
527A PASIR RIS ST 51,527A,PASIR RIS ST 51,PASIR RIS
420 PASIR RIS DR 6,420,PASIR RIS DR 6,PASIR RIS
313C SUMANG LINK,313C,SUMANG LINK,PUNGGOL
453A FERNVALE RD,453A,FERNVALE RD,SENGKANG
331C ANCHORVALE ST,331C,ANCHORVALE ST,SENGKANG
279C SENGKANG EAST AVE,279C,SENGKANG EAST AVE,SENGKANG
326D ANCHORVALE RD,326D,ANCHORVALE RD,SENGKANG
333A ANCHORVALE LINK,333A,ANCHORVALE LINK,SENGKANG
334B ANCHORVALE CRES,334B,ANCHORVALE CRES,SENGKANG
868C TAMPINES AVE 8,868C,TAMPINES AVE 8,TAMPINES
523B TAMPINES CTRL 7,523B,TAMPINES CTRL 7,TAMPINES
523C TAMPINES CTRL 7,523C,TAMPINES CTRL 7,TAMPINES
856E TAMPINES ST 82,856E,TAMPINES ST 82,TAMPINES
342B YISHUN RING RD,342B,YISHUN RING RD,YISHUN
432B YISHUN AVE 1,432B,YISHUN AVE 1,YISHUN
334D YISHUN ST 31,334D,YISHUN ST 31,YISHUN
931 YISHUN CTRL 1,931,YISHUN CTRL 1,YISHUN
509 BEDOK NTH ST 3,509,BEDOK NTH ST 3,BEDOK
403 BT BATOK WEST AVE 7,403,BT BATOK WEST AVE 7,BUKIT BATOK
297 CHOA CHU KANG AVE 2,297,CHOA CHU KANG AVE 2,CHOA CHU KANG
551 CHOA CHU KANG ST 52,551,CHOA CHU KANG ST 52,CHOA CHU KANG
556 CHOA CHU KANG NTH 6,556,CHOA CHU KANG NTH 6,CHOA CHU KANG
124 PAYA LEBAR WAY,124,PAYA LEBAR WAY,GEYLANG
243 HOUGANG ST 22,243,HOUGANG ST 22,HOUGANG
438 HOUGANG AVE 8,438,HOUGANG AVE 8,HOUGANG
39 TEBAN GDNS RD,39,TEBAN GDNS RD,JURONG EAST
439 JURONG WEST AVE 1,439,JURONG WEST AVE 1,JURONG WEST
197A BOON LAY DR,197A,BOON LAY DR,JURONG WEST
175B YUNG KUANG RD,175B,YUNG KUANG RD,JURONG WEST
701 JURONG WEST ST 71,701,JURONG WEST ST 71,JURONG WEST
805 KING GEORGE'S AVE,805,KING GEORGE'S AVE,KALLANG/WHAMPOA
42 JLN BAHAGIA,42,JLN BAHAGIA,KALLANG/WHAMPOA
526A PASIR RIS ST 51,526A,PASIR RIS ST 51,PASIR RIS
525C PASIR RIS ST 51,525C,PASIR RIS ST 51,PASIR RIS
524A PASIR RIS ST 51,524A,PASIR RIS ST 51,PASIR RIS
312B SUMANG LINK,312B,SUMANG LINK,PUNGGOL
264A PUNGGOL WAY,264A,PUNGGOL WAY,PUNGGOL
40 HOLLAND DR,40,HOLLAND DR,QUEENSTOWN
453D FERNVALE RD,453D,FERNVALE RD,SENGKANG
279A SENGKANG EAST AVE,279A,SENGKANG EAST AVE,SENGKANG
105 RIVERVALE WALK,105,RIVERVALE WALK,SENGKANG
440A FERNVALE LINK,440A,FERNVALE LINK,SENGKANG
329A ANCHORVALE ST,329A,ANCHORVALE ST,SENGKANG
453C FERNVALE RD,453C,FERNVALE RD,SENGKANG
223C COMPASSVALE WALK,223C,COMPASSVALE WALK,SENGKANG
279B SENGKANG EAST AVE,279B,SENGKANG EAST AVE,SENGKANG
313 SERANGOON AVE 2,313,SERANGOON AVE 2,SERANGOON
519C TAMPINES CTRL 8,519C,TAMPINES CTRL 8,TAMPINES
159 SIMEI RD,159,SIMEI RD,TAMPINES
496G TAMPINES AVE 9,496G,TAMPINES AVE 9,TAMPINES
894A WOODLANDS DR 50,894A,WOODLANDS DR 50,WOODLANDS
317C YISHUN AVE 9,317C,YISHUN AVE 9,YISHUN
431A YISHUN AVE 1,431A,YISHUN AVE 1,YISHUN
317A YISHUN AVE 9,317A,YISHUN AVE 9,YISHUN
318B YISHUN AVE 9,318B,YISHUN AVE 9,YISHUN
318A YISHUN AVE 9,318A,YISHUN AVE 9,YISHUN
632 ANG MO KIO AVE 4,632,ANG MO KIO AVE 4,ANG MO KIO
252 BISHAN ST 22,252,BISHAN ST 22,BISHAN
513 BT BATOK ST 52,513,BT BATOK ST 52,BUKIT BATOK
52 TELOK BLANGAH DR,52,TELOK BLANGAH DR,BUKIT MERAH
103 GANGSA RD,103,GANGSA RD,BUKIT PANJANG
547C SEGAR RD,547C,SEGAR RD,BUKIT PANJANG
459 SEGAR RD,459,SEGAR RD,BUKIT PANJANG
208 CHOA CHU KANG CTRL,208,CHOA CHU KANG CTRL,CHOA CHU KANG
303 JURONG EAST ST 32,303,JURONG EAST ST 32,JURONG EAST
855 JURONG WEST ST 81,855,JURONG WEST ST 81,JURONG WEST
974 JURONG WEST ST 93,974,JURONG WEST ST 93,JURONG WEST
527B PASIR RIS ST 51,527B,PASIR RIS ST 51,PASIR RIS
406 PASIR RIS DR 6,406,PASIR RIS DR 6,PASIR RIS
207 PASIR RIS ST 21,207,PASIR RIS ST 21,PASIR RIS
261C PUNGGOL WAY,261C,PUNGGOL WAY,PUNGGOL
108 C'WEALTH CRES,108,C'WEALTH CRES,QUEENSTOWN
440C FERNVALE LINK,440C,FERNVALE LINK,SENGKANG
329B ANCHORVALE ST,329B,ANCHORVALE ST,SENGKANG
440B FERNVALE LINK,440B,FERNVALE LINK,SENGKANG
331B ANCHORVALE ST,331B,ANCHORVALE ST,SENGKANG
335B ANCHORVALE CRES,335B,ANCHORVALE CRES,SENGKANG
524B TAMPINES CTRL 7,524B,TAMPINES CTRL 7,TAMPINES
520A TAMPINES CTRL 8,520A,TAMPINES CTRL 8,TAMPINES
519B TAMPINES CTRL 8,519B,TAMPINES CTRL 8,TAMPINES
523A TAMPINES CTRL 7,523A,TAMPINES CTRL 7,TAMPINES
519D TAMPINES CTRL 8,519D,TAMPINES CTRL 8,TAMPINES
253 KIM KEAT AVE,253,KIM KEAT AVE,TOA PAYOH
131 POTONG PASIR AVE 1,131,POTONG PASIR AVE 1,TOA PAYOH
216 MARSILING LANE,216,MARSILING LANE,WOODLANDS
333D YISHUN ST 31,333D,YISHUN ST 31,YISHUN
342C YISHUN RING RD,342C,YISHUN RING RD,YISHUN
334A YISHUN ST 31,334A,YISHUN ST 31,YISHUN
335A YISHUN ST 31,335A,YISHUN ST 31,YISHUN
432A YISHUN AVE 1,432A,YISHUN AVE 1,YISHUN
437 ANG MO KIO AVE 10,437,ANG MO KIO AVE 10,ANG MO KIO
218 BISHAN ST 23,218,BISHAN ST 23,BISHAN
245 BT BATOK EAST AVE 5,245,BT BATOK EAST AVE 5,BUKIT BATOK
6 KIM TIAN RD,6,KIM TIAN RD,BUKIT MERAH
88 REDHILL CL,88,REDHILL CL,BUKIT MERAH
461 SEGAR RD,461,SEGAR RD,BUKIT PANJANG
635B SENJA RD,635B,SENJA RD,BUKIT PANJANG
550B SEGAR RD,550B,SEGAR RD,BUKIT PANJANG
116 TECK WHYE LANE,116,TECK WHYE LANE,CHOA CHU KANG
432 CHOA CHU KANG AVE 4,432,CHOA CHU KANG AVE 4,CHOA CHU KANG
756 CHOA CHU KANG NTH 5,756,CHOA CHU KANG NTH 5,CHOA CHU KANG
530 HOUGANG AVE 6,530,HOUGANG AVE 6,HOUGANG
138A YUAN CHING RD,138A,YUAN CHING RD,JURONG WEST
703 PASIR RIS DR 10,703,PASIR RIS DR 10,PASIR RIS
528B PASIR RIS ST 51,528B,PASIR RIS ST 51,PASIR RIS
525A PASIR RIS ST 51,525A,PASIR RIS ST 51,PASIR RIS
526D PASIR RIS ST 51,526D,PASIR RIS ST 51,PASIR RIS
526B PASIR RIS ST 51,526B,PASIR RIS ST 51,PASIR RIS
46 HOLLAND DR,46,HOLLAND DR,QUEENSTOWN
201B TAMPINES ST 21,201B,TAMPINES ST 21,TAMPINES
520C TAMPINES CTRL 8,520C,TAMPINES CTRL 8,TAMPINES
523D TAMPINES CTRL 7,523D,TAMPINES CTRL 7,TAMPINES
501 TAMPINES CTRL 1,501,TAMPINES CTRL 1,TAMPINES
180B MARSILING RD,180B,MARSILING RD,WOODLANDS
863 WOODLANDS ST 83,863,WOODLANDS ST 83,WOODLANDS
504A YISHUN ST 51,504A,YISHUN ST 51,YISHUN
335B YISHUN ST 31,335B,YISHUN ST 31,YISHUN
333C YISHUN ST 31,333C,YISHUN ST 31,YISHUN
640A YISHUN ST 61,640A,YISHUN ST 61,YISHUN
636A YISHUN ST 61,636A,YISHUN ST 61,YISHUN
274 BT BATOK EAST AVE 4,274,BT BATOK EAST AVE 4,BUKIT BATOK
246 BT BATOK EAST AVE 5,246,BT BATOK EAST AVE 5,BUKIT BATOK
10B BOON TIONG RD,10B,BOON TIONG RD,BUKIT MERAH
548B SEGAR RD,548B,SEGAR RD,BUKIT PANJANG
460 SEGAR RD,460,SEGAR RD,BUKIT PANJANG
549B SEGAR RD,549B,SEGAR RD,BUKIT PANJANG
634A SENJA RD,634A,SENJA RD,BUKIT PANJANG
635A SENJA RD,635A,SENJA RD,BUKIT PANJANG
549A SEGAR RD,549A,SEGAR RD,BUKIT PANJANG
345 UBI AVE 1,345,UBI AVE 1,GEYLANG
476B UPP SERANGOON VIEW,476B,UPP SERANGOON VIEW,HOUGANG
427 HOUGANG AVE 6,427,HOUGANG AVE 6,HOUGANG
528A PASIR RIS ST 51,528A,PASIR RIS ST 51,PASIR RIS
525B PASIR RIS ST 51,525B,PASIR RIS ST 51,PASIR RIS
526C PASIR RIS ST 51,526C,PASIR RIS ST 51,PASIR RIS
524B PASIR RIS ST 51,524B,PASIR RIS ST 51,PASIR RIS
259B PUNGGOL FIELD,259B,PUNGGOL FIELD,PUNGGOL
334C ANCHORVALE CRES,334C,ANCHORVALE CRES,SENGKANG
330B ANCHORVALE ST,330B,ANCHORVALE ST,SENGKANG
331A ANCHORVALE ST,331A,ANCHORVALE ST,SENGKANG
335A ANCHORVALE CRES,335A,ANCHORVALE CRES,SENGKANG
336B ANCHORVALE CRES,336B,ANCHORVALE CRES,SENGKANG
335C ANCHORVALE CRES,335C,ANCHORVALE CRES,SENGKANG
336D ANCHORVALE CRES,336D,ANCHORVALE CRES,SENGKANG
890C TAMPINES AVE 1,890C,TAMPINES AVE 1,TAMPINES
137 SIMEI ST 1,137,SIMEI ST 1,TAMPINES
890A TAMPINES AVE 1,890A,TAMPINES AVE 1,TAMPINES
524A TAMPINES CTRL 7,524A,TAMPINES CTRL 7,TAMPINES
519A TAMPINES CTRL 8,519A,TAMPINES CTRL 8,TAMPINES
509 TAMPINES CTRL 1,509,TAMPINES CTRL 1,TAMPINES
103 POTONG PASIR AVE 1,103,POTONG PASIR AVE 1,TOA PAYOH
732 YISHUN AVE 5,732,YISHUN AVE 5,YISHUN
429A YISHUN AVE 11,429A,YISHUN AVE 11,YISHUN
317B YISHUN AVE 9,317B,YISHUN AVE 9,YISHUN
505C YISHUN ST 51,505C,YISHUN ST 51,YISHUN
344 YISHUN AVE 11,344,YISHUN AVE 11,YISHUN
114 BEDOK NTH ST 2,114,BEDOK NTH ST 2,BEDOK
203 BEDOK NTH ST 1,203,BEDOK NTH ST 1,BEDOK
747A BEDOK RESERVOIR CRES,747A,BEDOK RESERVOIR CRES,BEDOK
748A BEDOK RESERVOIR CRES,748A,BEDOK RESERVOIR CRES,BEDOK
748C BEDOK RESERVOIR CRES,748C,BEDOK RESERVOIR CRES,BEDOK
747B BEDOK RESERVOIR CRES,747B,BEDOK RESERVOIR CRES,BEDOK
121 BISHAN ST 12,121,BISHAN ST 12,BISHAN
550A SEGAR RD,550A,SEGAR RD,BUKIT PANJANG
454 FAJAR RD,454,FAJAR RD,BUKIT PANJANG
636B SENJA RD,636B,SENJA RD,BUKIT PANJANG
636 VEERASAMY RD,636,VEERASAMY RD,CENTRAL AREA
132 CHOA CHU KANG AVE 1,132,CHOA CHU KANG AVE 1,CHOA CHU KANG
452 HOUGANG AVE 10,452,HOUGANG AVE 10,HOUGANG
475C UPP SERANGOON CRES,475C,UPP SERANGOON CRES,HOUGANG
475B UPP SERANGOON CRES,475B,UPP SERANGOON CRES,HOUGANG
107 JURONG EAST ST 13,107,JURONG EAST ST 13,JURONG EAST
138D YUAN CHING RD,138D,YUAN CHING RD,JURONG WEST
39 JLN BAHAGIA,39,JLN BAHAGIA,KALLANG/WHAMPOA
527C PASIR RIS ST 51,527C,PASIR RIS ST 51,PASIR RIS
528C PASIR RIS ST 51,528C,PASIR RIS ST 51,PASIR RIS
152 PASIR RIS ST 13,152,PASIR RIS ST 13,PASIR RIS
261A PUNGGOL WAY,261A,PUNGGOL WAY,PUNGGOL
672D EDGEFIELD PLAINS,672D,EDGEFIELD PLAINS,PUNGGOL
259A PUNGGOL FIELD,259A,PUNGGOL FIELD,PUNGGOL
259C PUNGGOL FIELD,259C,PUNGGOL FIELD,PUNGGOL
667A PUNGGOL DR,667A,PUNGGOL DR,PUNGGOL
260A PUNGGOL WAY,260A,PUNGGOL WAY,PUNGGOL
336A ANCHORVALE CRES,336A,ANCHORVALE CRES,SENGKANG
336C ANCHORVALE CRES,336C,ANCHORVALE CRES,SENGKANG
330A ANCHORVALE ST,330A,ANCHORVALE ST,SENGKANG
220 TAMPINES ST 24,220,TAMPINES ST 24,TAMPINES
890B TAMPINES AVE 1,890B,TAMPINES AVE 1,TAMPINES
137 POTONG PASIR AVE 3,137,POTONG PASIR AVE 3,TOA PAYOH
135 MARSILING RD,135,MARSILING RD,WOODLANDS
796A YISHUN RING RD,796A,YISHUN RING RD,YISHUN
342A YISHUN RING RD,342A,YISHUN RING RD,YISHUN
800 YISHUN RING RD,800,YISHUN RING RD,YISHUN
504D YISHUN ST 51,504D,YISHUN ST 51,YISHUN
505B YISHUN ST 51,505B,YISHUN ST 51,YISHUN
505D YISHUN ST 51,505D,YISHUN ST 51,YISHUN
650 ANG MO KIO ST 61,650,ANG MO KIO ST 61,ANG MO KIO
161 BEDOK STH AVE 3,161,BEDOK STH AVE 3,BEDOK
503 BT BATOK ST 52,503,BT BATOK ST 52,BUKIT BATOK
27 LIM LIAK ST,27,LIM LIAK ST,BUKIT MERAH
29 LIM LIAK ST,29,LIM LIAK ST,BUKIT MERAH
634B SENJA RD,634B,SENJA RD,BUKIT PANJANG
488A CHOA CHU KANG AVE 5,488A,CHOA CHU KANG AVE 5,CHOA CHU KANG
446 CLEMENTI AVE 3,446,CLEMENTI AVE 3,CLEMENTI
96 ALJUNIED CRES,96,ALJUNIED CRES,GEYLANG
476A UPP SERANGOON VIEW,476A,UPP SERANGOON VIEW,HOUGANG
477A UPP SERANGOON VIEW,477A,UPP SERANGOON VIEW,HOUGANG
359 HOUGANG AVE 5,359,HOUGANG AVE 5,HOUGANG
443 HOUGANG AVE 8,443,HOUGANG AVE 8,HOUGANG
475D UPP SERANGOON CRES,475D,UPP SERANGOON CRES,HOUGANG
138C YUAN CHING RD,138C,YUAN CHING RD,JURONG WEST
138B YUAN CHING RD,138B,YUAN CHING RD,JURONG WEST
524C PASIR RIS ST 51,524C,PASIR RIS ST 51,PASIR RIS
183 PASIR RIS ST 11,183,PASIR RIS ST 11,PASIR RIS
673C EDGEFIELD PLAINS,673C,EDGEFIELD PLAINS,PUNGGOL
261B PUNGGOL WAY,261B,PUNGGOL WAY,PUNGGOL
666B PUNGGOL DR,666B,PUNGGOL DR,PUNGGOL
23B QUEEN'S CL,23B,QUEEN'S CL,QUEENSTOWN
416B FERNVALE LINK,416B,FERNVALE LINK,SENGKANG
414A FERNVALE LINK,414A,FERNVALE LINK,SENGKANG
494E TAMPINES ST 43,494E,TAMPINES ST 43,TAMPINES
863B TAMPINES ST 83,863B,TAMPINES ST 83,TAMPINES
251 KIM KEAT LINK,251,KIM KEAT LINK,TOA PAYOH
46 LOR 5 TOA PAYOH,46,LOR 5 TOA PAYOH,TOA PAYOH
126 POTONG PASIR AVE 1,126,POTONG PASIR AVE 1,TOA PAYOH
128 POTONG PASIR AVE 1,128,POTONG PASIR AVE 1,TOA PAYOH
180A MARSILING RD,180A,MARSILING RD,WOODLANDS
505A YISHUN ST 51,505A,YISHUN ST 51,YISHUN
423 ANG MO KIO AVE 3,423,ANG MO KIO AVE 3,ANG MO KIO
748B BEDOK RESERVOIR CRES,748B,BEDOK RESERVOIR CRES,BEDOK
747C BEDOK RESERVOIR CRES,747C,BEDOK RESERVOIR CRES,BEDOK
46 TELOK BLANGAH DR,46,TELOK BLANGAH DR,BUKIT MERAH
144 PETIR RD,144,PETIR RD,BUKIT PANJANG
311B CLEMENTI AVE 4,311B,CLEMENTI AVE 4,CLEMENTI
311C CLEMENTI AVE 4,311C,CLEMENTI AVE 4,CLEMENTI
311A CLEMENTI AVE 4,311A,CLEMENTI AVE 4,CLEMENTI
475A UPP SERANGOON CRES,475A,UPP SERANGOON CRES,HOUGANG
477B UPP SERANGOON VIEW,477B,UPP SERANGOON VIEW,HOUGANG
544 JURONG WEST ST 42,544,JURONG WEST ST 42,JURONG WEST
761 JURONG WEST ST 74,761,JURONG WEST ST 74,JURONG WEST
47 JLN BAHAGIA,47,JLN BAHAGIA,KALLANG/WHAMPOA
527D PASIR RIS ST 51,527D,PASIR RIS ST 51,PASIR RIS
580 PASIR RIS ST 53,580,PASIR RIS ST 53,PASIR RIS
672C EDGEFIELD PLAINS,672C,EDGEFIELD PLAINS,PUNGGOL
673B EDGEFIELD PLAINS,673B,EDGEFIELD PLAINS,PUNGGOL
672A EDGEFIELD PLAINS,672A,EDGEFIELD PLAINS,PUNGGOL
666A PUNGGOL DR,666A,PUNGGOL DR,PUNGGOL
258B PUNGGOL FIELD,258B,PUNGGOL FIELD,PUNGGOL
260C PUNGGOL WAY,260C,PUNGGOL WAY,PUNGGOL
260B PUNGGOL WAY,260B,PUNGGOL WAY,PUNGGOL
414B FERNVALE LINK,414B,FERNVALE LINK,SENGKANG
416C FERNVALE LINK,416C,FERNVALE LINK,SENGKANG
225B COMPASSVALE WALK,225B,COMPASSVALE WALK,SENGKANG
415B FERNVALE LINK,415B,FERNVALE LINK,SENGKANG
857B TAMPINES ST 83,857B,TAMPINES ST 83,TAMPINES
111 LOR 1 TOA PAYOH,111,LOR 1 TOA PAYOH,TOA PAYOH
664A YISHUN AVE 4,664A,YISHUN AVE 4,YISHUN
355A YISHUN RING RD,355A,YISHUN RING RD,YISHUN
258 ANG MO KIO AVE 4,258,ANG MO KIO AVE 4,ANG MO KIO
109 BEDOK RESERVOIR RD,109,BEDOK RESERVOIR RD,BEDOK
162 BEDOK STH RD,162,BEDOK STH RD,BEDOK
636A SENJA RD,636A,SENJA RD,BUKIT PANJANG
548A SEGAR RD,548A,SEGAR RD,BUKIT PANJANG
209 PETIR RD,209,PETIR RD,BUKIT PANJANG
636C SENJA RD,636C,SENJA RD,BUKIT PANJANG
147 GANGSA RD,147,GANGSA RD,BUKIT PANJANG
487B CHOA CHU KANG AVE 5,487B,CHOA CHU KANG AVE 5,CHOA CHU KANG
413 HOUGANG AVE 10,413,HOUGANG AVE 10,HOUGANG
476C UPP SERANGOON VIEW,476C,UPP SERANGOON VIEW,HOUGANG
477C UPP SERANGOON VIEW,477C,UPP SERANGOON VIEW,HOUGANG
643 PASIR RIS DR 10,643,PASIR RIS DR 10,PASIR RIS
672B EDGEFIELD PLAINS,672B,EDGEFIELD PLAINS,PUNGGOL
667B PUNGGOL DR,667B,PUNGGOL DR,PUNGGOL
673A EDGEFIELD PLAINS,673A,EDGEFIELD PLAINS,PUNGGOL
665A PUNGGOL DR,665A,PUNGGOL DR,PUNGGOL
258A PUNGGOL FIELD,258A,PUNGGOL FIELD,PUNGGOL
92 DAWSON RD,92,DAWSON RD,QUEENSTOWN
89 DAWSON RD,89,DAWSON RD,QUEENSTOWN
415A FERNVALE LINK,415A,FERNVALE LINK,SENGKANG
416A FERNVALE LINK,416A,FERNVALE LINK,SENGKANG
415C FERNVALE LINK,415C,FERNVALE LINK,SENGKANG
472C FERNVALE ST,472C,FERNVALE ST,SENGKANG
469B SENGKANG WEST WAY,469B,SENGKANG WEST WAY,SENGKANG
494D TAMPINES ST 43,494D,TAMPINES ST 43,TAMPINES
485A TAMPINES AVE 9,485A,TAMPINES AVE 9,TAMPINES
811 YISHUN RING RD,811,YISHUN RING RD,YISHUN
504C YISHUN ST 51,504C,YISHUN ST 51,YISHUN
504B YISHUN ST 51,504B,YISHUN ST 51,YISHUN
807B CHAI CHEE RD,807B,CHAI CHEE RD,BEDOK
642 BEDOK RESERVOIR RD,642,BEDOK RESERVOIR RD,BEDOK
635 BEDOK RESERVOIR RD,635,BEDOK RESERVOIR RD,BEDOK
352 BT BATOK ST 34,352,BT BATOK ST 34,BUKIT BATOK
489C CHOA CHU KANG AVE 5,489C,CHOA CHU KANG AVE 5,CHOA CHU KANG
489A CHOA CHU KANG AVE 5,489A,CHOA CHU KANG AVE 5,CHOA CHU KANG
487C CHOA CHU KANG AVE 5,487C,CHOA CHU KANG AVE 5,CHOA CHU KANG
199 BOON LAY DR,199,BOON LAY DR,JURONG WEST
478 PASIR RIS DR 4,478,PASIR RIS DR 4,PASIR RIS
665C PUNGGOL DR,665C,PUNGGOL DR,PUNGGOL
308B PUNGGOL WALK,308B,PUNGGOL WALK,PUNGGOL
308C PUNGGOL WALK,308C,PUNGGOL WALK,PUNGGOL
671A EDGEFIELD PLAINS,671A,EDGEFIELD PLAINS,PUNGGOL
258C PUNGGOL FIELD,258C,PUNGGOL FIELD,PUNGGOL
468B FERNVALE LINK,468B,FERNVALE LINK,SENGKANG
244 SERANGOON AVE 2,244,SERANGOON AVE 2,SERANGOON
324 WOODLANDS ST 32,324,WOODLANDS ST 32,WOODLANDS
666A YISHUN AVE 4,666A,YISHUN AVE 4,YISHUN
490B CHOA CHU KANG AVE 5,490B,CHOA CHU KANG AVE 5,CHOA CHU KANG
489D CHOA CHU KANG AVE 5,489D,CHOA CHU KANG AVE 5,CHOA CHU KANG
490D CHOA CHU KANG AVE 5,490D,CHOA CHU KANG AVE 5,CHOA CHU KANG
131 GEYLANG EAST AVE 1,131,GEYLANG EAST AVE 1,GEYLANG
161 PASIR RIS ST 13,161,PASIR RIS ST 13,PASIR RIS
308A PUNGGOL WALK,308A,PUNGGOL WALK,PUNGGOL
86 DAWSON RD,86,DAWSON RD,QUEENSTOWN
90 DAWSON RD,90,DAWSON RD,QUEENSTOWN
471C FERNVALE ST,471C,FERNVALE ST,SENGKANG
472A FERNVALE ST,472A,FERNVALE ST,SENGKANG
239 TAMPINES ST 21,239,TAMPINES ST 21,TAMPINES
807A CHAI CHEE RD,807A,CHAI CHEE RD,BEDOK
488B CHOA CHU KANG AVE 5,488B,CHOA CHU KANG AVE 5,CHOA CHU KANG
488C CHOA CHU KANG AVE 5,488C,CHOA CHU KANG AVE 5,CHOA CHU KANG
21 HAIG RD,21,HAIG RD,GEYLANG
671B EDGEFIELD PLAINS,671B,EDGEFIELD PLAINS,PUNGGOL
469C SENGKANG WEST WAY,469C,SENGKANG WEST WAY,SENGKANG
837 YISHUN ST 81,837,YISHUN ST 81,YISHUN
136 BEDOK NTH AVE 3,136,BEDOK NTH AVE 3,BEDOK
531 BEDOK NTH ST 3,531,BEDOK NTH ST 3,BEDOK
26 NEW UPP CHANGI RD,26,NEW UPP CHANGI RD,BEDOK
217 BISHAN ST 23,217,BISHAN ST 23,BISHAN
10 JLN RUMAH TINGGI,10,JLN RUMAH TINGGI,BUKIT MERAH
37 LIM LIAK ST,37,LIM LIAK ST,BUKIT MERAH
46 SENG POH RD,46,SENG POH RD,BUKIT MERAH
45 LENGKOK BAHRU,45,LENGKOK BAHRU,BUKIT MERAH
443A FAJAR RD,443A,FAJAR RD,BUKIT PANJANG
443B FAJAR RD,443B,FAJAR RD,BUKIT PANJANG
442D FAJAR RD,442D,FAJAR RD,BUKIT PANJANG
490C CHOA CHU KANG AVE 5,490C,CHOA CHU KANG AVE 5,CHOA CHU KANG
278 CHOA CHU KANG AVE 3,278,CHOA CHU KANG AVE 3,CHOA CHU KANG
490A CHOA CHU KANG AVE 5,490A,CHOA CHU KANG AVE 5,CHOA CHU KANG
487A CHOA CHU KANG AVE 5,487A,CHOA CHU KANG AVE 5,CHOA CHU KANG
489B CHOA CHU KANG AVE 5,489B,CHOA CHU KANG AVE 5,CHOA CHU KANG
144 TECK WHYE LANE,144,TECK WHYE LANE,CHOA CHU KANG
563 CHOA CHU KANG ST 52,563,CHOA CHU KANG ST 52,CHOA CHU KANG
376A HOUGANG ST 32,376A,HOUGANG ST 32,HOUGANG
376B HOUGANG ST 32,376B,HOUGANG ST 32,HOUGANG
259 JURONG EAST ST 24,259,JURONG EAST ST 24,JURONG EAST
415 PANDAN GDNS,415,PANDAN GDNS,JURONG EAST
479 JURONG WEST ST 41,479,JURONG WEST ST 41,JURONG WEST
530C PASIR RIS DR 1,530C,PASIR RIS DR 1,PASIR RIS
670A EDGEFIELD PLAINS,670A,EDGEFIELD PLAINS,PUNGGOL
663A PUNGGOL DR,663A,PUNGGOL DR,PUNGGOL
310A PUNGGOL WALK,310A,PUNGGOL WALK,PUNGGOL
670C EDGEFIELD PLAINS,670C,EDGEFIELD PLAINS,PUNGGOL
665B PUNGGOL DR,665B,PUNGGOL DR,PUNGGOL
91 DAWSON RD,91,DAWSON RD,QUEENSTOWN
470A FERNVALE LINK,470A,FERNVALE LINK,SENGKANG
469A SENGKANG WEST WAY,469A,SENGKANG WEST WAY,SENGKANG
412 SERANGOON CTRL,412,SERANGOON CTRL,SERANGOON
858B TAMPINES AVE 5,858B,TAMPINES AVE 5,TAMPINES
886A TAMPINES ST 83,886A,TAMPINES ST 83,TAMPINES
128 SIMEI ST 1,128,SIMEI ST 1,TAMPINES
761 YISHUN ST 72,761,YISHUN ST 72,YISHUN
281 YISHUN ST 22,281,YISHUN ST 22,YISHUN
807C CHAI CHEE RD,807C,CHAI CHEE RD,BEDOK
808A CHAI CHEE RD,808A,CHAI CHEE RD,BEDOK
652 JLN TENAGA,652,JLN TENAGA,BEDOK
344 BT BATOK ST 34,344,BT BATOK ST 34,BUKIT BATOK
44 LENGKOK BAHRU,44,LENGKOK BAHRU,BUKIT MERAH
212 PETIR RD,212,PETIR RD,BUKIT PANJANG
443C FAJAR RD,443C,FAJAR RD,BUKIT PANJANG
443D FAJAR RD,443D,FAJAR RD,BUKIT PANJANG
807A CHOA CHU KANG AVE 1,807A,CHOA CHU KANG AVE 1,CHOA CHU KANG
488D CHOA CHU KANG AVE 5,488D,CHOA CHU KANG AVE 5,CHOA CHU KANG
722 CLEMENTI WEST ST 2,722,CLEMENTI WEST ST 2,CLEMENTI
440C CLEMENTI AVE 3,440C,CLEMENTI AVE 3,CLEMENTI
18D CIRCUIT RD,18D,CIRCUIT RD,GEYLANG
350 UBI AVE 1,350,UBI AVE 1,GEYLANG
104 ALJUNIED CRES,104,ALJUNIED CRES,GEYLANG
17B CIRCUIT RD,17B,CIRCUIT RD,GEYLANG
17A CIRCUIT RD,17A,CIRCUIT RD,GEYLANG
647 HOUGANG AVE 8,647,HOUGANG AVE 8,HOUGANG
64 JLN MA'MOR,64,JLN MA'MOR,KALLANG/WHAMPOA
58 GEYLANG BAHRU,58,GEYLANG BAHRU,KALLANG/WHAMPOA
19 ST. GEORGE'S RD,19,ST. GEORGE'S RD,KALLANG/WHAMPOA
536 PASIR RIS DR 1,536,PASIR RIS DR 1,PASIR RIS
664A PUNGGOL DR,664A,PUNGGOL DR,PUNGGOL
310C PUNGGOL WALK,310C,PUNGGOL WALK,PUNGGOL
668B EDGEFIELD PLAINS,668B,EDGEFIELD PLAINS,PUNGGOL
670B EDGEFIELD PLAINS,670B,EDGEFIELD PLAINS,PUNGGOL
663C PUNGGOL DR,663C,PUNGGOL DR,PUNGGOL
664B PUNGGOL DR,664B,PUNGGOL DR,PUNGGOL
679B PUNGGOL DR,679B,PUNGGOL DR,PUNGGOL
679C PUNGGOL DR,679C,PUNGGOL DR,PUNGGOL
679A PUNGGOL DR,679A,PUNGGOL DR,PUNGGOL
310B PUNGGOL WALK,310B,PUNGGOL WALK,PUNGGOL
669B EDGEFIELD PLAINS,669B,EDGEFIELD PLAINS,PUNGGOL
669A EDGEFIELD PLAINS,669A,EDGEFIELD PLAINS,PUNGGOL
663B PUNGGOL DR,663B,PUNGGOL DR,PUNGGOL
93 DAWSON RD,93,DAWSON RD,QUEENSTOWN
467A FERNVALE LINK,467A,FERNVALE LINK,SENGKANG
471A FERNVALE ST,471A,FERNVALE ST,SENGKANG
472B FERNVALE ST,472B,FERNVALE ST,SENGKANG
471B FERNVALE ST,471B,FERNVALE ST,SENGKANG
293D COMPASSVALE CRES,293D,COMPASSVALE CRES,SENGKANG
468C FERNVALE LINK,468C,FERNVALE LINK,SENGKANG
422 TAMPINES ST 41,422,TAMPINES ST 41,TAMPINES
871C TAMPINES ST 86,871C,TAMPINES ST 86,TAMPINES
808C CHAI CHEE RD,808C,CHAI CHEE RD,BEDOK
405 BT BATOK WEST AVE 7,405,BT BATOK WEST AVE 7,BUKIT BATOK
96A HENDERSON RD,96A,HENDERSON RD,BUKIT MERAH
35 TELOK BLANGAH RISE,35,TELOK BLANGAH RISE,BUKIT MERAH
442B FAJAR RD,442B,FAJAR RD,BUKIT PANJANG
117 PENDING RD,117,PENDING RD,BUKIT PANJANG
442C FAJAR RD,442C,FAJAR RD,BUKIT PANJANG
18A CIRCUIT RD,18A,CIRCUIT RD,GEYLANG
316 HOUGANG AVE 7,316,HOUGANG AVE 7,HOUGANG
656 HOUGANG AVE 8,656,HOUGANG AVE 8,HOUGANG
57 TEBAN GDNS RD,57,TEBAN GDNS RD,JURONG EAST
935 JURONG WEST ST 91,935,JURONG WEST ST 91,JURONG WEST
120 PASIR RIS ST 11,120,PASIR RIS ST 11,PASIR RIS
256C SUMANG WALK,256C,SUMANG WALK,PUNGGOL
256D SUMANG WALK,256D,SUMANG WALK,PUNGGOL
678A PUNGGOL DR,678A,PUNGGOL DR,PUNGGOL
87 DAWSON RD,87,DAWSON RD,QUEENSTOWN
868B TAMPINES AVE 8,868B,TAMPINES AVE 8,TAMPINES
383 TAMPINES ST 32,383,TAMPINES ST 32,TAMPINES
246 KIM KEAT LINK,246,KIM KEAT LINK,TOA PAYOH
240 LOR 1 TOA PAYOH,240,LOR 1 TOA PAYOH,TOA PAYOH
101B LOR 2 TOA PAYOH,101B,LOR 2 TOA PAYOH,TOA PAYOH
176 WOODLANDS ST 13,176,WOODLANDS ST 13,WOODLANDS
361 YISHUN RING RD,361,YISHUN RING RD,YISHUN
258 YISHUN ST 22,258,YISHUN ST 22,YISHUN
158 BEDOK STH AVE 3,158,BEDOK STH AVE 3,BEDOK
105 LENGKONG TIGA,105,LENGKONG TIGA,BEDOK
222 BT BATOK EAST AVE 3,222,BT BATOK EAST AVE 3,BUKIT BATOK
6 JLN BT HO SWEE,6,JLN BT HO SWEE,BUKIT MERAH
440B CLEMENTI AVE 3,440B,CLEMENTI AVE 3,CLEMENTI
376C HOUGANG ST 32,376C,HOUGANG ST 32,HOUGANG
646 HOUGANG AVE 8,646,HOUGANG AVE 8,HOUGANG
961 JURONG WEST ST 92,961,JURONG WEST ST 92,JURONG WEST
8A UPP BOON KENG RD,8A,UPP BOON KENG RD,KALLANG/WHAMPOA
530B PASIR RIS DR 1,530B,PASIR RIS DR 1,PASIR RIS
530A PASIR RIS DR 1,530A,PASIR RIS DR 1,PASIR RIS
668A EDGEFIELD PLAINS,668A,EDGEFIELD PLAINS,PUNGGOL
635C PUNGGOL DR,635C,PUNGGOL DR,PUNGGOL
88 DAWSON RD,88,DAWSON RD,QUEENSTOWN
470B FERNVALE LINK,470B,FERNVALE LINK,SENGKANG
473A FERNVALE ST,473A,FERNVALE ST,SENGKANG
294A COMPASSVALE CRES,294A,COMPASSVALE CRES,SENGKANG
468A FERNVALE LINK,468A,FERNVALE LINK,SENGKANG
470C FERNVALE LINK,470C,FERNVALE LINK,SENGKANG
164A RIVERVALE CRES,164A,RIVERVALE CRES,SENGKANG
186 TOA PAYOH CTRL,186,TOA PAYOH CTRL,TOA PAYOH
124 POTONG PASIR AVE 1,124,POTONG PASIR AVE 1,TOA PAYOH
411 WOODLANDS ST 41,411,WOODLANDS ST 41,WOODLANDS
808B CHAI CHEE RD,808B,CHAI CHEE RD,BEDOK
95C HENDERSON RD,95C,HENDERSON RD,BUKIT MERAH
104 SPOTTISWOODE PK RD,104,SPOTTISWOODE PK RD,BUKIT MERAH
815A CHOA CHU KANG AVE 7,815A,CHOA CHU KANG AVE 7,CHOA CHU KANG
442 CLEMENTI AVE 3,442,CLEMENTI AVE 3,CLEMENTI
332 CLEMENTI AVE 2,332,CLEMENTI AVE 2,CLEMENTI
18C CIRCUIT RD,18C,CIRCUIT RD,GEYLANG
18B CIRCUIT RD,18B,CIRCUIT RD,GEYLANG
844 SIMS AVE,844,SIMS AVE,GEYLANG
340 UBI AVE 1,340,UBI AVE 1,GEYLANG
564 HOUGANG ST 51,564,HOUGANG ST 51,HOUGANG
55 TEBAN GDNS RD,55,TEBAN GDNS RD,JURONG EAST
519 JURONG WEST ST 52,519,JURONG WEST ST 52,JURONG WEST
8B UPP BOON KENG RD,8B,UPP BOON KENG RD,KALLANG/WHAMPOA
256B SUMANG WALK,256B,SUMANG WALK,PUNGGOL
677A PUNGGOL DR,677A,PUNGGOL DR,PUNGGOL
316C PUNGGOL WAY,316C,PUNGGOL WAY,PUNGGOL
256A SUMANG WALK,256A,SUMANG WALK,PUNGGOL
678B PUNGGOL DR,678B,PUNGGOL DR,PUNGGOL
46 STIRLING RD,46,STIRLING RD,QUEENSTOWN
467B FERNVALE LINK,467B,FERNVALE LINK,SENGKANG
164B RIVERVALE CRES,164B,RIVERVALE CRES,SENGKANG
293A COMPASSVALE CRES,293A,COMPASSVALE CRES,SENGKANG
164C RIVERVALE CRES,164C,RIVERVALE CRES,SENGKANG
870A TAMPINES ST 86,870A,TAMPINES ST 86,TAMPINES
482 TAMPINES ST 43,482,TAMPINES ST 43,TAMPINES
871B TAMPINES ST 86,871B,TAMPINES ST 86,TAMPINES
107 WOODLANDS ST 13,107,WOODLANDS ST 13,WOODLANDS
109 WOODLANDS ST 13,109,WOODLANDS ST 13,WOODLANDS
129 BISHAN ST 12,129,BISHAN ST 12,BISHAN
314 BT BATOK ST 32,314,BT BATOK ST 32,BUKIT BATOK
124 BT BATOK CTRL,124,BT BATOK CTRL,BUKIT BATOK
25 LIM LIAK ST,25,LIM LIAK ST,BUKIT MERAH
17 SENG POH RD,17,SENG POH RD,BUKIT MERAH
809B CHOA CHU KANG AVE 1,809B,CHOA CHU KANG AVE 1,CHOA CHU KANG
807B CHOA CHU KANG AVE 1,807B,CHOA CHU KANG AVE 1,CHOA CHU KANG
803A KEAT HONG CL,803A,KEAT HONG CL,CHOA CHU KANG
805A KEAT HONG CL,805A,KEAT HONG CL,CHOA CHU KANG
808D CHOA CHU KANG AVE 1,808D,CHOA CHU KANG AVE 1,CHOA CHU KANG
809A CHOA CHU KANG AVE 1,809A,CHOA CHU KANG AVE 1,CHOA CHU KANG
56 TEBAN GDNS RD,56,TEBAN GDNS RD,JURONG EAST
698B JURONG WEST CTRL 3,698B,JURONG WEST CTRL 3,JURONG WEST
698C JURONG WEST CTRL 3,698C,JURONG WEST CTRL 3,JURONG WEST
530D PASIR RIS DR 1,530D,PASIR RIS DR 1,PASIR RIS
722 PASIR RIS ST 72,722,PASIR RIS ST 72,PASIR RIS
503 PASIR RIS ST 52,503,PASIR RIS ST 52,PASIR RIS
121B EDGEDALE PLAINS,121B,EDGEDALE PLAINS,PUNGGOL
676A PUNGGOL DR,676A,PUNGGOL DR,PUNGGOL
678C PUNGGOL DR,678C,PUNGGOL DR,PUNGGOL
676C PUNGGOL DR,676C,PUNGGOL DR,PUNGGOL
50 STIRLING RD,50,STIRLING RD,QUEENSTOWN
293C COMPASSVALE CRES,293C,COMPASSVALE CRES,SENGKANG
216A COMPASSVALE DR,216A,COMPASSVALE DR,SENGKANG
520B TAMPINES CTRL 8,520B,TAMPINES CTRL 8,TAMPINES
889C WOODLANDS DR 50,889C,WOODLANDS DR 50,WOODLANDS
889A WOODLANDS DR 50,889A,WOODLANDS DR 50,WOODLANDS
126 MARSILING RISE,126,MARSILING RISE,WOODLANDS
133 MARSILING RISE,133,MARSILING RISE,WOODLANDS
664 BUFFALO RD,664,BUFFALO RD,CENTRAL AREA
807C CHOA CHU KANG AVE 1,807C,CHOA CHU KANG AVE 1,CHOA CHU KANG
254 CHOA CHU KANG AVE 2,254,CHOA CHU KANG AVE 2,CHOA CHU KANG
440A CLEMENTI AVE 3,440A,CLEMENTI AVE 3,CLEMENTI
507 JURONG WEST ST 52,507,JURONG WEST ST 52,JURONG WEST
697A JURONG WEST CTRL 3,697A,JURONG WEST CTRL 3,JURONG WEST
41 CAMBRIDGE RD,41,CAMBRIDGE RD,KALLANG/WHAMPOA
449 PASIR RIS DR 6,449,PASIR RIS DR 6,PASIR RIS
546 PASIR RIS ST 51,546,PASIR RIS ST 51,PASIR RIS
584 PASIR RIS ST 53,584,PASIR RIS ST 53,PASIR RIS
676D PUNGGOL DR,676D,PUNGGOL DR,PUNGGOL
676B PUNGGOL DR,676B,PUNGGOL DR,PUNGGOL
677B PUNGGOL DR,677B,PUNGGOL DR,PUNGGOL
316D PUNGGOL WAY,316D,PUNGGOL WAY,PUNGGOL
163C RIVERVALE CRES,163C,RIVERVALE CRES,SENGKANG
293B COMPASSVALE CRES,293B,COMPASSVALE CRES,SENGKANG
215B COMPASSVALE DR,215B,COMPASSVALE DR,SENGKANG
163B RIVERVALE CRES,163B,RIVERVALE CRES,SENGKANG
163A RIVERVALE CRES,163A,RIVERVALE CRES,SENGKANG
7 UPP ALJUNIED LANE,7,UPP ALJUNIED LANE,TOA PAYOH
302A WOODLANDS ST 31,302A,WOODLANDS ST 31,WOODLANDS
889B WOODLANDS DR 50,889B,WOODLANDS DR 50,WOODLANDS
305 SHUNFU RD,305,SHUNFU RD,BISHAN
96B HENDERSON RD,96B,HENDERSON RD,BUKIT MERAH
70A TELOK BLANGAH HTS,70A,TELOK BLANGAH HTS,BUKIT MERAH
803B KEAT HONG CL,803B,KEAT HONG CL,CHOA CHU KANG
804A KEAT HONG CL,804A,KEAT HONG CL,CHOA CHU KANG
808A CHOA CHU KANG AVE 1,808A,CHOA CHU KANG AVE 1,CHOA CHU KANG
815C CHOA CHU KANG AVE 7,815C,CHOA CHU KANG AVE 7,CHOA CHU KANG
63 SIMS PL,63,SIMS PL,GEYLANG
42A SIMS DR,42A,SIMS DR,GEYLANG
834 JURONG WEST ST 81,834,JURONG WEST ST 81,JURONG WEST
349 CORPORATION DR,349,CORPORATION DR,JURONG WEST
697B JURONG WEST CTRL 3,697B,JURONG WEST CTRL 3,JURONG WEST
15 MARINE TER,15,MARINE TER,MARINE PARADE
315A PUNGGOL WAY,315A,PUNGGOL WAY,PUNGGOL
122A EDGEDALE PLAINS,122A,EDGEDALE PLAINS,PUNGGOL
677D PUNGGOL DR,677D,PUNGGOL DR,PUNGGOL
216B COMPASSVALE DR,216B,COMPASSVALE DR,SENGKANG
9 JOO SENG RD,9,JOO SENG RD,TOA PAYOH
889D WOODLANDS DR 50,889D,WOODLANDS DR 50,WOODLANDS
339 ANG MO KIO AVE 1,339,ANG MO KIO AVE 1,ANG MO KIO
704 ANG MO KIO AVE 8,704,ANG MO KIO AVE 8,ANG MO KIO
21 LIM LIAK ST,21,LIM LIAK ST,BUKIT MERAH
95B HENDERSON RD,95B,HENDERSON RD,BUKIT MERAH
70B TELOK BLANGAH HTS,70B,TELOK BLANGAH HTS,BUKIT MERAH
428 BT PANJANG RING RD,428,BT PANJANG RING RD,BUKIT PANJANG
804B KEAT HONG CL,804B,KEAT HONG CL,CHOA CHU KANG
808C CHOA CHU KANG AVE 1,808C,CHOA CHU KANG AVE 1,CHOA CHU KANG
815B CHOA CHU KANG AVE 7,815B,CHOA CHU KANG AVE 7,CHOA CHU KANG
564 CHOA CHU KANG ST 52,564,CHOA CHU KANG ST 52,CHOA CHU KANG
808B CHOA CHU KANG AVE 1,808B,CHOA CHU KANG AVE 1,CHOA CHU KANG
102 CLEMENTI ST 14,102,CLEMENTI ST 14,CLEMENTI
332 UBI AVE 1,332,UBI AVE 1,GEYLANG
473B UPP SERANGOON CRES,473B,UPP SERANGOON CRES,HOUGANG
8C UPP BOON KENG RD,8C,UPP BOON KENG RD,KALLANG/WHAMPOA
162C RIVERVALE CRES,162C,RIVERVALE CRES,SENGKANG
162B RIVERVALE CRES,162B,RIVERVALE CRES,SENGKANG
162A RIVERVALE CRES,162A,RIVERVALE CRES,SENGKANG
217A COMPASSVALE DR,217A,COMPASSVALE DR,SENGKANG
474 TAMPINES ST 43,474,TAMPINES ST 43,TAMPINES
333 WOODLANDS ST 32,333,WOODLANDS ST 32,WOODLANDS
890A WOODLANDS DR 50,890A,WOODLANDS DR 50,WOODLANDS
780 YISHUN RING RD,780,YISHUN RING RD,YISHUN
107 LENGKONG TIGA,107,LENGKONG TIGA,BEDOK
147 BT BATOK WEST AVE 6,147,BT BATOK WEST AVE 6,BUKIT BATOK
525 BT BATOK ST 52,525,BT BATOK ST 52,BUKIT BATOK
95A HENDERSON RD,95A,HENDERSON RD,BUKIT MERAH
811A CHOA CHU KANG AVE 7,811A,CHOA CHU KANG AVE 7,CHOA CHU KANG
803C KEAT HONG CL,803C,KEAT HONG CL,CHOA CHU KANG
816A KEAT HONG LINK,816A,KEAT HONG LINK,CHOA CHU KANG
805B KEAT HONG CL,805B,KEAT HONG CL,CHOA CHU KANG
816B KEAT HONG LINK,816B,KEAT HONG LINK,CHOA CHU KANG
505 HOUGANG AVE 8,505,HOUGANG AVE 8,HOUGANG
473A UPP SERANGOON CRES,473A,UPP SERANGOON CRES,HOUGANG
473C UPP SERANGOON CRES,473C,UPP SERANGOON CRES,HOUGANG
116A JLN TENTERAM,116A,JLN TENTERAM,KALLANG/WHAMPOA
111 LOR 3 GEYLANG,111,LOR 3 GEYLANG,KALLANG/WHAMPOA
566 PASIR RIS ST 51,566,PASIR RIS ST 51,PASIR RIS
120B EDGEDALE PLAINS,120B,EDGEDALE PLAINS,PUNGGOL
217C SUMANG WALK,217C,SUMANG WALK,PUNGGOL
122B EDGEDALE PLAINS,122B,EDGEDALE PLAINS,PUNGGOL
661A EDGEDALE PLAINS,661A,EDGEDALE PLAINS,PUNGGOL
677C PUNGGOL DR,677C,PUNGGOL DR,PUNGGOL
315B PUNGGOL WAY,315B,PUNGGOL WAY,PUNGGOL
217A SUMANG WALK,217A,SUMANG WALK,PUNGGOL
217B SUMANG WALK,217B,SUMANG WALK,PUNGGOL
43 HOLLAND DR,43,HOLLAND DR,QUEENSTOWN
217C COMPASSVALE DR,217C,COMPASSVALE DR,SENGKANG
878B TAMPINES AVE 8,878B,TAMPINES AVE 8,TAMPINES
890B WOODLANDS DR 50,890B,WOODLANDS DR 50,WOODLANDS
717B WOODLANDS DR 70,717B,WOODLANDS DR 70,WOODLANDS
511A YISHUN ST 51,511A,YISHUN ST 51,YISHUN
211 BISHAN ST 23,211,BISHAN ST 23,BISHAN
404 SIN MING AVE,404,SIN MING AVE,BISHAN
70C TELOK BLANGAH HTS,70C,TELOK BLANGAH HTS,BUKIT MERAH
803D KEAT HONG CL,803D,KEAT HONG CL,CHOA CHU KANG
810A CHOA CHU KANG AVE 7,810A,CHOA CHU KANG AVE 7,CHOA CHU KANG
312C CLEMENTI AVE 4,312C,CLEMENTI AVE 4,CLEMENTI
337 UBI AVE 1,337,UBI AVE 1,GEYLANG
473D UPP SERANGOON CRES,473D,UPP SERANGOON CRES,HOUGANG
131 LOR AH SOO,131,LOR AH SOO,HOUGANG
120A EDGEDALE PLAINS,120A,EDGEDALE PLAINS,PUNGGOL
217D SUMANG WALK,217D,SUMANG WALK,PUNGGOL
314B PUNGGOL WAY,314B,PUNGGOL WAY,PUNGGOL
217B COMPASSVALE DR,217B,COMPASSVALE DR,SENGKANG
274A COMPASSVALE BOW,274A,COMPASSVALE BOW,SENGKANG
215A COMPASSVALE DR,215A,COMPASSVALE DR,SENGKANG
129 SIMEI ST 1,129,SIMEI ST 1,TAMPINES
819 YISHUN ST 81,819,YISHUN ST 81,YISHUN
506C YISHUN AVE 4,506C,YISHUN AVE 4,YISHUN
511B YISHUN ST 51,511B,YISHUN ST 51,YISHUN
155 BEDOK STH AVE 3,155,BEDOK STH AVE 3,BEDOK
817A KEAT HONG LINK,817A,KEAT HONG LINK,CHOA CHU KANG
805C KEAT HONG CL,805C,KEAT HONG CL,CHOA CHU KANG
135 TECK WHYE LANE,135,TECK WHYE LANE,CHOA CHU KANG
817B KEAT HONG LINK,817B,KEAT HONG LINK,CHOA CHU KANG
698A JURONG WEST CTRL 3,698A,JURONG WEST CTRL 3,JURONG WEST
116B JLN TENTERAM,116B,JLN TENTERAM,KALLANG/WHAMPOA
662A EDGEDALE PLAINS,662A,EDGEDALE PLAINS,PUNGGOL
662C EDGEDALE PLAINS,662C,EDGEDALE PLAINS,PUNGGOL
662B EDGEDALE PLAINS,662B,EDGEDALE PLAINS,PUNGGOL
314A PUNGGOL WAY,314A,PUNGGOL WAY,PUNGGOL
58 STIRLING RD,58,STIRLING RD,QUEENSTOWN
286C COMPASSVALE CRES,286C,COMPASSVALE CRES,SENGKANG
278B COMPASSVALE BOW,278B,COMPASSVALE BOW,SENGKANG
717A WOODLANDS DR 70,717A,WOODLANDS DR 70,WOODLANDS
555 ANG MO KIO AVE 10,555,ANG MO KIO AVE 10,ANG MO KIO
194B BT BATOK WEST AVE 6,194B,BT BATOK WEST AVE 6,BUKIT BATOK
194A BT BATOK WEST AVE 6,194A,BT BATOK WEST AVE 6,BUKIT BATOK
424 CHOA CHU KANG AVE 4,424,CHOA CHU KANG AVE 4,CHOA CHU KANG
810B CHOA CHU KANG AVE 7,810B,CHOA CHU KANG AVE 7,CHOA CHU KANG
812C CHOA CHU KANG AVE 7,812C,CHOA CHU KANG AVE 7,CHOA CHU KANG
805D KEAT HONG CL,805D,KEAT HONG CL,CHOA CHU KANG
802A KEAT HONG CL,802A,KEAT HONG CL,CHOA CHU KANG
801A KEAT HONG CL,801A,KEAT HONG CL,CHOA CHU KANG
443 CLEMENTI AVE 3,443,CLEMENTI AVE 3,CLEMENTI
313 HOUGANG AVE 5,313,HOUGANG AVE 5,HOUGANG
48 JLN BAHAGIA,48,JLN BAHAGIA,KALLANG/WHAMPOA
512 PASIR RIS ST 52,512,PASIR RIS ST 52,PASIR RIS
316A PUNGGOL WAY,316A,PUNGGOL WAY,PUNGGOL
661C EDGEDALE PLAINS,661C,EDGEDALE PLAINS,PUNGGOL
286A COMPASSVALE CRES,286A,COMPASSVALE CRES,SENGKANG
216C COMPASSVALE DR,216C,COMPASSVALE DR,SENGKANG
278A COMPASSVALE BOW,278A,COMPASSVALE BOW,SENGKANG
286B COMPASSVALE CRES,286B,COMPASSVALE CRES,SENGKANG
879B TAMPINES AVE 8,879B,TAMPINES AVE 8,TAMPINES
878A TAMPINES AVE 8,878A,TAMPINES AVE 8,TAMPINES
512A YISHUN ST 51,512A,YISHUN ST 51,YISHUN
506A YISHUN AVE 4,506A,YISHUN AVE 4,YISHUN
407 ANG MO KIO AVE 10,407,ANG MO KIO AVE 10,ANG MO KIO
205 BISHAN ST 23,205,BISHAN ST 23,BISHAN
801C KEAT HONG CL,801C,KEAT HONG CL,CHOA CHU KANG
801B KEAT HONG CL,801B,KEAT HONG CL,CHOA CHU KANG
818B CHOA CHU KANG AVE 1,818B,CHOA CHU KANG AVE 1,CHOA CHU KANG
812B CHOA CHU KANG AVE 7,812B,CHOA CHU KANG AVE 7,CHOA CHU KANG
119 ALJUNIED AVE 2,119,ALJUNIED AVE 2,GEYLANG
250 HOUGANG AVE 3,250,HOUGANG AVE 3,HOUGANG
932B HOUGANG AVE 9,932B,HOUGANG AVE 9,HOUGANG
506 JURONG WEST ST 52,506,JURONG WEST ST 52,JURONG WEST
966 JURONG WEST ST 93,966,JURONG WEST ST 93,JURONG WEST
117B JLN TENTERAM,117B,JLN TENTERAM,KALLANG/WHAMPOA
50 JLN BAHAGIA,50,JLN BAHAGIA,KALLANG/WHAMPOA
661B EDGEDALE PLAINS,661B,EDGEDALE PLAINS,PUNGGOL
57 STIRLING RD,57,STIRLING RD,QUEENSTOWN
216D COMPASSVALE DR,216D,COMPASSVALE DR,SENGKANG
122 SERANGOON NTH AVE 1,122,SERANGOON NTH AVE 1,SERANGOON
230H TAMPINES ST 21,230H,TAMPINES ST 21,TAMPINES
671A YISHUN AVE 4,671A,YISHUN AVE 4,YISHUN
511C YISHUN ST 51,511C,YISHUN ST 51,YISHUN
501A YISHUN ST 51,501A,YISHUN ST 51,YISHUN
818A CHOA CHU KANG AVE 1,818A,CHOA CHU KANG AVE 1,CHOA CHU KANG
812A CHOA CHU KANG AVE 7,812A,CHOA CHU KANG AVE 7,CHOA CHU KANG
818C CHOA CHU KANG AVE 1,818C,CHOA CHU KANG AVE 1,CHOA CHU KANG
811B CHOA CHU KANG AVE 7,811B,CHOA CHU KANG AVE 7,CHOA CHU KANG
801D KEAT HONG CL,801D,KEAT HONG CL,CHOA CHU KANG
817C KEAT HONG LINK,817C,KEAT HONG LINK,CHOA CHU KANG
325 CLEMENTI AVE 5,325,CLEMENTI AVE 5,CLEMENTI
312B CLEMENTI AVE 4,312B,CLEMENTI AVE 4,CLEMENTI
848 SIMS AVE,848,SIMS AVE,GEYLANG
691 HOUGANG ST 61,691,HOUGANG ST 61,HOUGANG
932A HOUGANG AVE 9,932A,HOUGANG AVE 9,HOUGANG
364B UPP SERANGOON RD,364B,UPP SERANGOON RD,HOUGANG
697C JURONG WEST CTRL 3,697C,JURONG WEST CTRL 3,JURONG WEST
10A BENDEMEER RD,10A,BENDEMEER RD,KALLANG/WHAMPOA
316B PUNGGOL WAY,316B,PUNGGOL WAY,PUNGGOL
662D EDGEDALE PLAINS,662D,EDGEDALE PLAINS,PUNGGOL
42 STIRLING RD,42,STIRLING RD,QUEENSTOWN
119A CANBERRA CRES,119A,CANBERRA CRES,SEMBAWANG
274C COMPASSVALE BOW,274C,COMPASSVALE BOW,SENGKANG
274B COMPASSVALE BOW,274B,COMPASSVALE BOW,SENGKANG
287C COMPASSVALE CRES,287C,COMPASSVALE CRES,SENGKANG
879A TAMPINES AVE 8,879A,TAMPINES AVE 8,TAMPINES
512B YISHUN ST 51,512B,YISHUN ST 51,YISHUN
251 YISHUN RING RD,251,YISHUN RING RD,YISHUN
507A YISHUN AVE 4,507A,YISHUN AVE 4,YISHUN
506B YISHUN AVE 4,506B,YISHUN AVE 4,YISHUN
453 ANG MO KIO AVE 10,453,ANG MO KIO AVE 10,ANG MO KIO
705 ANG MO KIO AVE 8,705,ANG MO KIO AVE 8,ANG MO KIO
405 FAJAR RD,405,FAJAR RD,BUKIT PANJANG
802B KEAT HONG CL,802B,KEAT HONG CL,CHOA CHU KANG
312A CLEMENTI AVE 4,312A,CLEMENTI AVE 4,CLEMENTI
52 CASSIA CRES,52,CASSIA CRES,GEYLANG
365A UPP SERANGOON RD,365A,UPP SERANGOON RD,HOUGANG
364A UPP SERANGOON RD,364A,UPP SERANGOON RD,HOUGANG
365B UPP SERANGOON RD,365B,UPP SERANGOON RD,HOUGANG
113C MCNAIR RD,113C,MCNAIR RD,KALLANG/WHAMPOA
545 PASIR RIS ST 51,545,PASIR RIS ST 51,PASIR RIS
410 PASIR RIS DR 6,410,PASIR RIS DR 6,PASIR RIS
119B CANBERRA CRES,119B,CANBERRA CRES,SEMBAWANG
288B COMPASSVALE CRES,288B,COMPASSVALE CRES,SENGKANG
287A COMPASSVALE CRES,287A,COMPASSVALE CRES,SENGKANG
288A COMPASSVALE CRES,288A,COMPASSVALE CRES,SENGKANG
119 SERANGOON NTH AVE 1,119,SERANGOON NTH AVE 1,SERANGOON
309 WOODLANDS AVE 1,309,WOODLANDS AVE 1,WOODLANDS
671B YISHUN AVE 4,671B,YISHUN AVE 4,YISHUN
529 ANG MO KIO AVE 10,529,ANG MO KIO AVE 10,ANG MO KIO
101 LENGKONG TIGA,101,LENGKONG TIGA,BEDOK
208A CLEMENTI AVE 6,208A,CLEMENTI AVE 6,CLEMENTI
315 HOUGANG AVE 5,315,HOUGANG AVE 5,HOUGANG
933A HOUGANG AVE 9,933A,HOUGANG AVE 9,HOUGANG
117A JLN TENTERAM,117A,JLN TENTERAM,KALLANG/WHAMPOA
113D MCNAIR RD,113D,MCNAIR RD,KALLANG/WHAMPOA
539 PASIR RIS ST 51,539,PASIR RIS ST 51,PASIR RIS
288C COMPASSVALE CRES,288C,COMPASSVALE CRES,SENGKANG
835 TAMPINES ST 83,835,TAMPINES ST 83,TAMPINES
821 TAMPINES ST 81,821,TAMPINES ST 81,TAMPINES
487C TAMPINES ST 45,487C,TAMPINES ST 45,TAMPINES
508A YISHUN AVE 4,508A,YISHUN AVE 4,YISHUN
501B YISHUN ST 51,501B,YISHUN ST 51,YISHUN
512C YISHUN ST 51,512C,YISHUN ST 51,YISHUN
802C KEAT HONG CL,802C,KEAT HONG CL,CHOA CHU KANG
208B CLEMENTI AVE 6,208B,CLEMENTI AVE 6,CLEMENTI
365C UPP SERANGOON RD,365C,UPP SERANGOON RD,HOUGANG
638 HOUGANG AVE 8,638,HOUGANG AVE 8,HOUGANG
113B MCNAIR RD,113B,MCNAIR RD,KALLANG/WHAMPOA
113A MCNAIR RD,113A,MCNAIR RD,KALLANG/WHAMPOA
133 PASIR RIS ST 11,133,PASIR RIS ST 11,PASIR RIS
227A SUMANG LANE,227A,SUMANG LANE,PUNGGOL
226A SUMANG LANE,226A,SUMANG LANE,PUNGGOL
121B CANBERRA ST,121B,CANBERRA ST,SEMBAWANG
121D CANBERRA ST,121D,CANBERRA ST,SEMBAWANG
289A COMPASSVALE CRES,289A,COMPASSVALE CRES,SENGKANG
289B COMPASSVALE CRES,289B,COMPASSVALE CRES,SENGKANG
278C COMPASSVALE BOW,278C,COMPASSVALE BOW,SENGKANG
287B COMPASSVALE CRES,287B,COMPASSVALE CRES,SENGKANG
496F TAMPINES AVE 9,496F,TAMPINES AVE 9,TAMPINES
502A YISHUN ST 51,502A,YISHUN ST 51,YISHUN
508B YISHUN AVE 4,508B,YISHUN AVE 4,YISHUN
260A ANG MO KIO ST 21,260A,ANG MO KIO ST 21,ANG MO KIO
234 BT BATOK EAST AVE 5,234,BT BATOK EAST AVE 5,BUKIT BATOK
124 BT MERAH LANE 1,124,BT MERAH LANE 1,BUKIT MERAH
105A DEPOT RD,105A,DEPOT RD,BUKIT MERAH
414 SAUJANA RD,414,SAUJANA RD,BUKIT PANJANG
365D UPP SERANGOON RD,365D,UPP SERANGOON RD,HOUGANG
218C BOON LAY AVE,218C,BOON LAY AVE,JURONG WEST
216A BOON LAY AVE,216A,BOON LAY AVE,JURONG WEST
10B BENDEMEER RD,10B,BENDEMEER RD,KALLANG/WHAMPOA
10C BENDEMEER RD,10C,BENDEMEER RD,KALLANG/WHAMPOA
120A CANBERRA CRES,120A,CANBERRA CRES,SEMBAWANG
672A YISHUN AVE 4,672A,YISHUN AVE 4,YISHUN
509C YISHUN AVE 4,509C,YISHUN AVE 4,YISHUN
502B YISHUN ST 51,502B,YISHUN ST 51,YISHUN
455C ANG MO KIO ST 44,455C,ANG MO KIO ST 44,ANG MO KIO
455A ANG MO KIO ST 44,455A,ANG MO KIO ST 44,ANG MO KIO
455B ANG MO KIO ST 44,455B,ANG MO KIO ST 44,ANG MO KIO
260B ANG MO KIO ST 21,260B,ANG MO KIO ST 21,ANG MO KIO
226F ANG MO KIO AVE 1,226F,ANG MO KIO AVE 1,ANG MO KIO
727 ANG MO KIO AVE 6,727,ANG MO KIO AVE 6,ANG MO KIO
591A ANG MO KIO ST 51,591A,ANG MO KIO ST 51,ANG MO KIO
590A ANG MO KIO ST 51,590A,ANG MO KIO ST 51,ANG MO KIO
590B ANG MO KIO ST 51,590B,ANG MO KIO ST 51,ANG MO KIO
132 BT BATOK WEST AVE 6,132,BT BATOK WEST AVE 6,BUKIT BATOK
296B BT BATOK ST 22,296B,BT BATOK ST 22,BUKIT BATOK
296C BT BATOK ST 22,296C,BT BATOK ST 22,BUKIT BATOK
296A BT BATOK ST 22,296A,BT BATOK ST 22,BUKIT BATOK
149 BT BATOK WEST AVE 6,149,BT BATOK WEST AVE 6,BUKIT BATOK
443D BT BATOK WEST AVE 8,443D,BT BATOK WEST AVE 8,BUKIT BATOK
445B BT BATOK WEST AVE 8,445B,BT BATOK WEST AVE 8,BUKIT BATOK
293D BT BATOK ST 21,293D,BT BATOK ST 21,BUKIT BATOK
450A BT BATOK WEST AVE 6,450A,BT BATOK WEST AVE 6,BUKIT BATOK
292A BT BATOK EAST AVE 6,292A,BT BATOK EAST AVE 6,BUKIT BATOK
449B BT BATOK WEST AVE 9,449B,BT BATOK WEST AVE 9,BUKIT BATOK
446A BT BATOK WEST AVE 8,446A,BT BATOK WEST AVE 8,BUKIT BATOK
448C BT BATOK WEST AVE 9,448C,BT BATOK WEST AVE 9,BUKIT BATOK
293C BT BATOK ST 21,293C,BT BATOK ST 21,BUKIT BATOK
440D BT BATOK WEST AVE 8,440D,BT BATOK WEST AVE 8,BUKIT BATOK
293A BT BATOK ST 21,293A,BT BATOK ST 21,BUKIT BATOK
443C BT BATOK WEST AVE 8,443C,BT BATOK WEST AVE 8,BUKIT BATOK
440C BT BATOK WEST AVE 8,440C,BT BATOK WEST AVE 8,BUKIT BATOK
292C BT BATOK EAST AVE 6,292C,BT BATOK EAST AVE 6,BUKIT BATOK
110A DEPOT RD,110A,DEPOT RD,BUKIT MERAH
7 JLN BT MERAH,7,JLN BT MERAH,BUKIT MERAH
165 BT MERAH CTRL,165,BT MERAH CTRL,BUKIT MERAH
91A TELOK BLANGAH ST 31,91A,TELOK BLANGAH ST 31,BUKIT MERAH
93A TELOK BLANGAH ST 31,93A,TELOK BLANGAH ST 31,BUKIT MERAH
92A TELOK BLANGAH ST 31,92A,TELOK BLANGAH ST 31,BUKIT MERAH
90B TELOK BLANGAH ST 31,90B,TELOK BLANGAH ST 31,BUKIT MERAH
215 PETIR RD,215,PETIR RD,BUKIT PANJANG
224 PENDING RD,224,PENDING RD,BUKIT PANJANG
424 FAJAR RD,424,FAJAR RD,BUKIT PANJANG
231 PENDING RD,231,PENDING RD,BUKIT PANJANG
231 CHOA CHU KANG CTRL,231,CHOA CHU KANG CTRL,CHOA CHU KANG
308 CHOA CHU KANG AVE 4,308,CHOA CHU KANG AVE 4,CHOA CHU KANG
410 EUNOS RD 5,410,EUNOS RD 5,GEYLANG
129 GEYLANG EAST AVE 2,129,GEYLANG EAST AVE 2,GEYLANG
525 HOUGANG AVE 6,525,HOUGANG AVE 6,HOUGANG
811 HOUGANG CTRL,811,HOUGANG CTRL,HOUGANG
335 JURONG EAST AVE 1,335,JURONG EAST AVE 1,JURONG EAST
49 TEBAN GDNS RD,49,TEBAN GDNS RD,JURONG EAST
345 JURONG EAST ST 31,345,JURONG EAST ST 31,JURONG EAST
326 JURONG EAST ST 31,326,JURONG EAST ST 31,JURONG EAST
218B BOON LAY AVE,218B,BOON LAY AVE,JURONG WEST
217B BOON LAY AVE,217B,BOON LAY AVE,JURONG WEST
561A JURONG WEST ST 42,561A,JURONG WEST ST 42,JURONG WEST
218D BOON LAY AVE,218D,BOON LAY AVE,JURONG WEST
561B JURONG WEST ST 42,561B,JURONG WEST ST 42,JURONG WEST
217A BOON LAY AVE,217A,BOON LAY AVE,JURONG WEST
560A JURONG WEST ST 42,560A,JURONG WEST ST 42,JURONG WEST
216B BOON LAY AVE,216B,BOON LAY AVE,JURONG WEST
218A BOON LAY AVE,218A,BOON LAY AVE,JURONG WEST
164A YUNG KUANG RD,164A,YUNG KUANG RD,JURONG WEST
165B YUNG KUANG RD,165B,YUNG KUANG RD,JURONG WEST
165A YUNG KUANG RD,165A,YUNG KUANG RD,JURONG WEST
166B YUNG KUANG RD,166B,YUNG KUANG RD,JURONG WEST
930 JURONG WEST ST 92,930,JURONG WEST ST 92,JURONG WEST
166A YUNG KUANG RD,166A,YUNG KUANG RD,JURONG WEST
49 JLN BAHAGIA,49,JLN BAHAGIA,KALLANG/WHAMPOA
78 LOR LIMAU,78,LOR LIMAU,KALLANG/WHAMPOA
57 JLN MA'MOR,57,JLN MA'MOR,KALLANG/WHAMPOA
81 MARINE PARADE CTRL,81,MARINE PARADE CTRL,MARINE PARADE
226B SUMANG LANE,226B,SUMANG LANE,PUNGGOL
222A SUMANG LANE,222A,SUMANG LANE,PUNGGOL
227B SUMANG LANE,227B,SUMANG LANE,PUNGGOL
682A EDGEDALE PLAINS,682A,EDGEDALE PLAINS,PUNGGOL
226C SUMANG LANE,226C,SUMANG LANE,PUNGGOL
683C EDGEDALE PLAINS,683C,EDGEDALE PLAINS,PUNGGOL
682B EDGEDALE PLAINS,682B,EDGEDALE PLAINS,PUNGGOL
224B SUMANG LANE,224B,SUMANG LANE,PUNGGOL
682C EDGEDALE PLAINS,682C,EDGEDALE PLAINS,PUNGGOL
684C EDGEDALE PLAINS,684C,EDGEDALE PLAINS,PUNGGOL
683A EDGEDALE PLAINS,683A,EDGEDALE PLAINS,PUNGGOL
224C SUMANG LANE,224C,SUMANG LANE,PUNGGOL
224A SUMANG LANE,224A,SUMANG LANE,PUNGGOL
327A SUMANG WALK,327A,SUMANG WALK,PUNGGOL
683B EDGEDALE PLAINS,683B,EDGEDALE PLAINS,PUNGGOL
231B SUMANG LANE,231B,SUMANG LANE,PUNGGOL
234A SUMANG LANE,234A,SUMANG LANE,PUNGGOL
221A SUMANG LANE,221A,SUMANG LANE,PUNGGOL
231A SUMANG LANE,231A,SUMANG LANE,PUNGGOL
684D EDGEDALE PLAINS,684D,EDGEDALE PLAINS,PUNGGOL
684B EDGEDALE PLAINS,684B,EDGEDALE PLAINS,PUNGGOL
327B SUMANG WALK,327B,SUMANG WALK,PUNGGOL
659B PUNGGOL EAST,659B,PUNGGOL EAST,PUNGGOL
684A EDGEDALE PLAINS,684A,EDGEDALE PLAINS,PUNGGOL
659A PUNGGOL EAST,659A,PUNGGOL EAST,PUNGGOL
327C SUMANG WALK,327C,SUMANG WALK,PUNGGOL
220B SUMANG LANE,220B,SUMANG LANE,PUNGGOL
233B SUMANG LANE,233B,SUMANG LANE,PUNGGOL
220A SUMANG LANE,220A,SUMANG LANE,PUNGGOL
234B SUMANG LANE,234B,SUMANG LANE,PUNGGOL
232A SUMANG LANE,232A,SUMANG LANE,PUNGGOL
32 GHIM MOH LINK,32,GHIM MOH LINK,QUEENSTOWN
33 GHIM MOH LINK,33,GHIM MOH LINK,QUEENSTOWN
29 GHIM MOH LINK,29,GHIM MOH LINK,QUEENSTOWN
30 GHIM MOH LINK,30,GHIM MOH LINK,QUEENSTOWN
31 GHIM MOH LINK,31,GHIM MOH LINK,QUEENSTOWN
121C CANBERRA ST,121C,CANBERRA ST,SEMBAWANG
121A CANBERRA ST,121A,CANBERRA ST,SEMBAWANG
120D CANBERRA CRES,120D,CANBERRA CRES,SEMBAWANG
120C CANBERRA CRES,120C,CANBERRA CRES,SEMBAWANG
130B CANBERRA CRES,130B,CANBERRA CRES,SEMBAWANG
130A CANBERRA CRES,130A,CANBERRA CRES,SEMBAWANG
129A CANBERRA ST,129A,CANBERRA ST,SEMBAWANG
128A CANBERRA ST,128A,CANBERRA ST,SEMBAWANG
107B CANBERRA ST,107B,CANBERRA ST,SEMBAWANG
129C CANBERRA ST,129C,CANBERRA ST,SEMBAWANG
115B CANBERRA WALK,115B,CANBERRA WALK,SEMBAWANG
104D CANBERRA ST,104D,CANBERRA ST,SEMBAWANG
129B CANBERRA ST,129B,CANBERRA ST,SEMBAWANG
107A CANBERRA ST,107A,CANBERRA ST,SEMBAWANG
104B CANBERRA ST,104B,CANBERRA ST,SEMBAWANG
108B CANBERRA WALK,108B,CANBERRA WALK,SEMBAWANG
128C CANBERRA ST,128C,CANBERRA ST,SEMBAWANG
128B CANBERRA ST,128B,CANBERRA ST,SEMBAWANG
115A CANBERRA WALK,115A,CANBERRA WALK,SEMBAWANG
108C CANBERRA WALK,108C,CANBERRA WALK,SEMBAWANG
120B CANBERRA CRES,120B,CANBERRA CRES,SEMBAWANG
104A CANBERRA ST,104A,CANBERRA ST,SEMBAWANG
108A CANBERRA WALK,108A,CANBERRA WALK,SEMBAWANG
107C CANBERRA ST,107C,CANBERRA ST,SEMBAWANG
104C CANBERRA ST,104C,CANBERRA ST,SEMBAWANG
115D CANBERRA WALK,115D,CANBERRA WALK,SEMBAWANG
115C CANBERRA WALK,115C,CANBERRA WALK,SEMBAWANG
418A FERNVALE LINK,418A,FERNVALE LINK,SENGKANG
338A ANCHORVALE CRES,338A,ANCHORVALE CRES,SENGKANG
338B ANCHORVALE CRES,338B,ANCHORVALE CRES,SENGKANG
338C ANCHORVALE CRES,338C,ANCHORVALE CRES,SENGKANG
338D ANCHORVALE CRES,338D,ANCHORVALE CRES,SENGKANG
418B FERNVALE LINK,418B,FERNVALE LINK,SENGKANG
418C FERNVALE LINK,418C,FERNVALE LINK,SENGKANG
417A FERNVALE LINK,417A,FERNVALE LINK,SENGKANG
844 TAMPINES ST 82,844,TAMPINES ST 82,TAMPINES
502 TAMPINES CTRL 1,502,TAMPINES CTRL 1,TAMPINES
110 SIMEI ST 1,110,SIMEI ST 1,TAMPINES
492G TAMPINES ST 45,492G,TAMPINES ST 45,TAMPINES
125 POTONG PASIR AVE 1,125,POTONG PASIR AVE 1,TOA PAYOH
116 POTONG PASIR AVE 1,116,POTONG PASIR AVE 1,TOA PAYOH
130A LOR 1 TOA PAYOH,130A,LOR 1 TOA PAYOH,TOA PAYOH
130B LOR 1 TOA PAYOH,130B,LOR 1 TOA PAYOH,TOA PAYOH
131A LOR 1 TOA PAYOH,131A,LOR 1 TOA PAYOH,TOA PAYOH
131B LOR 1 TOA PAYOH,131B,LOR 1 TOA PAYOH,TOA PAYOH
574B WOODLANDS DR 16,574B,WOODLANDS DR 16,WOODLANDS
785B WOODLANDS RISE,785B,WOODLANDS RISE,WOODLANDS
116 MARSILING RISE,116,MARSILING RISE,WOODLANDS
785C WOODLANDS RISE,785C,WOODLANDS RISE,WOODLANDS
784C WOODLANDS RISE,784C,WOODLANDS RISE,WOODLANDS
785D WOODLANDS RISE,785D,WOODLANDS RISE,WOODLANDS
691B WOODLANDS DR 73,691B,WOODLANDS DR 73,WOODLANDS
784A WOODLANDS RISE,784A,WOODLANDS RISE,WOODLANDS
574A WOODLANDS DR 16,574A,WOODLANDS DR 16,WOODLANDS
573A WOODLANDS DR 16,573A,WOODLANDS DR 16,WOODLANDS
784B WOODLANDS RISE,784B,WOODLANDS RISE,WOODLANDS
693A WOODLANDS AVE 6,693A,WOODLANDS AVE 6,WOODLANDS
691A WOODLANDS DR 73,691A,WOODLANDS DR 73,WOODLANDS
783A WOODLANDS RISE,783A,WOODLANDS RISE,WOODLANDS
573C WOODLANDS DR 16,573C,WOODLANDS DR 16,WOODLANDS
691D WOODLANDS DR 73,691D,WOODLANDS DR 73,WOODLANDS
573B WOODLANDS DR 16,573B,WOODLANDS DR 16,WOODLANDS
691C WOODLANDS DR 73,691C,WOODLANDS DR 73,WOODLANDS
783C WOODLANDS RISE,783C,WOODLANDS RISE,WOODLANDS
783D WOODLANDS RISE,783D,WOODLANDS RISE,WOODLANDS
783B WOODLANDS RISE,783B,WOODLANDS RISE,WOODLANDS
694A WOODLANDS DR 62,694A,WOODLANDS DR 62,WOODLANDS
693B WOODLANDS AVE 6,693B,WOODLANDS AVE 6,WOODLANDS
694D WOODLANDS DR 62,694D,WOODLANDS DR 62,WOODLANDS
694B WOODLANDS DR 62,694B,WOODLANDS DR 62,WOODLANDS
694C WOODLANDS DR 62,694C,WOODLANDS DR 62,WOODLANDS
693C WOODLANDS AVE 6,693C,WOODLANDS AVE 6,WOODLANDS
285 YISHUN AVE 6,285,YISHUN AVE 6,YISHUN
672B YISHUN AVE 4,672B,YISHUN AVE 4,YISHUN
143 YISHUN RING RD,143,YISHUN RING RD,YISHUN
813A YISHUN RING RD,813A,YISHUN RING RD,YISHUN
502D YISHUN ST 51,502D,YISHUN ST 51,YISHUN
502C YISHUN ST 51,502C,YISHUN ST 51,YISHUN
822 YISHUN ST 81,822,YISHUN ST 81,YISHUN
813B YISHUN RING RD,813B,YISHUN RING RD,YISHUN
509B YISHUN AVE 4,509B,YISHUN AVE 4,YISHUN
513A YISHUN ST 51,513A,YISHUN ST 51,YISHUN
672C YISHUN AVE 4,672C,YISHUN AVE 4,YISHUN
509A YISHUN AVE 4,509A,YISHUN AVE 4,YISHUN
673A YISHUN AVE 4,673A,YISHUN AVE 4,YISHUN
513D YISHUN ST 51,513D,YISHUN ST 51,YISHUN
513B YISHUN ST 51,513B,YISHUN ST 51,YISHUN
513C YISHUN ST 51,513C,YISHUN ST 51,YISHUN
675D YISHUN AVE 4,675D,YISHUN AVE 4,YISHUN
675C YISHUN AVE 4,675C,YISHUN AVE 4,YISHUN
677B YISHUN RING RD,677B,YISHUN RING RD,YISHUN
677C YISHUN RING RD,677C,YISHUN RING RD,YISHUN
675B YISHUN AVE 4,675B,YISHUN AVE 4,YISHUN
674A YISHUN AVE 4,674A,YISHUN AVE 4,YISHUN
676C YISHUN RING RD,676C,YISHUN RING RD,YISHUN
677A YISHUN RING RD,677A,YISHUN RING RD,YISHUN
673B YISHUN AVE 4,673B,YISHUN AVE 4,YISHUN
676B YISHUN RING RD,676B,YISHUN RING RD,YISHUN
188A BEDOK NTH ST 4,188A,BEDOK NTH ST 4,BEDOK
186B BEDOK NTH ST 4,186B,BEDOK NTH ST 4,BEDOK
187A BEDOK NTH ST 4,187A,BEDOK NTH ST 4,BEDOK
186A BEDOK NTH ST 4,186A,BEDOK NTH ST 4,BEDOK
187B BEDOK NTH ST 4,187B,BEDOK NTH ST 4,BEDOK
188B BEDOK NTH ST 4,188B,BEDOK NTH ST 4,BEDOK
445A BT BATOK WEST AVE 8,445A,BT BATOK WEST AVE 8,BUKIT BATOK
443B BT BATOK WEST AVE 8,443B,BT BATOK WEST AVE 8,BUKIT BATOK
449A BT BATOK WEST AVE 9,449A,BT BATOK WEST AVE 9,BUKIT BATOK
292B BT BATOK EAST AVE 6,292B,BT BATOK EAST AVE 6,BUKIT BATOK
293B BT BATOK ST 21,293B,BT BATOK ST 21,BUKIT BATOK
357 BT BATOK ST 31,357,BT BATOK ST 31,BUKIT BATOK
448A BT BATOK WEST AVE 9,448A,BT BATOK WEST AVE 9,BUKIT BATOK
440A BT BATOK WEST AVE 8,440A,BT BATOK WEST AVE 8,BUKIT BATOK
448B BT BATOK WEST AVE 9,448B,BT BATOK WEST AVE 9,BUKIT BATOK
440B BT BATOK WEST AVE 8,440B,BT BATOK WEST AVE 8,BUKIT BATOK
442A BT BATOK WEST AVE 8,442A,BT BATOK WEST AVE 8,BUKIT BATOK
377 BT BATOK ST 31,377,BT BATOK ST 31,BUKIT BATOK
451B BT BATOK WEST AVE 6,451B,BT BATOK WEST AVE 6,BUKIT BATOK
441C BT BATOK WEST AVE 8,441C,BT BATOK WEST AVE 8,BUKIT BATOK
450B BT BATOK WEST AVE 6,450B,BT BATOK WEST AVE 6,BUKIT BATOK
441B BT BATOK WEST AVE 8,441B,BT BATOK WEST AVE 8,BUKIT BATOK
442C BT BATOK WEST AVE 8,442C,BT BATOK WEST AVE 8,BUKIT BATOK
443A BT BATOK WEST AVE 8,443A,BT BATOK WEST AVE 8,BUKIT BATOK
442B BT BATOK WEST AVE 8,442B,BT BATOK WEST AVE 8,BUKIT BATOK
450D BT BATOK WEST AVE 6,450D,BT BATOK WEST AVE 6,BUKIT BATOK
453A BT BATOK WEST AVE 6,453A,BT BATOK WEST AVE 6,BUKIT BATOK
450C BT BATOK WEST AVE 6,450C,BT BATOK WEST AVE 6,BUKIT BATOK
452A BT BATOK WEST AVE 6,452A,BT BATOK WEST AVE 6,BUKIT BATOK
453B BT BATOK WEST AVE 6,453B,BT BATOK WEST AVE 6,BUKIT BATOK
451A BT BATOK WEST AVE 6,451A,BT BATOK WEST AVE 6,BUKIT BATOK
320 BT BATOK ST 33,320,BT BATOK ST 33,BUKIT BATOK
441A BT BATOK WEST AVE 8,441A,BT BATOK WEST AVE 8,BUKIT BATOK
461A BT BATOK WEST AVE 8,461A,BT BATOK WEST AVE 8,BUKIT BATOK
461D BT BATOK WEST AVE 8,461D,BT BATOK WEST AVE 8,BUKIT BATOK
435C BT BATOK WEST AVE 5,435C,BT BATOK WEST AVE 5,BUKIT BATOK
461B BT BATOK WEST AVE 8,461B,BT BATOK WEST AVE 8,BUKIT BATOK
461C BT BATOK WEST AVE 8,461C,BT BATOK WEST AVE 8,BUKIT BATOK
436A BT BATOK WEST AVE 5,436A,BT BATOK WEST AVE 5,BUKIT BATOK
435B BT BATOK WEST AVE 5,435B,BT BATOK WEST AVE 5,BUKIT BATOK
181 BT BATOK WEST AVE 8,181,BT BATOK WEST AVE 8,BUKIT BATOK
23 LIM LIAK ST,23,LIM LIAK ST,BUKIT MERAH
90A TELOK BLANGAH ST 31,90A,TELOK BLANGAH ST 31,BUKIT MERAH
93B TELOK BLANGAH ST 31,93B,TELOK BLANGAH ST 31,BUKIT MERAH
92B TELOK BLANGAH ST 31,92B,TELOK BLANGAH ST 31,BUKIT MERAH
269C QUEEN ST,269C,QUEEN ST,CENTRAL AREA
209 CHOA CHU KANG CTRL,209,CHOA CHU KANG CTRL,CHOA CHU KANG
305 CHOA CHU KANG AVE 4,305,CHOA CHU KANG AVE 4,CHOA CHU KANG
201 HOUGANG ST 21,201,HOUGANG ST 21,HOUGANG
997C BUANGKOK CRES,997C,BUANGKOK CRES,HOUGANG
997A BUANGKOK CRES,997A,BUANGKOK CRES,HOUGANG
997B BUANGKOK CRES,997B,BUANGKOK CRES,HOUGANG
992B BUANGKOK LINK,992B,BUANGKOK LINK,HOUGANG
998B BUANGKOK CRES,998B,BUANGKOK CRES,HOUGANG
992A BUANGKOK LINK,992A,BUANGKOK LINK,HOUGANG
991A BUANGKOK LINK,991A,BUANGKOK LINK,HOUGANG
991B BUANGKOK LINK,991B,BUANGKOK LINK,HOUGANG
996A BUANGKOK CRES,996A,BUANGKOK CRES,HOUGANG
996B BUANGKOK CRES,996B,BUANGKOK CRES,HOUGANG
998A BUANGKOK CRES,998A,BUANGKOK CRES,HOUGANG
995A BUANGKOK CRES,995A,BUANGKOK CRES,HOUGANG
996C BUANGKOK CRES,996C,BUANGKOK CRES,HOUGANG
995C BUANGKOK CRES,995C,BUANGKOK CRES,HOUGANG
995B BUANGKOK CRES,995B,BUANGKOK CRES,HOUGANG
999B BUANGKOK CRES,999B,BUANGKOK CRES,HOUGANG
140B CORPORATION DR,140B,CORPORATION DR,JURONG WEST
140A CORPORATION DR,140A,CORPORATION DR,JURONG WEST
150A CORPORATION DR,150A,CORPORATION DR,JURONG WEST
140D CORPORATION DR,140D,CORPORATION DR,JURONG WEST
140C CORPORATION DR,140C,CORPORATION DR,JURONG WEST
233A SUMANG LANE,233A,SUMANG LANE,PUNGGOL
232C SUMANG LANE,232C,SUMANG LANE,PUNGGOL
220C SUMANG LANE,220C,SUMANG LANE,PUNGGOL
658A PUNGGOL EAST,658A,PUNGGOL EAST,PUNGGOL
659C PUNGGOL EAST,659C,PUNGGOL EAST,PUNGGOL
221B SUMANG LANE,221B,SUMANG LANE,PUNGGOL
233C SUMANG LANE,233C,SUMANG LANE,PUNGGOL
658C PUNGGOL EAST,658C,PUNGGOL EAST,PUNGGOL
232B SUMANG LANE,232B,SUMANG LANE,PUNGGOL
326C SUMANG WALK,326C,SUMANG WALK,PUNGGOL
322C SUMANG WALK,322C,SUMANG WALK,PUNGGOL
658B PUNGGOL EAST,658B,PUNGGOL EAST,PUNGGOL
322B SUMANG WALK,322B,SUMANG WALK,PUNGGOL
322A SUMANG WALK,322A,SUMANG WALK,PUNGGOL
322D SUMANG WALK,322D,SUMANG WALK,PUNGGOL
325A SUMANG WALK,325A,SUMANG WALK,PUNGGOL
323D SUMANG WALK,323D,SUMANG WALK,PUNGGOL
323B SUMANG WALK,323B,SUMANG WALK,PUNGGOL
325B SUMANG WALK,325B,SUMANG WALK,PUNGGOL
323C SUMANG WALK,323C,SUMANG WALK,PUNGGOL
52 STIRLING RD,52,STIRLING RD,QUEENSTOWN
53 STRATHMORE AVE,53,STRATHMORE AVE,QUEENSTOWN
363A SEMBAWANG CRES,363A,SEMBAWANG CRES,SEMBAWANG
365A SEMBAWANG CRES,365A,SEMBAWANG CRES,SEMBAWANG
365B SEMBAWANG CRES,365B,SEMBAWANG CRES,SEMBAWANG
362C SEMBAWANG CRES,362C,SEMBAWANG CRES,SEMBAWANG
363B SEMBAWANG CRES,363B,SEMBAWANG CRES,SEMBAWANG
366A SEMBAWANG CRES,366A,SEMBAWANG CRES,SEMBAWANG
365C SEMBAWANG CRES,365C,SEMBAWANG CRES,SEMBAWANG
362B SEMBAWANG CRES,362B,SEMBAWANG CRES,SEMBAWANG
362A SEMBAWANG CRES,362A,SEMBAWANG CRES,SEMBAWANG
366B SEMBAWANG CRES,366B,SEMBAWANG CRES,SEMBAWANG
351D ANCHORVALE RD,351D,ANCHORVALE RD,SENGKANG
351B ANCHORVALE RD,351B,ANCHORVALE RD,SENGKANG
351A ANCHORVALE RD,351A,ANCHORVALE RD,SENGKANG
351C ANCHORVALE RD,351C,ANCHORVALE RD,SENGKANG
304 SERANGOON AVE 2,304,SERANGOON AVE 2,SERANGOON
494G TAMPINES ST 45,494G,TAMPINES ST 45,TAMPINES
494H TAMPINES ST 45,494H,TAMPINES ST 45,TAMPINES
494J TAMPINES ST 45,494J,TAMPINES ST 45,TAMPINES
483 TAMPINES ST 43,483,TAMPINES ST 43,TAMPINES
606B TAMPINES ST 61,606B,TAMPINES ST 61,TAMPINES
605B TAMPINES ST 61,605B,TAMPINES ST 61,TAMPINES
860B TAMPINES AVE 5,860B,TAMPINES AVE 5,TAMPINES
605A TAMPINES ST 61,605A,TAMPINES ST 61,TAMPINES
605C TAMPINES ST 61,605C,TAMPINES ST 61,TAMPINES
262 TOA PAYOH EAST,262,TOA PAYOH EAST,TOA PAYOH
261 TOA PAYOH EAST,261,TOA PAYOH EAST,TOA PAYOH
263 TOA PAYOH EAST,263,TOA PAYOH EAST,TOA PAYOH
264 TOA PAYOH EAST,264,TOA PAYOH EAST,TOA PAYOH
185C WOODLANDS ST 13,185C,WOODLANDS ST 13,WOODLANDS
185B WOODLANDS ST 13,185B,WOODLANDS ST 13,WOODLANDS
182A WOODLANDS ST 13,182A,WOODLANDS ST 13,WOODLANDS
183B WOODLANDS ST 13,183B,WOODLANDS ST 13,WOODLANDS
183A WOODLANDS ST 13,183A,WOODLANDS ST 13,WOODLANDS
183C WOODLANDS ST 13,183C,WOODLANDS ST 13,WOODLANDS
182B WOODLANDS ST 13,182B,WOODLANDS ST 13,WOODLANDS
184A WOODLANDS ST 13,184A,WOODLANDS ST 13,WOODLANDS
673C YISHUN AVE 4,673C,YISHUN AVE 4,YISHUN
675A YISHUN AVE 4,675A,YISHUN AVE 4,YISHUN
674B YISHUN AVE 4,674B,YISHUN AVE 4,YISHUN
676A YISHUN RING RD,676A,YISHUN RING RD,YISHUN
769 YISHUN AVE 3,769,YISHUN AVE 3,YISHUN
462A YISHUN AVE 6,462A,YISHUN AVE 6,YISHUN
462C YISHUN AVE 6,462C,YISHUN AVE 6,YISHUN
462B YISHUN AVE 6,462B,YISHUN AVE 6,YISHUN
468A YISHUN ST 43,468A,YISHUN ST 43,YISHUN
469A YISHUN ST 43,469A,YISHUN ST 43,YISHUN
462D YISHUN AVE 6,462D,YISHUN AVE 6,YISHUN
469B YISHUN ST 43,469B,YISHUN ST 43,YISHUN
548 ANG MO KIO AVE 10,548,ANG MO KIO AVE 10,ANG MO KIO
188C BEDOK NTH ST 4,188C,BEDOK NTH ST 4,BEDOK
113 LENGKONG TIGA,113,LENGKONG TIGA,BEDOK
188D BEDOK NTH ST 4,188D,BEDOK NTH ST 4,BEDOK
25 NEW UPP CHANGI RD,25,NEW UPP CHANGI RD,BEDOK
460A BT BATOK WEST AVE 9,460A,BT BATOK WEST AVE 9,BUKIT BATOK
437A BT BATOK WEST AVE 5,437A,BT BATOK WEST AVE 5,BUKIT BATOK
439C BT BATOK WEST AVE 8,439C,BT BATOK WEST AVE 8,BUKIT BATOK
438B BT BATOK WEST AVE 8,438B,BT BATOK WEST AVE 8,BUKIT BATOK
438A BT BATOK WEST AVE 8,438A,BT BATOK WEST AVE 8,BUKIT BATOK
438C BT BATOK WEST AVE 8,438C,BT BATOK WEST AVE 8,BUKIT BATOK
439B BT BATOK WEST AVE 8,439B,BT BATOK WEST AVE 8,BUKIT BATOK
439A BT BATOK WEST AVE 8,439A,BT BATOK WEST AVE 8,BUKIT BATOK
460B BT BATOK WEST AVE 9,460B,BT BATOK WEST AVE 9,BUKIT BATOK
460C BT BATOK WEST AVE 9,460C,BT BATOK WEST AVE 9,BUKIT BATOK
460D BT BATOK WEST AVE 9,460D,BT BATOK WEST AVE 9,BUKIT BATOK
201 CHOA CHU KANG AVE 1,201,CHOA CHU KANG AVE 1,CHOA CHU KANG
82B CIRCUIT RD,82B,CIRCUIT RD,GEYLANG
83B CIRCUIT RD,83B,CIRCUIT RD,GEYLANG
83A CIRCUIT RD,83A,CIRCUIT RD,GEYLANG
82A CIRCUIT RD,82A,CIRCUIT RD,GEYLANG
356 HOUGANG AVE 7,356,HOUGANG AVE 7,HOUGANG
351 JURONG EAST ST 31,351,JURONG EAST ST 31,JURONG EAST
240A JURONG EAST AVE 1,240A,JURONG EAST AVE 1,JURONG EAST
802 FRENCH RD,802,FRENCH RD,KALLANG/WHAMPOA
26A ST. GEORGE'S LANE,26A,ST. GEORGE'S LANE,KALLANG/WHAMPOA
25A ST. GEORGE'S LANE,25A,ST. GEORGE'S LANE,KALLANG/WHAMPOA
26B ST. GEORGE'S LANE,26B,ST. GEORGE'S LANE,KALLANG/WHAMPOA
60 JLN BAHAGIA,60,JLN BAHAGIA,KALLANG/WHAMPOA
323A SUMANG WALK,323A,SUMANG WALK,PUNGGOL
79 DAWSON RD,79,DAWSON RD,QUEENSTOWN
116A CANBERRA CRES,116A,CANBERRA CRES,SEMBAWANG
117A CANBERRA CRES,117A,CANBERRA CRES,SEMBAWANG
118B CANBERRA CRES,118B,CANBERRA CRES,SEMBAWANG
118A CANBERRA CRES,118A,CANBERRA CRES,SEMBAWANG
117B CANBERRA CRES,117B,CANBERRA CRES,SEMBAWANG
132B CANBERRA VIEW,132B,CANBERRA VIEW,SEMBAWANG
131C CANBERRA CRES,131C,CANBERRA CRES,SEMBAWANG
131B CANBERRA CRES,131B,CANBERRA CRES,SEMBAWANG
131A CANBERRA CRES,131A,CANBERRA CRES,SEMBAWANG
101A CANBERRA ST,101A,CANBERRA ST,SEMBAWANG
132A CANBERRA CRES,132A,CANBERRA CRES,SEMBAWANG
132C CANBERRA VIEW,132C,CANBERRA VIEW,SEMBAWANG
101B CANBERRA ST,101B,CANBERRA ST,SEMBAWANG
126C CANBERRA ST,126C,CANBERRA ST,SEMBAWANG
102A CANBERRA ST,102A,CANBERRA ST,SEMBAWANG
455A SENGKANG WEST AVE,455A,SENGKANG WEST AVE,SENGKANG
457B SENGKANG WEST RD,457B,SENGKANG WEST RD,SENGKANG
455B SENGKANG WEST AVE,455B,SENGKANG WEST AVE,SENGKANG
458B SENGKANG WEST RD,458B,SENGKANG WEST RD,SENGKANG
353A ANCHORVALE LANE,353A,ANCHORVALE LANE,SENGKANG
458A SENGKANG WEST RD,458A,SENGKANG WEST RD,SENGKANG
458C SENGKANG WEST RD,458C,SENGKANG WEST RD,SENGKANG
456A SENGKANG WEST RD,456A,SENGKANG WEST RD,SENGKANG
456B SENGKANG WEST RD,456B,SENGKANG WEST RD,SENGKANG
353B ANCHORVALE LANE,353B,ANCHORVALE LANE,SENGKANG
606A TAMPINES ST 61,606A,TAMPINES ST 61,TAMPINES
606D TAMPINES ST 61,606D,TAMPINES ST 61,TAMPINES
605D TAMPINES ST 61,605D,TAMPINES ST 61,TAMPINES
606C TAMPINES ST 61,606C,TAMPINES ST 61,TAMPINES
601A TAMPINES AVE 9,601A,TAMPINES AVE 9,TAMPINES
604B TAMPINES AVE 9,604B,TAMPINES AVE 9,TAMPINES
601D TAMPINES AVE 9,601D,TAMPINES AVE 9,TAMPINES
604A TAMPINES AVE 9,604A,TAMPINES AVE 9,TAMPINES
601B TAMPINES AVE 9,601B,TAMPINES AVE 9,TAMPINES
601C TAMPINES AVE 9,601C,TAMPINES AVE 9,TAMPINES
610C TAMPINES NTH DR 1,610C,TAMPINES NTH DR 1,TAMPINES
610A TAMPINES NTH DR 1,610A,TAMPINES NTH DR 1,TAMPINES
612B TAMPINES NTH DR 1,612B,TAMPINES NTH DR 1,TAMPINES
612A TAMPINES NTH DR 1,612A,TAMPINES NTH DR 1,TAMPINES
609D TAMPINES NTH DR 1,609D,TAMPINES NTH DR 1,TAMPINES
609C TAMPINES NTH DR 1,609C,TAMPINES NTH DR 1,TAMPINES
608C TAMPINES NTH DR 1,608C,TAMPINES NTH DR 1,TAMPINES
610B TAMPINES NTH DR 1,610B,TAMPINES NTH DR 1,TAMPINES
608A TAMPINES NTH DR 1,608A,TAMPINES NTH DR 1,TAMPINES
609A TAMPINES NTH DR 1,609A,TAMPINES NTH DR 1,TAMPINES
609B TAMPINES NTH DR 1,609B,TAMPINES NTH DR 1,TAMPINES
608B TAMPINES NTH DR 1,608B,TAMPINES NTH DR 1,TAMPINES
613B TAMPINES NTH DR 1,613B,TAMPINES NTH DR 1,TAMPINES
72 LOR 5 TOA PAYOH,72,LOR 5 TOA PAYOH,TOA PAYOH
185 TOA PAYOH CTRL,185,TOA PAYOH CTRL,TOA PAYOH
106B BIDADARI PK DR,106B,BIDADARI PK DR,TOA PAYOH
105A BIDADARI PK DR,105A,BIDADARI PK DR,TOA PAYOH
106A BIDADARI PK DR,106A,BIDADARI PK DR,TOA PAYOH
105B BIDADARI PK DR,105B,BIDADARI PK DR,TOA PAYOH
115C ALKAFF CRES,115C,ALKAFF CRES,TOA PAYOH
327 WOODLANDS ST 32,327,WOODLANDS ST 32,WOODLANDS
823 YISHUN ST 81,823,YISHUN ST 81,YISHUN
408 ANG MO KIO AVE 10,408,ANG MO KIO AVE 10,ANG MO KIO
227A ANG MO KIO ST 23,227A,ANG MO KIO ST 23,ANG MO KIO
429B BEDOK NTH RD,429B,BEDOK NTH RD,BEDOK
431A BEDOK NTH RD,431A,BEDOK NTH RD,BEDOK
430A BEDOK NTH RD,430A,BEDOK NTH RD,BEDOK
464B BT BATOK WEST AVE 8,464B,BT BATOK WEST AVE 8,BUKIT BATOK
468B BT BATOK WEST AVE 9,468B,BT BATOK WEST AVE 9,BUKIT BATOK
463B BT BATOK ST 41,463B,BT BATOK ST 41,BUKIT BATOK
463A BT BATOK ST 41,463A,BT BATOK ST 41,BUKIT BATOK
464A BT BATOK WEST AVE 8,464A,BT BATOK WEST AVE 8,BUKIT BATOK
445A CLEMENTI AVE 3,445A,CLEMENTI AVE 3,CLEMENTI
445B CLEMENTI AVE 3,445B,CLEMENTI AVE 3,CLEMENTI
115 ALJUNIED AVE 2,115,ALJUNIED AVE 2,GEYLANG
993A BUANGKOK LINK,993A,BUANGKOK LINK,HOUGANG
993B BUANGKOK LINK,993B,BUANGKOK LINK,HOUGANG
994A BUANGKOK LINK,994A,BUANGKOK LINK,HOUGANG
994B BUANGKOK LINK,994B,BUANGKOK LINK,HOUGANG
994C BUANGKOK LINK,994C,BUANGKOK LINK,HOUGANG
338 HOUGANG AVE 7,338,HOUGANG AVE 7,HOUGANG
349 JURONG EAST AVE 1,349,JURONG EAST AVE 1,JURONG EAST
114 JURONG EAST ST 13,114,JURONG EAST ST 13,JURONG EAST
405B NORTHSHORE DR,405B,NORTHSHORE DR,PUNGGOL
405A NORTHSHORE DR,405A,NORTHSHORE DR,PUNGGOL
408A NORTHSHORE DR,408A,NORTHSHORE DR,PUNGGOL
408B NORTHSHORE DR,408B,NORTHSHORE DR,PUNGGOL
408C NORTHSHORE DR,408C,NORTHSHORE DR,PUNGGOL
406B NORTHSHORE DR,406B,NORTHSHORE DR,PUNGGOL
406C NORTHSHORE DR,406C,NORTHSHORE DR,PUNGGOL
406A NORTHSHORE DR,406A,NORTHSHORE DR,PUNGGOL
409A NORTHSHORE DR,409A,NORTHSHORE DR,PUNGGOL
409C NORTHSHORE DR,409C,NORTHSHORE DR,PUNGGOL
95 DAWSON RD,95,DAWSON RD,QUEENSTOWN
78 DAWSON RD,78,DAWSON RD,QUEENSTOWN
96 DAWSON RD,96,DAWSON RD,QUEENSTOWN
102B CANBERRA ST,102B,CANBERRA ST,SEMBAWANG
103A CANBERRA ST,103A,CANBERRA ST,SEMBAWANG
103B CANBERRA ST,103B,CANBERRA ST,SEMBAWANG
126D CANBERRA ST,126D,CANBERRA ST,SEMBAWANG
126A CANBERRA ST,126A,CANBERRA ST,SEMBAWANG
126B CANBERRA ST,126B,CANBERRA ST,SEMBAWANG
355A ANCHORVALE LANE,355A,ANCHORVALE LANE,SENGKANG
356A ANCHORVALE LANE,356A,ANCHORVALE LANE,SENGKANG
356B ANCHORVALE LANE,356B,ANCHORVALE LANE,SENGKANG
457A SENGKANG WEST RD,457A,SENGKANG WEST RD,SENGKANG
613A TAMPINES NTH DR 1,613A,TAMPINES NTH DR 1,TAMPINES
876A TAMPINES AVE 8,876A,TAMPINES AVE 8,TAMPINES
614A TAMPINES NTH DR 1,614A,TAMPINES NTH DR 1,TAMPINES
614B TAMPINES NTH DR 1,614B,TAMPINES NTH DR 1,TAMPINES
875B TAMPINES ST 86,875B,TAMPINES ST 86,TAMPINES
115A ALKAFF CRES,115A,ALKAFF CRES,TOA PAYOH
118A ALKAFF CRES,118A,ALKAFF CRES,TOA PAYOH
102B BIDADARI PK DR,102B,BIDADARI PK DR,TOA PAYOH
101A BIDADARI PK DR,101A,BIDADARI PK DR,TOA PAYOH
102A BIDADARI PK DR,102A,BIDADARI PK DR,TOA PAYOH
479A YISHUN ST 42,479A,YISHUN ST 42,YISHUN
478B YISHUN ST 44,478B,YISHUN ST 44,YISHUN
478C YISHUN ST 44,478C,YISHUN ST 44,YISHUN
478A YISHUN ST 44,478A,YISHUN ST 44,YISHUN
479B YISHUN ST 42,479B,YISHUN ST 42,YISHUN
479C YISHUN ST 42,479C,YISHUN ST 42,YISHUN
532 ANG MO KIO AVE 10,532,ANG MO KIO AVE 10,ANG MO KIO
228B ANG MO KIO ST 23,228B,ANG MO KIO ST 23,ANG MO KIO
228A ANG MO KIO ST 23,228A,ANG MO KIO ST 23,ANG MO KIO
547B BEDOK NTH AVE 1,547B,BEDOK NTH AVE 1,BEDOK
154A BEDOK STH RD,154A,BEDOK STH RD,BEDOK
547A BEDOK NTH AVE 1,547A,BEDOK NTH AVE 1,BEDOK
222A BEDOK NTH DR,222A,BEDOK NTH DR,BEDOK
154B BEDOK STH RD,154B,BEDOK STH RD,BEDOK
153C BEDOK STH RD,153C,BEDOK STH RD,BEDOK
153B BEDOK STH RD,153B,BEDOK STH RD,BEDOK
153A BEDOK STH RD,153A,BEDOK STH RD,BEDOK
152C BEDOK STH RD,152C,BEDOK STH RD,BEDOK
152A BEDOK STH RD,152A,BEDOK STH RD,BEDOK
10C BEDOK STH AVE 2,10C,BEDOK STH AVE 2,BEDOK
202 BISHAN ST 23,202,BISHAN ST 23,BISHAN
468A BT BATOK WEST AVE 9,468A,BT BATOK WEST AVE 9,BUKIT BATOK
467C BT BATOK WEST AVE 9,467C,BT BATOK WEST AVE 9,BUKIT BATOK
467A BT BATOK WEST AVE 9,467A,BT BATOK WEST AVE 9,BUKIT BATOK
467B BT BATOK WEST AVE 9,467B,BT BATOK WEST AVE 9,BUKIT BATOK
134 PETIR RD,134,PETIR RD,BUKIT PANJANG
153 JLN TECK WHYE,153,JLN TECK WHYE,CHOA CHU KANG
464B CLEMENTI AVE 1,464B,CLEMENTI AVE 1,CLEMENTI
377A HOUGANG ST 32,377A,HOUGANG ST 32,HOUGANG
377B HOUGANG ST 32,377B,HOUGANG ST 32,HOUGANG
421A NORTHSHORE DR,421A,NORTHSHORE DR,PUNGGOL
421B NORTHSHORE DR,421B,NORTHSHORE DR,PUNGGOL
419B NORTHSHORE DR,419B,NORTHSHORE DR,PUNGGOL
421C NORTHSHORE DR,421C,NORTHSHORE DR,PUNGGOL
419C NORTHSHORE DR,419C,NORTHSHORE DR,PUNGGOL
409B NORTHSHORE DR,409B,NORTHSHORE DR,PUNGGOL
409D NORTHSHORE DR,409D,NORTHSHORE DR,PUNGGOL
413C NORTHSHORE DR,413C,NORTHSHORE DR,PUNGGOL
419A NORTHSHORE DR,419A,NORTHSHORE DR,PUNGGOL
422A NORTHSHORE DR,422A,NORTHSHORE DR,PUNGGOL
415B NORTHSHORE DR,415B,NORTHSHORE DR,PUNGGOL
415A NORTHSHORE DR,415A,NORTHSHORE DR,PUNGGOL
415C NORTHSHORE DR,415C,NORTHSHORE DR,PUNGGOL
422B NORTHSHORE DR,422B,NORTHSHORE DR,PUNGGOL
415D NORTHSHORE DR,415D,NORTHSHORE DR,PUNGGOL
420B NORTHSHORE DR,420B,NORTHSHORE DR,PUNGGOL
420A NORTHSHORE DR,420A,NORTHSHORE DR,PUNGGOL
420C NORTHSHORE DR,420C,NORTHSHORE DR,PUNGGOL
228B PUNGGOL FIELD,228B,PUNGGOL FIELD,PUNGGOL
228A PUNGGOL FIELD,228A,PUNGGOL FIELD,PUNGGOL
229A SUMANG LANE,229A,SUMANG LANE,PUNGGOL
35 MARGARET DR,35,MARGARET DR,QUEENSTOWN
94 DAWSON RD,94,DAWSON RD,QUEENSTOWN
31 MARGARET DR,31,MARGARET DR,QUEENSTOWN
40A MARGARET DR,40A,MARGARET DR,QUEENSTOWN
40B MARGARET DR,40B,MARGARET DR,QUEENSTOWN
41A MARGARET DR,41A,MARGARET DR,QUEENSTOWN
30 MARGARET DR,30,MARGARET DR,QUEENSTOWN
39A MARGARET DR,39A,MARGARET DR,QUEENSTOWN
109D CANBERRA WALK,109D,CANBERRA WALK,SEMBAWANG
621B TAMPINES ST 61,621B,TAMPINES ST 61,TAMPINES
621A TAMPINES ST 61,621A,TAMPINES ST 61,TAMPINES
627A TAMPINES ST 61,627A,TAMPINES ST 61,TAMPINES
622B TAMPINES AVE 12,622B,TAMPINES AVE 12,TAMPINES
622A TAMPINES AVE 12,622A,TAMPINES AVE 12,TAMPINES
876C TAMPINES AVE 8,876C,TAMPINES AVE 8,TAMPINES
619B TAMPINES ST 61,619B,TAMPINES ST 61,TAMPINES
618B TAMPINES ST 61,618B,TAMPINES ST 61,TAMPINES
619A TAMPINES ST 61,619A,TAMPINES ST 61,TAMPINES
620A TAMPINES ST 61,620A,TAMPINES ST 61,TAMPINES
618A TAMPINES ST 61,618A,TAMPINES ST 61,TAMPINES
620B TAMPINES ST 61,620B,TAMPINES ST 61,TAMPINES
627B TAMPINES ST 61,627B,TAMPINES ST 61,TAMPINES
626A TAMPINES ST 61,626A,TAMPINES ST 61,TAMPINES
874B TAMPINES ST 85,874B,TAMPINES ST 85,TAMPINES
874C TAMPINES ST 85,874C,TAMPINES ST 85,TAMPINES
874D TAMPINES ST 85,874D,TAMPINES ST 85,TAMPINES
114A ALKAFF CRES,114A,ALKAFF CRES,TOA PAYOH
113A ALKAFF CRES,113A,ALKAFF CRES,TOA PAYOH
114B ALKAFF CRES,114B,ALKAFF CRES,TOA PAYOH
112B ALKAFF CRES,112B,ALKAFF CRES,TOA PAYOH
103B BIDADARI PK DR,103B,BIDADARI PK DR,TOA PAYOH
103A BIDADARI PK DR,103A,BIDADARI PK DR,TOA PAYOH
104A BIDADARI PK DR,104A,BIDADARI PK DR,TOA PAYOH
107A BIDADARI PK DR,107A,BIDADARI PK DR,TOA PAYOH
111A ALKAFF CRES,111A,ALKAFF CRES,TOA PAYOH
112A ALKAFF CRES,112A,ALKAFF CRES,TOA PAYOH
111B ALKAFF CRES,111B,ALKAFF CRES,TOA PAYOH
110A BIDADARI PK DR,110A,BIDADARI PK DR,TOA PAYOH
107B BIDADARI PK DR,107B,BIDADARI PK DR,TOA PAYOH
110B BIDADARI PK DR,110B,BIDADARI PK DR,TOA PAYOH
